internal_id,Award ID,Recipient Name,Start Date,End Date,Award Amount,Awarding Agency,Awarding Sub Agency,CFDA Number,Description,Place of Performance State Code,Place of Performance City Code,awarding_agency_id,agency_slug,generated_internal_id,active_during_fy2024
231635732,15POVC23GK00905HT,"ICF INCORPORATED, L.L.C.",2023-10-01,2026-09-30,2999942.0,Department of Justice,Office of Justice Programs,16.320,"HUMAN TRAFFICKING (HT) IS A PROBLEM THAT REQUIRES A STRATEGIC, ORGANIZED, AND SUSTAINED COLLABORATIVE, MULTIDISCIPLINARY APPROACH. THE ICF-PROJECT ROADMAP (ICF-PRM) TEAM WILL MENTOR AND ASSIST CURRENT AND FUTURE OVC-FUNDED TFS ON THE CORE ELEMENTS OF A HIGH-FUNCTIONING TF WITH NATIONALLY RECOGNIZED PARTNERS AND ADVISORS THAT REPRESENT ALL DISCIPLINES OF AN ECM-TF. 

TO ACCOMPLISH THIS, ICF-PR WILL ASSESS STRENGTHS AND CHALLENGES FACED BY OVC HT ECM TF GRANTEES AND PROVIDE HT ECM TFS WITH WELL-MATCHED PEER LIAISONS THROUGH OUR TASK FORCE LIAISONS (TFLS). WE WILL USE THE ACCUMULATED TOOLS AND EXPERIENCES OF ICF, FEDERAL AGENCIES, OTHER TTA PROVIDERS AND THE FIELD TO STRENGTHEN AND SOLIDIFY TF OPERATIONS BY LEADING IN-PERSON AND VIRTUAL MEETINGS, TRAININGS, AND CONVENINGS.

CORE ELEMENTS OF THE PROJECT WILL INCLUDE: (1) A CADRE OF VETTED TFLS, WORKING GROUPS, SPECIAL ADVISORS, AND PARTNERS WHO HAVE DEMONSTRATED EXPERIENCE IN LAW ENFORCEMENT, PROSECUTION, AND CROSS-SYSTEM MULTIDISCIPLINARY COLLABORATIVE STRATEGIES, RETHINKING ALTERNATIVES TO JUSTICE, INCREASING LABOR TRAFFICKING RESPONSES AND CENTERING ALL WORK WITH AN EQUITY LENS TO PROVIDE SUSTAINED COACHING TO ECM TFS OVER THE AWARD PERIOD, (2) SITE ASSESSMENTS TO HELP SUPPORT SUCCESSFUL GRANT ADMINISTRATION AND PROGRAM OUTCOMES, (3) CONVENING OF WORKING GROUPS, PARTNERS AND FIELD COACHING TO IDENTIFY GAPS AND EMERGING ISSUES AS WELL AS PINPOINT TTA SOLUTIONS, (4) REAL TIME TTA DELIVERED WITH PEER-TO-PEER SUPPORT AND A DIVERSE GROUP OF THOUGHT LEADERS AND INNOVATORS TO ASSIST IN TA AVAILABLE TO ALL ECM TFS AND LASTLY, (5) DEVELOPMENT AND DELIVERY OF TOOLS AND RELATED MATERIALS TO SUPPORT CONTINUED LEARNING AND KNOWLEDGE EXPANSION SURROUNDING EVIDENCE-BASED PRACTICES.",VA,VA66672,252,department-of-justice,ASST_NON_15POVC23GK00905HT_015,True
231634693,15POVC21GK02595HT,"ICF INCORPORATED, L.L.C.",2021-10-01,2025-09-30,2997522.03,Department of Justice,Office of Justice Programs,16.320,"HUMAN TRAFFICKING (HT) IS A PROBLEM THAT MUST BE ADDRESSED BY SUPPORTING ROBUST TRAINING AND TECHNICAL ASSISTANCE (TTA) TO GRANTEE SERVICE PROVIDERS (GSPS) WHO ARE DEVELOPING, STRENGTHENING, OR EXPANDING PROGRAMS FOR VICTIMS OF HT, AS DEFINED BY THE TRAFFICKING VICTIMS PROTECTION ACT (TVPA) OF 2000. CF PROPOSES USING AN INCLUSIVE, ADAPTIVE TTA FRAMEWORK TO STRENGTHEN AND EXPAND THE SKILLS, EXPERTISE, AND CAPACITY OF HT GSPS. ICF WILL SUPPORT OVC’S HT GSPS AND THEIR PARTNERS IN MEETING AWARD GOALS AND OBJECTIVES AND PROVIDE PRACTITIONER-DRIVEN, EVIDENCE-BASED TTA ON DELIVERING TRAUMA-INFORMED SERVICES TO VICTIMS ACROSS THE COUNTRY AND U.S. TERRITORIES. ICF WILL ACCOMPLISH THIS BY ESTABLISHING OVC’S HUMAN TRAFFICKING COLLECTIVE (HTC). HTC WILL WORK CLOSELY WITH OVC, FEDERAL HT TTA PROVIDERS, AND KEY STAKEHOLDERS TO ADDRESS THE NEEDS OF GRANTEES AND THE BROADER ANTITRAFFICKING FIELD. HTC WILL DELIVER IN-DEPTH, PROACTIVE, AND TAILORED SUPPORT TO OVC GRANTEES THAT PROVIDE DIRECT SERVICES TO VICTIMS OF HT. HTC WILL: (1) PROVIDE TTA TO OVC GRANTEES IMPLEMENTING HT VICTIM SERVICE AWARDS, (2) DELIVER INTENSIVE PROACTIVE AND RESPONSIVE SUPPORT TO OVC GRANTEES IN THE FIRST YEAR OF THEIR NEW VICTIM SERVICE AWARDS, AND (3) PROVIDE ONGOING SUPPORT FOR GRANTEES IMPLEMENTING EXISTING AWARDS.",VA,VA66672,252,department-of-justice,ASST_NON_15POVC21GK02595HT_015,True
234950417,2020VTBXK002,INTERNATIONAL ASSOCIATION OF CHIEFS OF POLICE,2020-10-01,2024-09-30,2500000.0,Department of Justice,Office of Justice Programs,16.320,IACP HUMAN TRAFFICKING TRAINING AND TECHNICAL ASSISTANCE,VA,VA01000,252,department-of-justice,ASST_NON_2020VTBXK002_015,True
231635734,15POVC23GK00929HT,COALITION TO ABOLISH SLAVERY & TRAFFICKING,2023-10-01,2027-06-30,2000000.0,Department of Justice,Office of Justice Programs,16.320,"HUMAN TRAFFICKING VICTIMS HAVE COMPLEX LEGAL NEEDS BUT DUE TO A LACK IN IDENTIFICATION, MANY CANNOT ACCESS THE FULL SPECTRUM OF LEGAL RELIEF AVAILABLE TO THEM. EVEN WHEN VICTIMS ARE IDENTIFIED, THE DEMAND FOR LEGAL SERVICES OUTPACES THE NUMBER OF LEGAL PROVIDERS IN THE COUNTRY WHO ARE ADEQUATELY TRAINED IN TRAUMA-INFORMED AND RACIALLY EQUITABLE SERVICES. AS A RESULT, LEGAL SERVICES ARE AN UNMET NEED OF TRAFFICKING VICTIMS AND COMPRESSED TRAINING ON THE LEGAL NEEDS OF AND ETHICAL PROVISION SERVICES TO TRAFFICKING VICTIMS IS IN HIGH DEMAND. 

THROUGH ITS EXPERT LEGAL AND SOCIAL SERVICES STAFF, THE COALITION TO ABOLISH SLAVERY AND TRAFFICKING (CAST) PROPOSES TO CONTINUE ITS COMPREHENSIVE, NATIONAL, ACCESSIBLE AND INCLUSIVE TRAINING AND TECHNICAL ASSISTANCE (TTA) PROJECT TO STRENGTHEN LEGAL SERVICE PROVIDERS, PRO BONO ATTORNEYS, AND SOCIAL SERVICE PROVIDERS CAPACITY TO IDENTIFY AND PROVIDE COMPREHENSIVE LEGAL SERVICES TO VICTIMS OF HUMAN TRAFFICKING THROUGH A TRAUMA-INFORMED AND RACE EQUITY LENS. IN PARTNERSHIP WITH THE OFFICE FOR VICTIMS OF CRIME, CAST WILL BUILD ON OVER 15 YEARS OF PROVIDING TTA TO DEEPEN AND EXPAND ITS NATIONAL TTA EFFORTS TO INCREASE TRAFFICKING VICTIMS ACCESS TO QUALITY COMPREHENSIVE LEGAL SERVICES. ADDITIONALLY, CAST WILL LEVERAGE COLLABORATION WITH MANY NATIONAL PARTNERS LIKE FREEDOM NETWORK USAS SURVIVOR REENTRY PROJECT TO PROVIDE COMPREHENSIVE TTA.

THE PROJECT WILL PROVIDE COMPREHENSIVE LIVE AND ON-DEMAND TRAINING TO LEGAL AND SOCIAL SERVICE PROVIDERS INCLUDING ANTI-TRAFFICKING LAWYERING TRAINING MODULE 2, INTENSIVE T VISA DECLARATION WORKSHOPS, AND VICTIMS RIGHTS ADVOCACY FOR SOCIAL SERVICE PROVIDERS, AS WELL AS SELF-PACED ONLINE TRAINING TO MANY MORE ATTORNEYS AND SOCIAL SERVICE PROVIDERS NATIONALLY THROUGH AN ADVANCED LEARNING MANAGEMENT SYSTEM FOR ASYNCHRONOUS AND SYNCHRONOUS LEARNING. CAST WILL ALSO CONTINUE TO PROVIDE INDIVIDUAL TECHNICAL ASSISTANCE TO 40 LEGAL AND SOCIAL SERVICE PROFESSIONALS A MONTH, AS WELL AS WEEKLY LEGAL WORKING GROUP CALLS AND MONTHLY OFFICE HOURS FOR SOCIAL SERVICE PROVIDERS. CAST WILL SUBGRANT TO FREEDOM NETWORK USA TO SUPPORT TTA ON CRIMINAL RECORD RELIEF, AND TO THE NATIONAL CRIME VICTIMS LAW INSTITUTE WHO WILL SUPPORTTTA ON CRIME VICTIMS RIGHTS. WHILE TARGETED BENEFICIARIES ARE LEGAL AND SOCIAL SERVICE PROVIDERS, ANYONE INTERESTED IN INCREASING KNOWLEDGE IN THIS AREA WILL BE ABLE TO ACCESS THE CAST TTA WEBSITE FOR MATERIALS ON POPULAR TOPICS.

THROUGH THIS PROJECT, CAST WILL HAVE THE OPPORTUNITY TO CONTINUE TO TRANSFORM THE LANDSCAPE OF TRAINED LEGAL SERVICE PROVIDERS ASSISTING VICTIMS OF HUMAN TRAFFICKING AND TO VASTLY IMPROVE VICTIMS LIVES.",CA,CA44000,252,department-of-justice,ASST_NON_15POVC23GK00929HT_015,True
231635787,15POVC23GK04059HT,FREEDOM NETWORK USA,2023-10-01,2027-09-30,1999999.0,Department of Justice,Office of Justice Programs,16.320,"THROUGH THE HOUSING TTA PROJECT, FREEDOM NETWORK USA WILL PROVIDE TRAINING AND TECHNICAL ASSISTANCE (TTA) TO VICTIM SERVICE AND HOUSING PROVIDERS (INCLUDING OVC HOUSING GRANTEES) ON HOUSING OPTIONS AVAILABLE TO SURVIVORS OF TRAFFICKING AND SUPPORT TO IMPLEMENT LOW-BARRIER, TRAUMA-INFORMED, VICTIM-CENTERED, CULTURALLY-RESPONSIVE HOUSING POLICIES AND PRACTICES THAT PRIORITIZE THE AUTONOMY AND PROTECT SURVIVORS CONFIDENTIALITY AND SAFETY. THE PROJECT WILL FACILITATE COLLABORATION AMONG ANTI-TRAFFICKING SERVICE PROVIDERS, COMMUNITY PARTNERS, AND OTHER STAKEHOLDERS TO ENHANCE IDENTIFICATION, REFERRALS, HOUSING ACCESSIBILITY AND SECURITY, AND SERVICE DELIVERY.",DC,DC50000,252,department-of-justice,ASST_NON_15POVC23GK04059HT_015,True
234950153,2020VMBX0008,DEPARTMENT OF CRIMINAL JUSTICE SERVICES VIRGINIA,2021-01-01,2023-12-31,1633437.2,Department of Justice,Office of Justice Programs,16.320,ASSISTANCE PROGRAMS FOR MINOR VICTIMS OF SEX TRAFFICKING,VA,VA67000,252,department-of-justice,ASST_NON_2020VMBX0008_015,True
234950418,2020VTBXK003,"ICF INCORPORATED, L.L.C.",2020-10-01,2024-09-30,1495003.73,Department of Justice,Office of Justice Programs,16.320,HUMAN TRAFFICKING TRAINING AND TECHNICAL ASSISTANCE PROGRAM: CATEGORY 1: ECM TASK FORCES: CAPACITY BUILDING AND IMPLEMENTATION,VA,VA66672,252,department-of-justice,ASST_NON_2020VTBXK003_015,True
234946850,2020MUMU0024,NEBRASKA DEPARTMENT OF HEALTH & HUMAN SERVICES,2020-10-01,2024-09-30,1466796.56,Department of Justice,Office of Justice Programs,16.320,NEBRASKA SUPPORT FOR YOUTH VICTIMS OF HUMAN TRAFFICKING,NE,NE28000,252,department-of-justice,ASST_NON_2020MUMU0024_015,True
231635680,15POVC23GG04053HT,NORTH COUNTY LIFELINE,2023-10-01,2026-09-30,1200000.0,Department of Justice,Office of Justice Programs,16.320,"NORTH COUNTY LIFELINES PROJECT LIFE HOUSING ASSISTANCE PROGRAM WILL PROVIDE UP TO 24 MONTHS OF TRANSITIONAL HOUSING FOR ANY VICTIM OF HUMAN TRAFFICKING IN SAN DIEGO COUNTY, CALIFORNIA REGARDLESS OF AGE, GENDER, SEXUAL ORIENTATION, TRAFFICKING TYPE, OR PARENTING STATUS. THE PROGRAM UTILIZES A HOUSING FIRST MODEL. THE REQUESTED FUNDING WILL ALLOW LIFELINE TO EXPAND SERVICES BY ADDING MORE HOUSING UNITS, TWO SPECIALIZED STAFF AND A NEW SUBCONTRACTOR, SERVING APPROXIMATELY 100 VICTIMS OF SEX AND/OR LABOR TRAFFICKING OVER THE AWARD PERIOD. IN ADDITION TO HOUSING, CLIENTS MAY ELECT TO PARTICIPATE IN SUPPORTIVE SERVICES INCLUDING, BUT NOT LIMITED TO ONGOING CASE MANAGEMENT, MEDICAL AND DENTAL CARE, LEGAL ASSISTANCE, LITERACY/GED/EDUCATION ASSISTANCE, LGBTQ SERVICES, SUBSTANCE ABUSE TREATMENT, TRAUMA COUNSELING, LIFE SKILL TRAINING, AND EMPLOYMENT AND FINANCIAL COACHING. LIFELINE WILL ALSO PROVIDE AWARENESS TRAININGS FOR AN ESTIMATED 750 PROFESSIONALS AND COMMUNITY MEMBERS WHO MAY ENCOUNTER VICTIMS THROUGH THEIR LINE OF WORK. LIFELINE WILL PARTNER WITH ADULTING HIGHWAY, WHO WILL PROVIDE ADULTING LESSONS TO PROGRAM PARTICIPANTS TO MAXIMIZE THEIR ABILITY TO BE SUCCESSFUL ONCE THEY TRANSITION TO PERMANENT HOUSING.",CA,CA82996,252,department-of-justice,ASST_NON_15POVC23GG04053HT_015,True
231635679,15POVC23GG04052HT,"INTERNATIONAL RESCUE COMMITTEE, INC.",2023-10-01,2027-03-31,1200000.0,Department of Justice,Office of Justice Programs,16.320,"THE INTERNATIONAL RESCUE COMMITTEE, INC IN PHOENIX (IRC PHOENIX) WILL PROVIDE HOUSING SERVICES TO FOREIGN BORN AND US CITIZEN VICTIMS OF TRAFFICKING THROUGHOUT MARICOPA COUNTY, WITH A FOCUS ON THE PHOENIX METRO AREA. THE IRC PHOENIXS ANTI-TRAFFICKING PROGRAM HAS A HISTORY OF PROMOTING RACIAL EQUITY, REMOVING BARRIERS TO SERVICES, AND PROVIDING OPPORTUNITIES FOR POPULATIONS THAT HAVE BEEN HISTORICALLY UNDERSERVED, MARGINALIZED, AND ADVERSELY AFFECTED BY INEQUALITY. THIS PROJECT WILL ALSO ADDRESS LACK OF SERVICES IN GENERAL, LACK OF CULTURALLY AND LINGUISTICALLY APPROPRIATE SERVICES, AND LACK OF SERVICES THAT FACTOR IN THE UNDERSTANDING AND NEEDS OF SERVICES FOR SURVIVORS, ESPECIALLY FOREIGN NATIONAL SURVIVORS, AND LABOR TRAFFICKING SURVIVORS. THE IRC ANTI-TRAFFICKING PROGRAM WILL OPERATE A SPECIALIZED HOUSING PROGRAM FOR TRAFFICKING VICTIMS IN PARTNERSHIP WITH LOCAL SERVICE PROVIDER PARTNERS (PHOENIX DREAM CENTER (PDC), A NEW LEAF (ANL), NEW LIFE CENTER (NLC),CHRYSALIS SHELTER, SOJOURNER CENTER, AND OTHERS) THAT WILL IMPLEMENT COLLABORATIVE, COORDINATED, AND COMPREHENSIVE ACTIVITIES TO PROVIDE TRAFFICKING SURVIVORS WITH SAFE, STABLE HOUSING AND APPROPRIATE TRAUMA-INFORMED, VICTIM-CENTERED, AND CULTURALLY RESPONSIVE SERVICES IN MARICOPA COUNTY. THE PROJECT WILL SERVE 45 SURVIVORS OF HUMAN TRAFFICKING AND THEIR HOUSEHOLDS ACROSS THE 36-MONTH GRANT PERIOD FOR A MINIMUM OF 3 MONTHS AND MAXIMUM OF 12 MONTHS (UNLESS THEY WANT EXTENDED SERVICES BEYOND 12 MONTHS) AND WILL TARGET UNDERSERVED COMMUNITIES INCLUDING LABOR TRAFFICKING SURVIVORS AND FOREIGN NATIONAL SURVIVORS. HOUSING INTERVENTIONS WILL BE AVAILABLE TO ALL TRAFFICKING SURVIVORS BUT WILL SPECIFICALLY FOCUS ON ADDRESSING THE GAP IN HOUSING SERVICES FOR LABOR TRAFFICKING, MALE, LGBTQ, AND FOREIGN-NATIONAL SURVIVORS. THE HOUSING NAVIGATOR WILL WORK WITH SURVIVORS TO GET CONNECTED TO STABLE AND SAFE HOUSING PLACEMENTS, OFFER ADVOCACY SERVICES IN CONNECTION TO HOUSING NEEDS AND ADDITIONAL SUPPORT.",AZ,AZ27820,252,department-of-justice,ASST_NON_15POVC23GG04052HT_015,True
231635678,15POVC23GG04051HT,"TURNING POINT, INC.",2023-10-01,2026-09-30,1200000.0,Department of Justice,Office of Justice Programs,16.320,"TURNING POINT WILL EXPAND ITS CAPACITY TO SERVE SURVIVORS OF SEX AND LABOR TRAFFICKING IN MACOMB COUNTY-METRO DETROIT, MICHIGAN BY PROVIDING SAFE, STABLE HOUSING AND AN ARRAY OF SUPPORTIVE SERVICES THAT ARE TRAUMA-INFORMED, VICTIM-CENTERED, AND CULTURALLY RESPONSIVE. TURNING POINT WILL ENGAGE WITH EXISTING AND NEW COMMUNITY PARTNERS TO STRENGTHEN THEIR CAPACITY TO IDENTIFY AND SERVE TRAFFICKING SURVIVORS, LEADING TO INCREASED AUTONOMY, SELF-SUFFICIENCY, SAFETY, AND WELL-BEING. EMERGENCY SHELTER, RAPID RE-HOUSING, AND RENTAL ASSISTANCE. SUPPORTIVE SERVICES WILL ALSO BE PROVIDED BY TURNING POINT, INCLUDING CASE MANAGEMENT, ADVOCACY, MENTAL HEALTH COUNSELING, FORENSIC NURSE EXAMINERS, AND A HOUSING NAVIGATOR. TURNING POINT WILL ENHANCE ITS TRAINING PROVIDED TO COMMUNITY PARTNERS AND OTHER ORGANIZATIONS ON SEX AND LABOR TRAFFICKING AWARENESS AND IDENTIFYING AND ADDRESSING THEIR NEEDS. TURNING POINTS ESTABLISHED COMMUNITY PARTNERS WILL PROVIDE SURVIVORS WITH FREE LEGAL REPRESENTATION, MENTAL HEALTH CRISIS SERVICES, HEALTH CARE, JOB-SEEKING SKILLS, AND ACADEMIC AND CAREER COUNSELING.",MI,MI55820,252,department-of-justice,ASST_NON_15POVC23GG04051HT_015,True
231635669,15POVC23GG04042HT,YOUNG MEN'S CHRISTIAN ASSOCIATION OF THE NORTH,2023-10-01,2026-09-30,1200000.0,Department of Justice,Office of Justice Programs,16.320,"THE YMCA OF THE NORTH WILL PROVIDE RAPID REHOUSING SERVICES FOR VICTIMS OF HUMAN TRAFFICKING ACROSS THE TWIN CITIES (MINNEAPOLIS/ST. PAUL) 7-COUNTY METROPOLITAN AREA IN MINNESOTA, INCLUDING ANOKA, CARVER, DAKOTA, HENNEPIN, RAMSEY, SCOTT, AND WASHINGTON COUNTIES. THE PURPOSE OF THE PROJECT IS TO INCREASE AND ENHANCE CAPACITY TO IMPLEMENT A COLLABORATIVE, COORDINATED, AND COMPREHENSIVE HOUSING MODEL THAT PROVIDES TRAFFICKING SURVIVORS WITH SAFE, STABLE HOUSING AND APPROPRIATE TRAUMA-INFORMED, VICTIM-CENTERED, AND CULTURALLY RESPONSIVE SERVICES. THE PROPOSED EXPANSION WILL: 1) DELIVER AND EXPAND HOUSING INTERVENTIONS AND COMPREHENSIVE SUPPORT SERVICES FOR VICTIMS OF HUMAN TRAFFICKING BY ADDING 2.5 FTE HOUSING NAVIGATORS , 2) PROVIDE OUTREACH EFFORTS TO INCREASE IDENTIFICATION OF HUMAN TRAFFICKING AND REDUCE WAITLISTS, 3) DELIVER TRAINING FOR SERVICE PROVIDERS AND COMMUNITY PARTNERS, AND 4) IMPLEMENT HOUSING POLICIES THAT INCORPORATE LOW-BARRIER, VICTIM-CENTERED, TRAUMA-INFORMED, AND COLLABORATIVE APPROACHES. THE PROGRAM SERVES YOUNG PEOPLE AGED 18 THROUGH 28 IN THE TWIN CITIES WHO HAVE EXPERIENCED TRAFFICKING AND ARE CURRENTLY EXPERIENCING HOMELESSNESS, FACING EVICTION, OR LIVING IN UNSAFE HOUSING. YOUNG PEOPLE SERVED THROUGH THE PROGRAM ARE DISPROPORTIONATELY PEOPLE OF COLOR, INCLUDING YOUTH WHO ARE VERY LOW INCOME, ARE PARENTING, AND/OR IDENTIFY AS LGBTQ2+.",MN,MN43000,252,department-of-justice,ASST_NON_15POVC23GG04042HT_015,True
231635668,15POVC23GG04041HT,CALL TO FREEDOM INC,2023-10-01,2027-09-30,1200000.0,Department of Justice,Office of Justice Programs,16.320,"CALL TO FREEDOM 'S (CTF) WILL PROVIDE HUMAN TRAFFICKING SURVIVORS THROUGHOUT SOUTH DAKOTA WITH SAFE, STABLE HOUSING AND APPROPRIATE TRAUMA-INFORMED, VICTIM-CENTERED, AND CULTURALLY RESPONSIVE SERVICES. CTF UTILIZES A SCATTERED-SITE TRANSITIONAL HOUSING MODEL AND COUPLES HOUSING WITH COMPREHENSIVE SUPPORTIVE SERVICES. THROUGH THIS PROJECT, CTF WILL ENGAGE WITH APPROPRIATE LOCAL, STATEWIDE, AND FEDERAL PARTNERS TO ADDRESS THE NEEDS OF VICTIMS OF HUMAN TRAFFICKING.",SD,SD59020,252,department-of-justice,ASST_NON_15POVC23GG04041HT_015,True
231635667,15POVC23GG04040HT,"VICTIMS INFORMATION BUREAU OF SUFFOLK, INC",2023-10-01,2027-09-30,1200000.0,Department of Justice,Office of Justice Programs,16.320,"ECLI-VIBES (FORMERLY VICTIMS INFORMATION BUREAU OF SUFFOLK) WILL MEET THE NEEDS OF TRAFFICKING VICTIMS IN SUFFOLK COUNTY, NEW YORK BY ASSISTING THEM WITH HOUSING, PROVIDING COMPREHENSIVE FOLLOW-UP SERVICES, AND WORKING WITH LOCAL PARTNERS TO BETTER IDENTIFY AND SERVE THESE INDIVIDUALS. ECLI-VIBES WILL ALSO DEVELOP SUSTAINABLE MODELS FOR MEETING THE HOUSING NEEDS WITHIN AND BEYOND THE AGENCY, AS WELL AS MEASURING PROGRESS TOWARD THESE GOALS. THE PROJECT IS ESPECIALLY TAILORED TO EXPAND SERVICES TO SPANISH-SPEAKING AND/OR LABOR TRAFFICKING SURVIVORS.",NY,NY37840,252,department-of-justice,ASST_NON_15POVC23GG04040HT_015,True
231635176,15POVC22GK03286HT,FREEDOM NETWORK USA,2022-10-01,2026-09-30,1200000.0,Department of Justice,Office of Justice Programs,16.320,"SURVIVORS OF HUMAN TRAFFICKING HAVE DIVERSE NEEDS AND RECEIVE ASSISTANCE FROM A WIDE ARRAY OF ORGANIZATIONS THAT LAND ON A CONTINUUM OF EXPERIENCE, EXPERTISE AND SERVICES FOCUS. PROGRAMS ALSO VARY IN THE UNDERLYING PHILOSOPHY OF SERVICES AND MODELS OF PRACTICE. ORGANIZATIONS ENGAGE IN PRACTICES THAT MAY UNINTENTIONALLY RE-TRAUMATIZE TRAFFICKING SURVIVORS. FNUSA WILL ADDRESS THESE CHALLENGES THROUGH THE DEVELOPMENT OF COMPREHENSIVE, TRAUMA-INFORMED STANDARDS OF CARE (SOC) THAT ARE SPECIFIC TO THE NEEDS OF SURVIVORS OF HUMAN TRAFFICKING. FNUSA WILL ESTABLISH A TECHNICAL WORKING GROUP INCLUSIVE OF DIVERSE IDENTITIES, ESPECIALLY THOSE OF UNDERSERVED COMMUNITIES, COMMUNITIES OF COLOR, LGBTQ+, AND PEOPLE WITH DISABILITIES. THE PROJECT WILL  LEVERAGE EXISTING RESOURCES, INCLUDING THE OFFICE FOR VICTIMS OF CRIME’S (OVC) ACHIEVING EXCELLENCE: MODEL STANDARDS FOR SERVING VICTIMS & SURVIVORS OF CRIME (MODEL STANDARDS) TO SERVE AS A FOUNDATION FOR THE SOC.

FNUSA, TOGETHER WITH THE TECHNICAL WORKING GROUP (TWG), WILL ACHIEVE THE FOLLOWING GOALS WITHIN 36 MONTHS: 

GOALS

1. OBTAIN STAKEHOLDER AND SURVIVOR ENGAGEMENT TO ESTABLISH CORE STANDARDS FOR SERVICE DELIVERY AND ASSISTANCE TO INDIVIDUALS WHO HAVE EXPERIENCED TRAFFICKING.

2. PROMOTE QUALITY AND CONSISTENCY IN SERVICE DELIVERY.

3. DEFINE LEGAL RESPONSIBILITY OF GRANT-FUNDED RECIPIENTS UNDER FEDERAL CIVIL RIGHTS STATUTES.

4. PROVIDE CONCRETE GUIDANCE ON HOW STANDARDS SHOULD BE REFLECTED IN SERVICE DELIVERY PRACTICES, PROTOCOLS, AND PROCEDURES.

5. FACILITATE CONTINUOUS ASSESSMENT OF THE DEVELOPMENT AND APPLICATION OF STANDARDS, INCLUDING THROUGH WORKING WITH AN EXTERNAL EVALUATOR TO BE IDENTIFIED BY OVC AND OTIP.",DC,DC50000,252,department-of-justice,ASST_NON_15POVC22GK03286HT_015,True
231635676,15POVC23GG04049HT,COALITION TO ABOLISH SLAVERY & TRAFFICKING,2023-10-01,2026-09-30,1199871.0,Department of Justice,Office of Justice Programs,16.320,"THE COALITION TO ABOLISH SLAVERY TRAFFICKING (CAST) WILL PROVIDE SAFE AND STABLE HOUSING TO 25 VICTIMS OF HUMAN TRAFFICKING WHO RESIDE IN LA COUNTY IN CALIFORNIA, ALONGSIDE TRAUMA-INFORMED, VICTIM-CENTERED SERVICES. SERVICES OFFERED WILL INCLUDE EMERGENCY SHELTER AND SHORT-TERM RAPID REHOUSING, COUPLED WITH VOLUNTARY SUPPORT SERVICES AND FOLLOW UP. KEY ACTIVITIES INCLUDE BUILDING OUT CASTS STAFF TO ENSURE THE EFFICACY AND SUSTAINABILITY OF THE RAPID REHOUSING PROGRAM, PROVIDING SECURITY AT THE EMERGENCY SHELTER, AND ENSURING THAT AMPLE RESOURCES ARE AVAILABLE TO PROVIDE RENTAL ASSISTANCE TO VICTIMS. UPON EXIT FROM CAST, WE ANTICIPATE THAT 90% OF CLIENTS WILL HAVE ACCESS TO SAFE, PERMANENT HOUSING. CASTS HOUSING PROGRAMS SERVE ADULT VICTIMS OF ALL FORMS OF HUMAN TRAFFICKING (SEX AND LABOR)  NO MATTER THEIR ABILITY, ETHNICITY, RELIGION OR NATIONALITY  WITH THE EMERGENCY SHELTER SERVING FEMALE-IDENTIFYING VICTIMS AND THE RAPID REHOUSING PROGRAM SERVING VICTIMS REGARDLESS OF GENDER (AND CAN ACCOMMODATE FAMILIES).",CA,CA44000,252,department-of-justice,ASST_NON_15POVC23GG04049HT_015,True
231635677,15POVC23GG04050HT,"INTERNATIONAL RESCUE COMMITTEE, INC",2023-10-01,2026-09-30,1199723.0,Department of Justice,Office of Justice Programs,16.320,"THE INTERNATIONAL RESCUE COMMITTEE, INC. IN TURLOCK (IRC), IN PARTNERSHIP WITH THE ALLIANCE FOR COMMUNITY TRANSFORMATIONS (AFCT),WILL PROVIDE HOUSING ASSISTANCE AND OPTIONAL CASE MANAGEMENT SERVICES FOR 50 VICTIMS OF LABOR, SEX, AND OTHER FORMS OF HUMAN TRAFFICKING IN CALIFORNIAS CENTRAL VALLEY. TARGET COUNTIES WILL BE THE RURAL AND PARTIALLY RURAL COUNTIES OF STANISLAUS, MERCED, MARIPOSA, TUOLUMNE, AND MONO. FUNDING WILL OFFER SURVIVORS NEW PATHWAYS TO HOUSING, WITH OPTIONS TO WORK TOWARDS ECONOMIC INDEPENDENCE, HEALTH, SAFETY, AND INTEGRATION IN THEIR COMMUNITIES OF CHOICE. IRC TURLOCK WILL APPOINT A FULL-TIME HOUSING NAVIGATOR TO WORK DIRECTLY WITH CLIENTS, AND ESTABLISH AND TRAIN COMMUNITY STAKEHOLDERS IN DEVELOPING COORDINATED RESPONSES AND REFERRAL SYSTEMS FOR SURVIVORS. IRC TURLOCKS HOUSING MODEL WILL INCLUDE EMERGENCY HOUSING ASSISTANCE THROUGH SHELTER PLACEMENTS, AND RENT AND BASIC NEEDS SHORT-TERM ASSISTANCE. OPTIONAL SUPPORT SERVICES INCLUDE ACCESS TO STATE/FEDERAL BENEFITS, JOB READINESS TRAINING, MENTAL HEALTH, MEDICAL CARE, LEGAL SERVICES, AND COMMUNITY INTEGRATION. TO STRENGTHEN THE CAPACITY OF LOCAL HOUSING AND SERVICE PARTNERS TO PROVIDE VICTIM-CENTERED, TRAUMA-INFORMED, AND CULTURALLY-RESPONSIVE CARE, IRC TURLOCK WILL LEAD 30 TRAININGS WITH 350 STAKEHOLDERS ACROSS ALL FIVE COUNTIES TO IDENTIFY BARRIERS TO HOUSING, AND TO DEVELOP COORDINATED RESPONSE PROTOCOLS FOR VICTIM IDENTIFICATION AND REFERRALS. FURTHER TO THIS GOAL, IRC TURLOCK WILL STEWARD FIVE NEW PARTNERSHIPS, JOIN 1-2 HOMELESS PREVENTION COALITIONS TO EXPAND HOUSING OPTIONS AND SERVICES, AND CONDUCT EIGHT MEETINGS ANNUALLY WITH NEW LANDLORDS AND FIVE PER YEAR WITH ESTABLISHED LANDLORDS AND PROPERTY AGENCIES TO FACILITATE PLACEMENT OF CLIENTS IN HOMES OF THEIR OWN.",CA,CA80812,252,department-of-justice,ASST_NON_15POVC23GG04050HT_015,True
231635671,15POVC23GG04044HT,SAFE HARBOR LLC,2023-10-01,2026-09-30,1195097.0,Department of Justice,Office of Justice Programs,16.320,"SAFE HARBOR WILL ENHANCE VICTIMS ACCESS TOHOUSING SERVICES FOR VICTIMS OF LABOR AND SEX TRAFFICKING RESIDING IN THE GREATER RICHMOND, VIRGINIA AREA INCLUDING THE CITIES OF ASHLAND, COLONIAL HEIGHTS, AND RICHMOND, AND COUNTIES OF CHESTERFIELD, GOOCHLAND, HANOVER, AND HENRICO. THE AGENCY ALSO PROVIDES SERVICES TO HUMAN TRAFFICKING MINOR VICTIMS STATEWIDE. THE PROJECT GOAL IS TO PROVIDE ENHANCED RESIDENTIAL AND ADVOCACY SERVICES THAT ADDRESS THE UNIQUE NEEDS OF ADULT VICTIMS OF SEX AND LABOR TRAFFICKING, PROVIDE ENHANCED EMOTIONAL SUPPORT, SAFETY, AND HEALTH SERVICES, AND TO INCREASE THE CAPACITY OF COMMUNITIES AND SERVICE PROVIDERS TO RESPOND TO VICTIMS. FUNDING WILL SUPPORT THE SALARIES OF KEY STAFF IN THE RESIDENTIAL PROGRAM; THE EXPANSION OF SAFE HARBORS RESIDENTIAL SERVICES TO ALLOW FOR THE CREATION OF A SEPARATE SHELTER TO MEET THE UNIQUE NEEDS OF LABOR TRAFFICKING VICTIMS, ESPECIALLY THOSE WHO ARE LATINO IMMIGRANTS, AND A SUB-CONTRACT WITH A REGIONAL PARTNER, HANOVER SAFE PLACE (HSP), TO SUPPORT THE HIRING OF AN ADDITIONAL PART-TIME HOUSING NAVIGATOR TO WORK WITH THE TRAFFICKING VICTIMS THAT SAFE HARBOR SERVES. SAFE HARBORS COMPREHENSIVE HUMAN TRAFFICKING PROGRAM INCLUDES CASE MANAGEMENT, THERAPEUTIC AND SUBSTANCE USE DISORDER COUNSELING, ACCOMPANIMENT TO COURT PROCEEDINGS, FORENSIC EXAMS AND MEDICAL APPOINTMENTS, RESIDENTIAL AND TRANSITIONAL SHELTERS FOR ADULT VICTIMS, AND A DEDICATED HOTLINE BASED IN THE AGENCY'S HUMAN TRAFFICKING SHELTER. SAFE HARBOR WILL ESTABLISH A SEPARATE RESIDENTIAL PROGRAM FOR VICTIMS OF LABOR TRAFFICKING, ESPECIALLY THOSE WHO ARE LATINO IMMIGRANTS, AND WILL DEVELOP A NEW LOGIC MODEL, NEW OUTCOME SCALES TO MEASURE SUCCESS, AND NEW GUIDELINES TO MEET THE UNIQUE NEEDS OF THIS POPULATION.",VA,VA99999,252,department-of-justice,ASST_NON_15POVC23GG04044HT_015,True
231635673,15POVC23GG04046HT,"CATHOLIC CHARITIES, DIOCESE OF VENICE, INC. ,",2023-10-01,2027-09-30,1158974.0,Department of Justice,Office of Justice Programs,16.320,"CATHOLIC CHARITIES OF THE DIOCESE OF VENICE (CCDOV)WILL PROVIDE SHORT-TERM AND TRANSITIONAL HOUSING AS WELL AS A HOUSING NAVIGATOR FOR SURVIVORS OF HUMAN TRAFFICKING THROUGHOUT NINE COUNTIES IN SOUTHWEST FLORIDA. FUNDING FROM THIS GRANT WILL PROVIDEHOUSING FOR A PERIOD OF SIX TO TWENTY-FOUR MONTHS FOR UP TO 12 SINGLE PERSONS AND FAMILIES WHO HAVE BEEN VICTIMS OF HUMAN TRAFFICKING. IN ADDITION TO DIRECT ASSISTANCE FOR HOUSING, CCDOV WILL PROVIDE SUPPORT SERVICES INCLUDING CASE MANAGEMENT AND AN EMPLOYMENT NAVIGATOR INTENDED TO HELP SURVIVORS NAVIGATE THE HOUSING LANDSCAPE AND PREPARE FOR SUCCESSFUL EMPLOYMENT RESULTING IN STABLE, LONG-TERM HOUSING SITUATIONS IN THE FUTURE. CCDOV HAS AGREEMENTS AND REFERRAL ARRANGEMENTS WITH AREA AGENCIES THAT PROVIDE EMERGENCY SHELTER, MEDICAL, DENTAL, AND PSYCHIATRIC CARE, CHILDCARE, EDUCATION AND EMPLOYMENT READINESS, LEGAL IMMIGRATION SERVICES, DOCUMENTATION ASSISTANCE, AND MORE.",FL,FL73900,252,department-of-justice,ASST_NON_15POVC23GG04046HT_015,True
231635764,15POVC23GK02736HT,ARC COMMUNITY SERVICES INC,2023-10-01,2026-09-30,1000000.0,Department of Justice,Office of Justice Programs,16.320,"THE WISCONSIN ANTI-HUMAN TRAFFICKING TASK FORCE (WAHTTF) IS DESIGNED TO IMPROVE VICTIM-CENTERED AND TRAUMA-INFORMED RESPONSES AND INVESTIGATIONS IN ALL 72 WISCONSIN (WI) COUNTIES WITH A FOCUS ON IMPROVING CAPACITY IN THE 46 RURAL AND 25 SMALLEST COUNTIES OUTSIDE OF THE METROPOLITAN MILWAUKEE AREA. 83% OF ALL PERSONS IN WI RESIDE IN THESE LARGELY RURAL 71 COUNTIES WITH SCATTERED METROPOLITAN AREAS. THE FOCUS AREA WILL BE DIVIDED INTO FOUR REGIONS: THE NORTHWEST REGION (32 COUNTIES AND 78% RURAL), THE NORTHEAST REGION (16 COUNTIES AND 62.5% RURAL), THE SOUTHWEST REGION (12 COUNTIES AND 58.4% RURAL), AND THE SOUTHEAST REGION (11 COUNTIES AND 64% URBAN). THE AREA IS HOME TO 64,100 FARMS ON 14.2 MILLION ACRES, 17 MAJOR PORTS OF ENTRY ON THE GREAT LAKES, 1148 WORKING MINES, AND TOLL-FREE INTERSTATE HIGHWAYS CONNECTING WISCONSIN, MINNESOTA, IOWA, AND ILLINOIS.

THIS PROJECT STRENGTHENS THE STATEWIDE RESPONSE TO LABOR TRAFFICKING THROUGH PARTNERSHIP WITH A NON-FEDERAL GOVERNMENT PRIVATE FOUNDATION TO BUILD A LABOR TRAFFICKING (LT) MULTIDISCIPLINARY TEAM, LEVERAGING THOSE NON-FEDERAL RESOURCES TO CREATE AN LT VICTIM SERVICES NETWORK AND JOINT WAHTTF/LT MDT SUBCOMMITTEE. PROJECT RESPECT, A PROJECT OF ARC COMMUNITY SERVICES, INC., IS THE LEAD VICTIM SERVICE APPLICANT. PROJECT RESPECTS SUBRECIPIENTS INCLUDE FAMILY SUPPORT SERVICES, UNITED MIGRANT OPPORTUNITY SERVICES (UMOS), CONVERGENCE RESOURCE CENTER, FAMILY ADVOCATES, INC., AND AMERICAN INDIANS AGAINST ABUSE (AIAA). WISCONSIN DEPARTMENT OF JUSTICE  DIVISION OF CRIMINAL INVESTIGATION (DCI) IS THE LEAD LAW ENFORCEMENT.

WAHTTF WAS PREVIOUSLY FUNDED IN FY2020 UNDER PURPOSE AREA 1 AND SERVED 12 LABOR TRAFFICKING (LT) AND 85 SEX TRAFFICKING (ST) VICTIMS IN 2020-21; 5 LT, 110 ST VICTIMS IN 2021-2022; AND, FROM 03/01/2022 TO PRESENT, 10 LT, 61 ST VICTIMS. DCI OPENED 1 LT AND 17 ST INVESTIGATIONS IN 2020-2021; 3 LT, 11 ST IN 2021-2022; AND 1 ST FROM 10/2022  12/2022. THE U.S. ATTORNEYS OFFICE FOR THE EASTERN DISTRICT OF WI OPENED 9 ST CASES AND 0 LT CASES IN 2020; 6 ST, 3 LT IN 2021; 6 ST, 1 LT IN 2022; AND 2 ST FROM 01/2023 TO PRESENT. USAO FOR THE WESTERN DISTRICT OPENED 5 ST AND LT CASES AND PROSECUTED 6 CASES FROM 10/2020 TO PRESENT.",WI,WI48000,252,department-of-justice,ASST_NON_15POVC23GK02736HT_015,True
231635763,15POVC23GK02734HT,DEPARTMENT OF JUSTICE WISCONSIN,2023-10-01,2026-09-30,1000000.0,Department of Justice,Office of Justice Programs,16.320,"THE WISCONSIN ANTI-HUMAN TRAFFICKING TASK FORCE (WAHTTF) IS DESIGNED TO IMPROVE VICTIM-CENTERED AND TRAUMA-INFORMED RESPONSES AND INVESTIGATIONS IN ALL 72 WISCONSIN (WI) COUNTIES WITH A FOCUS ON IMPROVING CAPACITY IN THE 46 RURAL AND 25 SMALLEST COUNTIES OUTSIDE OF THE METROPOLITAN MILWAUKEE AREA. 83% OF ALL PERSONS IN WI RESIDE IN THESE LARGELY RURAL 71 COUNTIES WITH SCATTERED METROPOLITAN AREAS. THE FOCUS AREA WILL BE DIVIDED INTO FOUR REGIONS: THE NORTHWEST REGION (32 COUNTIES AND 78% RURAL), THE NORTHEAST REGION (16 COUNTIES AND 62.5% RURAL), THE SOUTHWEST REGION (12 COUNTIES AND 58.4% RURAL), AND THE SOUTHEAST REGION (11 COUNTIES AND 64% URBAN). THE AREA IS HOME TO 64,100 FARMS ON 14.2 MILLION ACRES, 17 MAJOR PORTS OF ENTRY ON THE GREAT LAKES, 1148 WORKING MINES, AND TOLL-FREE INTERSTATE HIGHWAYS CONNECTING WISCONSIN, MINNESOTA, IOWA, AND ILLINOIS.

THIS PROJECT STRENGTHENS THE STATEWIDE RESPONSE TO LABOR TRAFFICKING THROUGH PARTNERSHIP WITH A NON-FEDERAL GOVERNMENT PRIVATE FOUNDATION TO BUILD A LABOR TRAFFICKING (LT) MULTIDISCIPLINARY TEAM, LEVERAGING THOSE NON-FEDERAL RESOURCES TO CREATE AN LT VICTIM SERVICES NETWORK AND JOINT WAHTTF/LT MDT SUBCOMMITTEE. PROJECT RESPECT, A PROJECT OF ARC COMMUNITY SERVICES, INC., IS THE LEAD VICTIM SERVICE APPLICANT. PROJECT RESPECTS SUBRECIPIENTS INCLUDE FAMILY SUPPORT SERVICES, UNITED MIGRANT OPPORTUNITY SERVICES (UMOS), CONVERGENCE RESOURCE CENTER, FAMILY ADVOCATES, INC., AND AMERICAN INDIANS AGAINST ABUSE (AIAA). WISCONSIN DEPARTMENT OF JUSTICE  DIVISION OF CRIMINAL INVESTIGATION (DCI) IS THE LEAD LAW ENFORCEMENT.

WAHTTF WAS PREVIOUSLY FUNDED IN FY2020 UNDER PURPOSE AREA 1 AND SERVED 12 LABOR TRAFFICKING (LT) AND 85 SEX TRAFFICKING (ST) VICTIMS IN 2020-21; 5 LT, 110 ST VICTIMS IN 2021-2022; AND, FROM 03/01/2022 TO PRESENT, 10 LT, 61 ST VICTIMS. DCI OPENED 1 LT AND 17 ST INVESTIGATIONS IN 2020-2021; 3 LT, 11 ST IN 2021-2022; AND 1 ST FROM 10/2022  12/2022. THE U.S. ATTORNEYS OFFICE FOR THE EASTERN DISTRICT OF WI OPENED 9 ST CASES AND 0 LT CASES IN 2020; 6 ST, 3 LT IN 2021; 6 ST, 1 LT IN 2022; AND 2 ST FROM 01/2023 TO PRESENT. USAO FOR THE WESTERN DISTRICT OPENED 5 ST AND LT CASES AND PROSECUTED 6 CASES FROM 10/2020 TO PRESENT.",WI,WI48000,252,department-of-justice,ASST_NON_15POVC23GK02734HT_015,True
231635735,15POVC23GK00930HT,"INTERNATIONAL RESCUE COMMITTEE, INC.",2023-10-01,2026-09-30,1000000.0,Department of Justice,Office of Justice Programs,16.320,"THE HIDDEN AND UNDERREPORTED NATURE OF LABOR TRAFFICKING CONTINUES TO NECESSITATE A COMPREHENSIVE, HIGH-QUALITY TRAINING AND TECHNICAL ASSISTANCE (TTA) EFFORT TO ASSIST OVC GRANTEES, PARTNERS AND COMMUNITY STAKEHOLDERS TO MORE EFFECTIVELY IDENTIFY AND RESPOND. THE INTERNATIONAL RESCUE COMMITTEE (IRC) WILL CONTINUE THE WORK OF THE PREVIOUS OVC-FUNDED LABOR TRAFFICKING TTA GRANT, FRAMEWORK, WHICH ENDED IN MARCH 2023. IRC AIMS TO PROVIDE EFFECTIVE AND EFFICIENT TECHNICAL ASSISTANCE AND TRAINING THAT ENSURES CONSISTENCY AND HIGH QUALITY OF EVIDENCE-BASED TA DESIGN AND PROVISION. THIS WILL HELP IMPROVE THE QUANTITY AND QUALITY OF SERVICES OFFERED TO LABOR TRAFFICKING VICTIMS NATIONWIDE. THE IRCS PROJECT WILL ADDRESS GAPS IN KNOWLEDGE, SKILLS AND BEHAVIORS RELATED TO LABOR TRAFFICKING BY IDENTIFYING HIGH PRIORITY NEEDS AMONG OVC GRANTEES, COMMUNITY PARTNERS AND STAKEHOLDERS. THE IRCS CAPACITY BUILDING EFFORTS WILL INCLUDE INFORMATION SHARING ON EMERGING, PROMISING AND EFFECTIVE PRACTICES THROUGH THE REVISION AND MAINTENANCE OF THE FRAMEWORK WEBSITE, ESTABLISHING A MENTORSHIP PROGRAM FOR NEW OVC GRANTEES, PRODUCING AND DISSEMINATING NEW WRITTEN AND E-LEARNING RESOURCES, AS WELL AS PROVIDING IN-PERSON AND REMOTE SKILLS-BUILDING AND TRAINING.",NY,NY51000,252,department-of-justice,ASST_NON_15POVC23GK00930HT_015,True
231635733,15POVC23GK00907HT,AEQUITAS,2023-10-01,2027-09-30,1000000.0,Department of Justice,Office of Justice Programs,16.320,"AEQUITAS (AE) PROPOSESTHE CONSORTIUM FORJUST OUTCOMES: BRINGING SURVIVOR-CENTERED, CULTURALLY SPECIFIC TTA TO ENHANCED COLLABORATIVE MODEL HUMAN TRAFFICKING TASK FORCES(THE CONSORTIUM)WHICH AIMSTO IMPROVE THE TRAJECTORY OF ECMS HT RESPONSE.CONSORTIUMPARTNERS INCLUDE: SURVIVORS WITH LIVED EXPERTISE IN LABOR AND SEX TRAFFICKING; VICTIM SERVICE PROVIDER;CULTURALLY SPECIFIC TTA PROVIDERS. THECONSORTIUMWILL CONSULT WITH A CADRE OF MULTIDISCIPLINARY SUBJECT MATTER EXPERTS (SMES) WHOSE EXPERTISE WILL BE LEVERAGED TO ADDRESS GAPS. 

AS DETERMINED BY OVC, AE AND PARTNERS WILL:PROVIDE TRAINING TO STRENGTHEN THE ECM TASK FORCE MODEL APPROACH AND BUILD THE CAPACITY OF EXISTING AND FUTURE HT TASK FORCES; PROVIDE A RANGE OF RELEVANT SME ON EMERGING ISSUES, INVESTIGATIVE TECHNIQUES, AND BEST PRACTICES; DISSEMINATE MATERIALS; DELIVER SPECIALIZED TRAINING TO THE FIELD; ANDMANAGE A TEAM IN COLLABORATION WITH OVC THAT INCLUDES RELEVANT SUBJECT MATTER EXPERTS WITH A RANGE OF PERTINENT KNOWLEDGE, SKILLS, AND EXPERIENCE, DIRECTLY RELATED TO THE NEEDS OF ECM TASK FORCES",DC,DC50000,252,department-of-justice,ASST_NON_15POVC23GK00907HT_015,True
231635210,15POVC22GK03683HT,NATIONAL COUNCIL OF JUVENILE AND FAMILY COURT JUDGES,2022-10-01,2026-09-30,1000000.0,Department of Justice,Office of Justice Programs,16.320,"THE FIELD STRATEGIES TTA PROJECT GOAL IS TO SUPPORT PURPOSE AREA 1 PROGRAM SITES TO END THE CRIMINALIZATION OF MINOR VICTIMS OF SEX TRAFFICKING IN THEIR DEVELOPMENT, EXPANSION, OR STRENGTHENING OF VICTIM SERVICE PROGRAMS TO SUPPORT VICTIM-CENTERED, TRAUMA-INFORMED, DEVELOPMENTALLY APPROPRIATE, EVIDENCE-BASED RESPONSES TO MINOR VICTIMS OF SEX TRAFFICKING. BENEFICIARIES OF THIS TTA WILL BE COMMUNITIES ACROSS THE COUNTRY, AS DETERMINED BY OVC’S SELECTION OF PROJECT SITES, AND OTHER COMMUNITIES OBSERVING THEIR INNOVATIONS.

NCJFC, APA, AND THE GAULT CENTER (PROJECT PARTNERS) WILL FOCUS ON THE FOLLOWING ACTIVITIES: 


	DEVELOP TECHNICAL ASSISTANCE SERIES, ADDRESSING 1) TRAFFICKING INTERVENTIONS: BUILDING COMMUNITY CAPACITY TO INTERRUPT AND INTERVENE IN CHILD SEX TRAFFICKING, 2) COLLATERAL CONSEQUENCES AND ALTERNATIVES TO CRIMINALIZING VICTIMS, 3) TRAFFICKING, HISTORICALLY MARGINALIZED COMMUNITIES, AND BUILDING CULTURALLY RESPONSIVE COMMUNITIES, AND 4) ADOLESCENT DEVELOPMENT, TRAUMA, AND RESILIENCE. 



	PROVIDE EACH OF THE NINE SITES A DEDICATED TEAM OF TTA LEADS WHO WILL WORK DIRECTLY WITH THE SITE (THRU PHONE CALLS AND SITE VISITS) TO PLAN AND CONDUCT STAKEHOLDER EDUCATION EVENTS, PEER-TO-PEER EDUCATION AND SUPPORT, AND TO DEVELOP A LOGIC MODEL AND TTA PLAN FOR THE PROJECT PERIOD. 



	CONVENE AND CONNECT SITES TO A CHILD SEX TRAFFICKING SURVIVOR PANEL. THESE ADULTS, WITH LIVED EXPERIENCE, WILL ADVISE THE PROJECT PARTNERS AND SITES ON MEANINGFUL, SAFE ENGAGEMENT OF SURVIVORS IN DESIGNING AND IMPLEMENTING PROJECTS.



	HOST AN ANNUAL ALL-SITES MEETING. THIS TWO-DAY, PEER LEARNING COLLABORATIVE WILL SERVE AS AN OPPORTUNITY FOR TA PROVIDERS, EXPERT ADVISORS, AND/OR ADULT SURVIVORS TO SUPPORT SITE REPRESENTATIVES THROUGH TRAINING, RESOURCE DEVELOPMENT AND CONNECTION, AND PEER-TO-PEER LEARNING AND EXCHANGE AMONG MULTIDISCIPLINARY SITE TEAMS.



	PROJECT PARTNERS NCJFCJ WILL INTERVIEW SITE STAKEHOLDERS FROM EACH SITE AFTER TWELVE AND 30 MONTHS OF FUNDING, AND USE THOSE FINDINGS TO INFORM A SITE-SPECIFIC MEMO DOCUMENTING THEIR CURRENT PRIORITIES, RESOURCES, STRATEGIES, CHALLENGES, AND SUCCESSES. THESE MEMOS WILL INFORM TTA EFFORTS IMMEDIATELY, AS WELL AS SUBSEQUENT “LESSONS LEARNED” MATERIALS.


THE PROJECT PARTNERS EXPECT THIS LEVEL OF TRAINING AND TECHNICAL ASSISTANCE TO RESULT IN GRANTEES’ SUCCESSFUL DESIGN AND IMPLEMENTATION OF VICTIM-CENTERED, TRAUMA-INFORMED, DEVELOPMENTALLY APPROPRIATE, AND EVIDENCE-BASED RESPONSES TO MINOR VICTIMS OF SEX TRAFFICKING, AND A BODY OF RELEVANT CORE TRAINING AND COMMUNITY RESOURCES. IN ADDITION, COMMUNITY STAKEHOLDERS AND THE PUBLIC WILL HAVE HEIGHTENED UNDERSTANDING OF THE COLLATERAL CONSEQUENCES AND HARMFUL IMPACT OF CRIMINALIZING VICTIMS OF SEX-TRAFFICKING, AND THE COMMUNITY BENEFITS TO ALTERNATIVE RESPONSES.",NV,NV60600,252,department-of-justice,ASST_NON_15POVC22GK03683HT_015,True
231635094,15POVC22GG03704MINO,THE LINK,2022-10-01,2026-09-30,1000000.0,Department of Justice,Office of Justice Programs,16.320,"THE OVERARCHING GOAL OF THE LINK’S SAFE HARBOR PROGRAM IS TO PROVIDE A SAFE PLACE FOR YOUTH WHO ARE TRAFFICKED TO HEAL FROM THE TRAUMA AND BUILD THEIR PROTECTIVE FACTORS TO ENSURE THAT THEY CAN TRANSITION INTO A HEALTHY AND STABLE FUTURE THAT IS FREE FROM EXPLOITATION. THE INTENT IS TO INCREASE YOUNG PEOPLE’S CONNECTIONS TO SCHOOL AND EMPLOYMENT, ENHANCE SOCIAL AND EMOTIONAL WELLBEING, SELF-SUFFICIENCY, AND HELP THEM BUILD PERMANENT CONNECTIONS WITH FAMILIES, COMMUNITIES, SCHOOLS, AND OTHER POSITIVE SOCIAL NETWORKS. THE PROGRAMS UTILIZE A COMPREHENSIVE YOUTH CENTERED SERVICE MODEL BASED UPON EVIDENCE BASED PRACTICES SUCH AS POSITIVE YOUTH DEVELOPMENT AND TRAUMA INFORMED CARE.  WHILE IN THE PROGRAM, YOUTH PARTICIPATE IN SPECIALIZED SERVICES SPECIFIC TO THE TRAUMA OF SEX TRAFFICKING THAT ALLOW THE YOUNG PERSON TO MAKE INFORMED DECISIONS ABOUT THEIR FUTURE. THE LINK ENSURES THAT MINORS WHO HAVE BEEN TRAFFICKED ARE IDENTIFIED AND REFERRED FOR APPROPRIATE SERVICES AND CREATE CLIENT CENTERED GOALS PLAN THAT DOCUMENT THE PROGRESS OF THE YOUTH AND THE PROGRAM. 

THE LINK’S SAFE HARBOR PROGRAMS ENSURE YOUTH ARE SAFE, CAN HEAL FROM THE TRAUMA OF SEXUAL EXPLOITATION AND/OR TRAFFICKING, AND BECOME MORE EMPOWERED TO ACCOMPLISH THE GOALS AND DREAMS THEY HAVE FOR THEMSELVES. THE LINK SUBMITS THIS REQUEST TO EXPAND ITS SUPPORTIVE SERVICES TEAM TO INCLUDE ONE ADDITIONAL FTE MOBILE CASE MANAGER TO FOCUS ON BOYS AND LGBTQ YOUTH. ADDITIONALLY, THEY WILL ADD 1.5 FTE’S OUTREACH POSITIONS WHICH WOULD ALSO FOCUS ON IDENTIFYING MINOR YOUTH, BOYS AND LGBTQ YOUTH. A NEW COMPONENT WILL BE A PARENT SUPPORT SPECIALIST TO ASSIST WITH FAMILY REUNIFICATION AND ONGOING SUPPORT FOR THE PARENTS/GUARDIANS. FINALLY, THEY WILL ADD ONE FTE TO OUR AFTERCARE TEAM TO HELP MINOR YOUTH TRANSITION OUT OF SHELTER AND PROVIDE SUPPORT AND RELAPSE/CRISIS PREVENTION SERVICES.",MN,MN43000,252,department-of-justice,ASST_NON_15POVC22GG03704MINO_015,True
231635090,15POVC22GG03696MINO,GRACEHAVEN INC,2022-10-01,2026-09-30,1000000.0,Department of Justice,Office of Justice Programs,16.320,"GRACEHAVEN, INC. IS A FAITH-BASED, NON-PROFIT ORGANIZATION COMMITTED TO SERVING VICTIMS OF CHILD SEX TRAFFICKING IN OHIO SINCE 2008. GRACEHAVEN PROVIDES COMPREHENSIVE AND HOLISTIC SERVICES TO VICTIMS AS WELL AS TRAINING AND SUPPORT SERVICES TO THE BROADER COMMUNITY. SPECIFICALLY, THIS INCLUDES SPECIALIZED COMPREHENSIVE CASE MANAGEMENT AND INTENSIVE THERAPY, PREVENTION EDUCATION FOR YOUTH, RECOGNITION AND INTERVENTION TRAINING FOR ADULTS AND PROFESSIONALS, AND A RESIDENTIAL GROUP HOME CAMPUS LOCATED IN CENTRAL OHIO. THE CAMPUS PROVIDES 24/7 CARE FOR FEMALE VICTIMS WITHIN MULTIPLE GROUP HOUSES LOCATED ON SITE. GRACEHAVEN’S COMMUNITY-BASED CASE MANAGEMENT AND PREVENTION SERVICES REPRESENT THE MAJORITY OF ITS WORK, AND THE SERVICES ARE CURRENTLY OFFERED THROUGH FOUR OFFICES LOCATED IN CLEVELAND, COLUMBUS, TOLEDO AND SOUTHEAST OHIO. GRACEHAVEN ACCEPTS REFERRALS FROM EVERY CORNER OF OHIO, AND THEY INCLUDE VICTIMS FROM URBAN, RURAL, AND SUBURBAN SETTINGS.

BY ITS NATURE, GRACEHAVEN PROGRAMMING OFFERS A MORE VIABLE AND EFFECTIVE ALTERNATIVE TO COMMITTING YOUTH TO FACILITIES OR PLACEMENTS THAT, STUDIES SHOW, ULTIMATELY CREATE MORE HARM THAN GOOD. IN EFFECT, EVERYTHING GRACEHAVEN DOES HAS THE GOAL OF COMBATTING AND ELIMINATING THE CRIMINALIZATION OF YOUTH WHO HAVE BEEN SEXUALLY TRAFFICKED AND/OR EXPLOITED. FUNDING FOR THIS PROJECT WILL STRENGTHEN AND EXPAND GRACEHAVEN’S WORK THROUGHOUT OHIO AS IT HIRES FOUR MORE STAFF MEMBERS, BROADENS ITS NETWORK, INCREASES ITS REFERRALS FOR ITS SPECIALIZED CASE MANAGEMENT WORK, INTERVENES EARLIER IN THE YOUTH-DETENTION PROCESS, AND INCREASES PROFESSIONAL EDUCATIONAL EXPERIENCES FOR GRACEHAVEN STAFF AND THE GENERAL SEX-TRAFFICKING EDUCATION FOR THE PUBLIC.",OH,OH18000,252,department-of-justice,ASST_NON_15POVC22GG03696MINO_015,True
231635088,15POVC22GG03692MINO,COUNTY OF SACRAMENTO,2022-10-01,2026-09-30,1000000.0,Department of Justice,Office of Justice Programs,16.320,"SACRAMENTO COUNTY BEHAVIORAL HEALTH SERVICES WILL UTILIZE THESE FUNDS TO EXPAND THE CURRENT PROGRAM, COMMUNITY SUPPORT ENGAGEMENT TEAM (CSET PROGRAM) SCOPE OF WORK TO BE ABLE TO STATION STAFF AT SACRAMENTO COUNTY CENTRALIZED PLACEMENT SUPPORT UNIT (CPSU) AND OTHER SAFE LOCATIONS IN THE COMMUNITY TO FACILITATE THERAPEUTIC INTERVENTIONS AND ACTIVITIES TO ADDRESS YOUTH NEEDS. CSET PROGRAM PROVIDES STRENGTH-BASED, CULTURALLY RESPONSIVE, CHILD/YOUTH-CENTERED, EFFECTIVE OUTREACH AND ENGAGEMENT SERVICES, CRISIS INTERVENTION, AND QUALITY MENTAL HEALTH AND CO-OCCURRING SUBSTANCE USE SERVICES TO CHILDREN AND YOUTH THAT HAVE BEEN IDENTIFIED OR ARE AT RISK OF EXPLOITATION AND TRAFFICKING. BY INVOLVING THE YOUTH IN ACTIVITIES THAT ARE PROSOCIAL, ENCOURAGE CONNECTION AND ENGAGEMENT, OFFER EDUCATION AND RESPITE, AND OFFER THERAPEUTIC RELATIONSHIP, SACRAMENTO COUNTY BHS HYPOTHESIS’ THAT THE YOUTH WILL BE ABLE TO DECREASE THE RISK OF EXPLOITATION AND TRAFFICKING. CSET PROGRAM CURRENTLY SERVE YOUNG PEOPLE AGES 12 UP TO AGE 21 THAT RESIDE IN SACRAMENTO COUNTY, AND ALSO SERVE AREAS TOUCHING THE COUNTY LINES DUE TO THE TRANSIENT NATURE OF THIS POPULATION. THE TEAM FOCUSES ON AREAS WHERE THERE IS NEED INCLUDING THE SACRAMENTO COUNTY CENTRALIZED PLACEMENT SUPPORT UNIT (CPSU), YOUTH DETENTION FACILITY (YDF), AND OTHER COMMUNITY BASED AGENCIES THAT PROVIDE YOUTH RESPITE SERVICES.

THE GOAL OF THIS EXPANSION IS TO PROVIDE THERAPEUTIC INTERVENTION THROUGH OUTREACH, ENGAGEMENT, AND RESPITE SERVICES FOR CHILDREN AND YOUTH IN TRANSITION BETWEEN PLACEMENTS OR RECENTLY LEFT THEIR HOME TO SUPPORT WITH DECREASING EXPLOITATION AND TRAFFICKING, AND SUPPORT WITH INCREASING PROTECTIVE FACTORS. PROGRAM OBJECTIVES INCLUDE: ONGOING ENGAGEMENT WITH CHILDREN AND YOUTH; DEVELOPMENT OF SAFETY PLANS AND TOOLS; ADDRESS TRAUMA; SUCCESSFULLY LINK TO ONGOING BEHAVIORAL HEALTH SERVICES; AND ONGOING ADVOCACY. AS A RESULT OF MEETING THE OBJECTIVES, PROGRAM GOALS INCLUDE: INCREASE IN SAFE HOUSING; INCREASE IN EDUCATIONAL/VOCATIONAL ACTIVITIES; INCREASE IN OVERALL WELL-BEING; DECREASE IN CRIMINAL JUSTICE ENCOUNTERS (ARRESTS, INCARCERATIONS); AND DECREASE IN SELF-INJURIOUS BEHAVIOR. 

THERE WILL BE MULTIPLE LEVELS OF COLLABORATION AND COORDINATION THROUGH THIS PROJECT. PRIMARY COLLABORATORS ON THIS PROJECT INCLUDE SACRAMENTO COUNTY PROBATION AND SACRAMENTO COUNTY CHILD PROTECTIVE SERVICES. THE CSET PROGRAM WILL PROVIDE ENDING THE GAME TRAINING AND CONSULTATION TO COLLABORATORS AND SUPPORT WITH IMPLEMENTATION OF THIS CURRICULUM AT COMMUNITY RESPITE SITES. SACRAMENTO BHS AND CSET PROGRAM WILL FACILITATE A SYSTEM STAKEHOLDER MEETING WITH ALL COLLABORATIVE PARTIES BI YEARLY.  THIS STAKEHOLDER MEETING WILL ADDRESS NEEDS, PROBLEM SOLVE CHALLENGES, AND BRAINSTORM HOW THE PROGRAM AND SYSTEMS CAN BENEFIT THE YOUTH.",CA,CA64000,252,department-of-justice,ASST_NON_15POVC22GG03692MINO_015,True
231634624,15POVC21GG04003MINO,CLEVELAND RAPE CRISIS CENTER,2021-10-01,2025-09-30,1000000.0,Department of Justice,Office of Justice Programs,16.320,"CLEVELAND RAPE CRISIS CENTER: SERVICES FOR MINOR VICTIMS OF SEX TRAFFICKING IN CUYAHOGA AND ASHTABULA COUNTY, OHIO",OH,OH16000,252,department-of-justice,ASST_NON_15POVC21GG04003MINO_015,True
231634620,15POVC21GG03999MINO,"WELLSPRING LIVING, INC.",2021-10-01,2024-09-30,1000000.0,Department of Justice,Office of Justice Programs,16.320,WELLSPRING LIVING AND CHILD ADVOCACY CENTER OF GEORGIA PARTNER TO SERVE MINOR SEX TRAFFICKING VICTIMS ACROSS GEORGIA,GA,GA04000,252,department-of-justice,ASST_NON_15POVC21GG03999MINO_015,True
231635167,15POVC22GK01576HT,RESEARCH TRIANGLE INSTITUTE,2022-10-01,2026-09-30,999392.0,Department of Justice,Office of Justice Programs,16.320,"HUMAN TRAFFICKING OF YOUNG PEOPLE IS A GROWING FOCUS OF SOCIAL WELFARE AND SOCIAL JUSTICE CONCERN. THE CURRENT BEST PRACTICES FOR ADDRESSING CHILD AND YOUTH TRAFFICKING HAVE IDENTIFIED THE NEED FOR COLLABORATIVE MULTI-SECTOR EFFORTS THAT BRING TOGETHER CHILD AND YOUTH-SERVING SYSTEMS THAT MAY COME IN CONTACT WITH POTENTIAL VICTIMS. THE OFFICE FOR VICTIMS OF CRIME (OVC) IS SUPPORTING SUCH COLLABORATIONS AT THE STATEWIDE AND TRIBAL JURISDICTION LEVELS THROUGH ITS IMPROVING OUTCOMES FOR CHILD AND YOUTH VICTIMS OF HUMAN TRAFFICKING PROGRAM. AS THE CURRENT TRAINING AND TECHNICAL ASSISTANCE (TTA) PROVIDER FOR IMPROVING OUTCOME CATEGORY 1 GRANTEES, RTI INTERNATIONAL IS UNIQUELY QUALIFIED AND WELL-POSITIONED TO SUPPORT OVC’S GOALS FOR GRANTEES AND OTHER STATES AND TRIBES WORKING TO STRENGTHEN THEIR RESPONSE TO CHILD AND YOUTH VICTIMS. THEY WILL DO THIS BY BUILDING UPON THEIR RELATIONSHIPS AND EXPERIENCE WITH CURRENT IMPROVING OUTCOMES GRANTEES, EXCEPTIONAL BACKGROUND IN ADDRESSING CHILD AND YOUTH TRAFFICKING, AND PROVEN ABILITY TO DEVELOP AND DELIVER EFFECTIVE, RESPONSIVE NATIONAL LEVEL TTA.  

THE IMPROVING OUTCOMES TTA TEAM IS MADE UP OF RTI STAFF AND MULTIPLE NATIONALLY RECOGNIZED SUBJECT MATTER EXPERT (SME) PARTNERS FROM DIVERSE DISCIPLINES REQUIRED FOR GRANTEE SUCCESS AND LONG-TERM SUSTAINABILITY (E.G., CHILD WELFARE, MENTAL HEALTHCARE, LAW ENFORCEMENT, RACIAL JUSTICE, AND HUMAN TRAFFICKING RESEARCH) INCLUDING SEVERAL EXPERTS WHO ALSO IDENTIFY AS HAVING LIVED EXPERIENCE OF TRAFFICKING.  

THE IMPROVING OUTCOMES TTA TEAM WILL USE RTI’S PROVEN STRATEGIES TO PROVIDE PROACTIVE, FLEXIBLE, ONGOING TTA TO STATES AND TRIBES. THROUGH THEIR INDIVIDUALIZED TA MODEL, EACH GRANTEE WILL HAVE A DEDICATED TA (DTA) PROVIDER TO ARRANGE ONGOING, CUSTOMIZED SUPPORT AND TO FACILITATE CONNECTIONS WITH SME PARTNERS, OTHER GRANTEES, AND OTHER STATES OR TRIBES. DTA PROVIDERS WILL IDENTIFY AREAS OF NEED ACROSS GRANTEES TO INFORM GROUP TA ACTIVITIES, WHEREBY THE TEAM WILL USE VARIED MODALITIES TO PROVIDE SOLUTIONS EFFICIENTLY TO APPROPRIATE AUDIENCES. THE TTA TEAM WILL ALSO DEVELOP AND PUBLICLY DISSEMINATE RESOURCES TO BUILD THE CAPACITY OF STATES AND TRIBES TO ADDRESS CHILD AND YOUTH TRAFFICKING. PEER-TO-PEER TTA, GROUP TTA, AND TTA RESOURCES WILL BE AVAILABLE TO BOTH GRANTEES AND NON-GRANTEE STATES AND TRIBES WORKING ON SIMILAR EFFORTS.  ALL PROJECT COMPONENTS WILL WORK TO ENSURE INCLUSIVITY AND EQUITY. ULTIMATELY, THIS RESPONSIVE, ACTION-DRIVEN APPROACH WILL STRENGTHEN GRANTEE PROGRAMS AND THEIR ABILITY TO MEET THEIR GOALS DURING AND AFTER THE GRANT AS WELL AS THE CAPACITY OF STATES AND TRIBES ACROSS THE COUNTY.  

RTI IS APPLYING UNDER PRIORITY AREA 1(A).",NC,NC19000,252,department-of-justice,ASST_NON_15POVC22GK01576HT_015,True
231635175,15POVC22GK03284HT,"ICF INCORPORATED, L.L.C.",2022-10-01,2025-09-30,999277.47,Department of Justice,Office of Justice Programs,16.320,"THE SURVIVOR ALLIANCE AND ICF SURVIVOR-LED TEAM WILL SUPPORT THE OFFICE FOR VICTIMS OF CRIME’S (OVC) GOALS FOR THIS PROJECT BY ADVANCING WORK THAT PROMOTES EFFECTIVE SURVIVOR ENGAGEMENT BY IMPROVING THE QUALITY AND QUANTITY OF SERVICES OFFERED TO TRAFFICKING SURVIVORS, INCREASING COLLABORATION BETWEEN OVC GRANTEES, OTHER FEDERALLY FUNDED SERVICE PROVIDERS AND PROGRAMS, SUPPORTING GRANTEES AND THEIR PARTNERS IN INTENTIONAL AND SUSTAINABLE ENGAGEMENT WITH SURVIVORS TO IMPROVE ANTI-TRAFFICKING PROGRAMMING, AND SUPPORTING OVC HUMAN TRAFFICKING (HT) GRANTEES IN MEETING THEIR AWARD GOALS AND OBJECTIVES. WHEN SURVIVORS ARE CONSISTENTLY AND COMPREHENSIVELY INCLUDED IN DEVELOPING TRAUMAINFORMED SOLUTIONS TO HUMAN TRAFFICKING, THE PRIORITIES DESCRIBED ABOVE FALL INTO PLACE. OUR PROJECT LEAD-SURVIVOR ALLIANCE BELIEVES THAT BUILDING SUSTAINABLE SURVIVOR COMMUNITIES ENABLES SURVIVORS TO THRIVE. COMING TOGETHER AS A COMMUNITY ALLOWS US TO “SPEAK THE SAME LANGUAGE” AND SUPPORT ONE ANOTHER IN LIFE HT. FOUNDED AS THE INNER CITY FUND TO FINANCE MINORITY-OWNED BUSINESSES IN WASHINGTON DC, ICF BRINGS A DIVERSE COALITION OF SURVIVOR LEADERS TO PROVIDE BOTH STRATEGIC AND OPERATIONAL SUPPORT FOR THE PROJECT. THE TEAM HAS OVER 20 YEARS OF EXPERIENCE WORKING ON FEDERAL PROJECTS AND HAS THE BROAD GEOGRAPHIC REACH AND EXTENSIVE EXPERTISE IN LISTENING AND RESPONDING TO NEEDS OF OVC HT GRANTEES ACROSS THE NATION.  THE TEAM POSSESSES INFRASTRUCTURE AND COMMUNICATION NETWORKS TO LIFT AND EXPAND CRITICAL ISSUES FOR GRANTEES BY CREATING A FOUNDATIONAL ON-DEMAND TRAINING, ORGANIZATIONAL ASSESSMENTS AND INTENSIVE TRAINING AND TECHNICAL ASSISTANCE (TTA) TO BUILD THE CAPACITY AND SUSTAIN THE CAPABILITY TO STRENGTHEN SURVIVOR PARTNERSHIPS.  THE TEAM WILL APPLY LESSONS LEARNED AND SHARE WITH OTHER OVC HT TTA PROVIDERS TO ENSURE RESOURCES ARE ACCESSIBLE ACROSS THE SPECTRUM OF HT GRANTEES.",VA,VA66672,252,department-of-justice,ASST_NON_15POVC22GK03284HT_015,True
231634066,15PNIJ23GG01927HT,NEW YORK UNIVERSITY,2024-01-01,2026-12-31,997729.0,Department of Justice,Office of Justice Programs,16.320,"HUMAN TRAFFICKING FOR CRIMINAL EXPLOITATION, OR FORCED CRIMINALITY, IS A TYPE OF TRAFFICKING IN WHICH THE VICTIM IS EXPLOITED BY BEING FORCED TO ENGAGE IN ILLEGAL ACTIVITIES, SUCH AS STREET CRIME, BEGGING, OR DRUG TRAFFICKING. LITTLE IS KNOWN ON THE EXTENT OF FORCED CRIMINALITY, ASSOCIATED RISK AND PROTECTIVE FACTORS, OR DEMOGRAPHIC PROFILES OF INDIVIDUALS WHO EXPERIENCED FORCED CRIMINALITY. EXISTING DATA INDICATES THAT MANY HUMAN TRAFFICKING VICTIMS ARE ARRESTED AND EXPERIENCE CRIMINALIZATION WHILE IN THEIR TRAFFICKING SITUATION. LAW ENFORCEMENT AND JUDICIAL AUTHORITIES OFTEN DO NOT HAVE ADEQUATE TRAINING FOR SCREENING AND IDENTIFYING TRAFFICKING SITUATIONS. ADDITIONALLY, DUE TO BIAS AND A LACK OF VICTIM-INFORMED PRACTICES WITHIN THE CRIMINAL JUSTICE SYSTEM, MANY INDIVIDUALS WHO WERE FORCED TO COMMIT CRIMES ARE NOT TAKEN SERIOUSLY AS HUMAN TRAFFICKING SURVIVORS. THUS, MANY INDIVIDUALS WHO HAVE EXPERIENCED FORCED CRIMINALITY ARE NOT IDENTIFIED AS HUMAN TRAFFICKING VICTIMS AND MAY EXPERIENCE FURTHER VICTIMIZATION THROUGH THEIR INTERACTIONS WITH LAW ENFORCEMENT. EXISTING VACATUR LAWS ALSO LEAVE A GAP IN PROTECTIONS FOR MANY INDIVIDUALS EXPERIENCING FORCED CRIMINALITY, RESULTING IN THE ARREST AND PROSECUTION OF MANY VICTIMS. THE SOCIAL STIGMA AND INSTITUTIONAL DISCRIMINATION THAT COMES WITH AN ARREST RECORD ALSO LEAVES MANY INDIVIDUALS FURTHER VULNERABLE TO REVICTIMIZATION AND TRAUMA. 
BETTER UNDERSTANDING THE NATURE AND SCOPE OF FORCED CRIMINALITY, AS WELL AS INVESTIGATING EXISTING BARRIERS TO IDENTIFICATION OF VICTIMS AND THE SERVICES AND RESOURCES THAT COULD HELP MEET VICTIM NEEDS, ARE ESSENTIAL FOR INCREASED RECOGNITION OF THIS PHENOMENA AND THE DEVELOPMENT OF TRAUMA-INFORMED, SURVIVOR-CENTERED PRACTICES. THE PROPOSED STUDY WILL INCREASE THE BODY OF KNOWLEDGE ON FORCED CRIMINALIZATION THROUGH THE DEVELOPMENT OF A BRIEF SCREENING TOOL FOR FORCED CRIMINALITY, INVESTIGATIONS OF VACATUR RECORDS, AND INTERVIEWS TO BETTER UNDERSTAND FORCED CRIMINALITY AND THE EXISTING BARRIERS TO IDENTIFYING AND SUPPORTING VICTIMS WHO EXPERIENCE IT. INTERVIEWS WILL BE HELD WITH TRAFFICKING SURVIVORS AS WELL AS CRIMINAL JUSTICE AND SERVICE PROVIDER STAKEHOLDERS TO GET A MORE HOLISTIC VIEW OF THE SITUATION FROM MULTIPLE PERSPECTIVES. BOTH THE SCREENING TOOL AND INFORMATION GATHERED THROUGH THE COURSE OF VICTIM AND STAKEHOLDER INTERVIEWS WILL BE USEFUL FOR THE DEVELOPMENT OF TARGETED TOOLS AND RESOURCES THAT CAN BE USED TO IMPROVE IDENTIFICATION AND SUPPORT EFFORTS FOR TRAFFICKING VICTIMS IN THE FUTURE.",NY,NY51000,252,department-of-justice,ASST_NON_15PNIJ23GG01927HT_015,True
231635084,15POVC22GG03687MINO,"LOVE146, INC.",2022-10-01,2026-03-31,997348.0,Department of Justice,Office of Justice Programs,16.320,"WHILE CONNECTICUT STATE STATUTE PROHIBITS THE CRIMINALIZATION OF MINORS UNDER 18 FOR PROSTITUTION OFFENSES, CHILDREN CONTINUE TO BE CRIMINALIZED FOR STATUS OFFENSES, MISDEMEANORS, AND FELONIES COMMITTED AS A RESULT OF THEIR SEX TRAFFICKING VICTIMIZATION (SHI 2021).  DESPITE GROWING RECOGNITION OF THE NEED FOR ALTERNATIVES TO ARREST AND DETENTION AMONG STAKEHOLDERS IN CONNECTICUT, CHALLENGES REMAIN. EVEN WHEN YOUTH ARE APPROPRIATELY IDENTIFIED, THE STATE LACKS A SUFFICIENT AMOUNT OF SPECIALIZED SERVICES TO MEET THEIR NEEDS. A LACK OF SPECIALIZED SERVICES, COMBINED WITH A PERSISTENT PERCEPTION AMONG SOME WITHIN THE CRIMINAL JUSTICE SYSTEM THAT IN ORDER TO KEEP THESE YOUTH SAFE THE STATE MUST LOCK THEM UP, SIGNIFICANTLY HINDERS CONNECTICUT’S ABILITY TO ADDRESS THE CRIMINALIZATION OF MINOR VICTIMS. IT IS WITHIN THIS CONTEXT THAT LOVE146 SEEKS TO EXPAND ITS CONNECTICUT SURVIVOR CARE PROGRAM, A FIELD-GENERATED MODEL DEVELOPED TO MEET THE UNIQUE NEEDS OF THE CONNECTICUT LANDSCAPE STATEWIDE, SO THAT MINOR VICTIMS OF SEX TRAFFICKING THROUGHOUT CONNECTICUT ARE ABLE TO ACCESS THE VICTIM-CENTERED, TRAUMA-INFORMED, CULTURALLY RESPONSIVE, AND DEVELOPMENTALLY APPROPRIATE SERVICES THEY NEED IN ORDER TO REDUCE THEIR RISK FOR CRIMINAL JUSTICE INVOLVEMENT. 

AS THE PRIMARY PROVIDER OF SPECIALIZED SERVICES FOR CHILD TRAFFICKING SURVIVORS IN CONNECTICUT, LOVE146 IS WELL-POSITIONED TO MEET THE IDENTIFIED NEEDS OUTLINED ABOVE AND ADDRESS THE CRIMINALIZATION OF MINOR VICTIMS OF SEX TRAFFICKING IN THE STATE. FOR THE PROPOSED PROJECT, LOVE146 WILL 1) MEET THE INDIVIDUAL NEEDS OF AND PROVIDE ESSENTIAL SERVICES TO MINOR VICTIMS OF SEX TRAFFICKING THROUGH THE PROVISION OF RAPID RESPONSES AND LONG-TERM SERVICES; 2) COLLABORATE WITH LOCAL AND STATE PARTNERS THROUGH PARTICIPATION IN MDTS, THE CTCAT, HART, AND OTHER COORDINATED EFFORTS TO ENSURE MINOR VICTIMS OF SEX TRAFFICKING ARE PROPERLY IDENTIFIED, RESPONDED TO, AND PROVIDED WITH APPROPRIATE SERVICES; 3) COLLABORATE WITH LOCAL AND STATE PARTNERS THROUGH THE TIP COUNCIL AND THE RHTRT TO CHANGE THE PRACTICE OF ARRESTS, DETENTION, AND CONFINEMENT FOR OFFENSES RELATED TO TRAFFICKING EXPLOITATION; 4) COLLECT DATA AND PARTICIPATE IN ASSESSMENT ACTIVITIES TO DETERMINE IF THE PROGRAM IS MEETING STATED GOALS AND OBJECTIVES; AND 5) PARTICIPATE IN AN ANNUAL PEER-TO-PEER LEARNING OPPORTUNITY HOSTED BY THE OVC-FUNDED TRAINING AND TECHNICAL ASSISTANCE PROVIDER. THE PROPOSED PROJECT MEETS THE CRITERIA FOR PRIORITY CONSIDERATION UNDER PRIORITY AREA A.",CT,CT52000,252,department-of-justice,ASST_NON_15POVC22GG03687MINO_015,True
231634628,15POVC21GG04007MINO,VOLUNTEERS OF AMERICA OF LOS ANGELES,2021-10-01,2025-09-30,995656.22,Department of Justice,Office of Justice Programs,16.320,VOALA SERVICES FOR MINOR VICTIMS OF SEX TRAFFICKING PROGRAM,CA,CA44000,252,department-of-justice,ASST_NON_15POVC21GG04007MINO_015,True
231633981,15PNIJ22GG01568HT,NATIONAL OPINION RESEARCH CENTER,2023-01-01,2026-12-31,979022.0,Department of Justice,Office of Justice Programs,16.320,"IN 2010, THE OFFICE FOR VICTIMS OF CRIME (OVC) AND THE BUREAU OF JUSTICE ASSISTANCE (BJA) LAUNCHED THE ECM TASK FORCE TO COMBAT HUMAN TRAFFICKING PROGRAM WITH THE GOAL OF BRINGING TOGETHER LAW ENFORCEMENT AND PROSECUTORS AT THE LOCAL, STATE, AND FEDERAL LEVEL, WITH SERVICE PROVIDERS, IN A COORDINATED AND SUSTAINABLE PARTNERSHIP. NORC, IN PARTNERSHIP WITH THE WHY, PROPOSES TO CONDUCT A 48-MONTH PROCESS AND OUTCOME EVALUATION OF ECM TASK FORCES TO BUILD UNDERSTANDING OF THE HOW THE TASK FORCES ARE IMPACTING THE INVESTIGATION AND PROSECUTION OF SEX AND LABOR TRAFFICKING CASES AND THE SERVICES PROVIDED TO AND OUTCOMES OF SURVIVORS OF HUMAN TRAFFICKING. TASKS FOR THIS STUDY INCLUDE: 1) SELECTING 6 ECM TASK FORCES TO PARTNER WITH FOR A PROCESS AND OUTCOME EVALUATION, 2) CONDUCTING A PROCESS EVALUATION WITH EACH TASK FORCE, INCLUDING INTERVIEWS WITH TASK FORCE STAKEHOLDERS, COMMUNITY MEMBERS, AND SURVIVORS OF HUMAN TRAFFICKING WHO INTERACT WITH THE TASK FORCES, 3) CONDUCTING INTERVIEWS WITH HUMAN TRAFFICKING SURVIVORS WHO HAVE NOT INTERACTED WITH TASK FORCES, 4) DEVELOPING AN ECOLOGICAL MODEL WITH EACH ECM TASK FORCE TO IDENTIFY DETERMINANTS OF RISKS AND VULNERABILITIES TO HUMAN TRAFFICKING AT THE LOCAL LEVEL, 5) CONDUCTING A STUDY OF THE OUTCOMES ASSOCIATED WITH EACH TASK FORCE, INCLUDING CRIMINAL JUSTICE AND SURVIVOR OUTCOMES, AND 6) DISSEMINATING FINDINGS FROM THE STUDY, INCLUDING BRIEFS HIGHLIGHTING THE VOICES OF SURVIVORS AND COMMUNITY MEMBERS, AND INNOVATIVE, PROMISING PRACTICES, AND RECOMMENDATIONS FOR IMPROVED ECM TASK FORCE IMPACT. THIS STUDY IS A BEING CONDUCTED IN COLLABORATION WITH ICF AND ERIN ALBRIGHT, AEQUITAS, SURVIVOR ALLIANCE, NATIONAL SURVIVOR NETWORK, MIKE POSANKA, AND EMILY SCHWARTZ.",IL,IL14000,252,department-of-justice,ASST_NON_15PNIJ22GG01568HT_015,True
231633932,15PNIJ21GG03632HT,RESEARCH TRIANGLE INSTITUTE,2022-01-01,2024-12-31,975209.0,Department of Justice,Office of Justice Programs,16.320,"ALTHOUGH LAW ENFORCEMENT AND COMMUNITY INTEREST IN HUMAN TRAFFICKING HAS INCREASED TREMENDOUSLY SINCE THE TRAFFICKING VICTIMS PROTECTION ACT WAS ENACTED IN 2000, MOST ANTI-TRAFFICKING EFFORTS HAVE FOCUSED ON SEX TRAFFICKING. LABOR TRAFFICKING, WHEN PRIORITIZED AT ALL, IS OFTEN CONCEPTUALIZED AS A SINGULAR PHENOMENON—THE VARIATION IN INDUSTRIES IN WHICH LABOR TRAFFICKING OCCURS AND THE VARIATION IN VICTIM EXPERIENCES WITHIN THESE INDUSTRIES ARE SORELY OVERLOOKED. THE LACK OF SECTOR-SPECIFIC KNOWLEDGE ABOUT LABOR TRAFFICKING VICTIMIZATION LIMITS THE EXTENT TO WHICH LAW ENFORCEMENT, REGULATORY AGENCIES, HEALTH OFFICIALS, AND COMMUNITY-BASED ADVOCATES CAN IDENTIFY AND RESPOND TO THIS CRIME. THIS STUDY WILL OFFER THE FIRST FOCUSED EXAMINATION OF LABOR TRAFFICKING AMONG CONSTRUCTION AND HOSPITALITY WORKERS AND WILL INCLUDE THE LIVED EXPERIENCES OF WORKERS, REGARDLESS OF WHETHER THEIR EXPLOITATION AND VICTIMIZATION HAVE BEEN FORMALLY IDENTIFIED. FOCUSING ON TWO VERY DIFFERENT LABOR SECTORS WILL ENABLE US TO EXPLORE WHETHER AND HOW LABOR TRAFFICKING VULNERABILITY AND VICTIMIZATION VARY BETWEEN DISTINCT INDUSTRIES. WE WILL ADDRESS THREE MAIN QUESTIONS: (1) DOES LABOR TRAFFICKING VICTIMIZATION MANIFEST DIFFERENTLY IN DISTINCT INDUSTRIES?; (2) WHAT IS THE UNDERLYING SUPPLY CHAIN AND NETWORK STRUCTURE OF LABOR TRAFFICKING IN THE CONSTRUCTION AND HOSPITALITY INDUSTRIES?; AND (3) ARE THERE POINTS THROUGHOUT RECRUITMENT, CONTROL, AND CONCEALMENT OF LABOR TRAFFICKING IN THESE INDUSTRIES THAT COULD PRESENT OPPORTUNITIES FOR IDENTIFICATION AND INTERVENTION? THESE QUESTIONS WILL BE ANSWERED THROUGH MAPPING LABOR TRAFFICKING SUPPLY CHAINS IN FEDERALLY PROSECUTED CASES, INTERVIEWING KEY STAKEHOLDERS, SURVEYING INDIVIDUALS WHO HAVE EXPERIENCED LABOR EXPLOITATION OR TRAFFICKING IN THESE INDUSTRIES, AND CONDUCTING IN-DEPTH FOLLOW-UP INTERVIEWS WITH A SUBSAMPLE OF SURVEY RESPONDENTS WHO HAVE EXPERIENCED MORE SEVERE FORMS OF ABUSE. FEDERALLY PROSECUTED CASES MAY COME FROM ANY U.S. LOCATION, AND SURVEYS AND INTERVIEWS WILL BE CONDUCTED IN COUNTIES IN COLORADO, ILLINOIS, AND NEW YORK. COLLECTIVELY, THE STUDY FINDINGS WILL INFORM THE DEVELOPMENT OF POLICIES AND PRACTICES TO BETTER IDENTIFY, DISRUPT, AND PREVENT TRAFFICKING AND WILL FORM AN EMPIRICAL BASIS FOR ADDRESSING LABOR TRAFFICKING IN INDIVIDUAL INDUSTRIES RATHER THAN IN AGGREGATE. FINDINGS WILL BENEFIT AND BE ACTIONABLE FOR CRIMINAL JUSTICE PRACTITIONERS, LABOR REGULATING AGENCIES, VICTIM SERVICE PROVIDERS AND ADVOCATES, POLICYMAKERS, RESEARCHERS, AND THE PUBLIC. THE RESEARCH TEAM WILL PUBLISH MAJOR FINDINGS FROM THIS RESEARCH IN RELEVANT SCHOLARLY OUTLETS AND DEVELOP A SERIES OF ACCESSIBLE PRACTITIONER-ORIENTED MATERIALS TO IMPROVE THE UNDERSTANDING OF LABOR TRAFFICKING AND PROVIDE TANGIBLE, ACTIONABLE STRATEGIES TO BETTER IDENTIFY VICTIMS AND DISRUPT LABOR TRAFFICKING NETWORKS AND ACTIVITIES.",NC,NC99999,252,department-of-justice,ASST_NON_15PNIJ21GG03632HT_015,True
231635713,15POVC23GG04087HT,COUNTY OF SANTA BARBARA,2023-10-01,2026-09-30,950000.0,Department of Justice,Office of Justice Programs,16.320,"THE SANTA BARBARA COUNTY DISTRICT ATTORNEYS OFFICE VICTIM WITNESS ASSISTANCE PROGRAM WILL EXPAND OR STRENGTHEN VICTIM SERVICE PROGRAMS FOR VICTIMS OF HUMAN TRAFFICKING, INCLUDING THOSE THAT PROVIDE TRAUMA-INFORMED SERVICES IN SANTA BARBARA COUNTY. SPECIAL EFFORTS WILL BE EXPANDED TO IMPROVE IDENTIFICATION AND SERVICE PROVISION EFFORTS FOR VICTIMS OF LABOR TRAFFICKING. PRIMARY PROJECT ACTIVITIES INCLUDE HAVING EXPERT VICTIM ADVOCATES AND RAPE CRISIS ADVOCATES PROVIDE CRITICAL COMPREHENSIVE VICTIM SERVICES AND A COUNTYWIDE 24/7 RESOURCE TO IDENTIFY AND ENLIST APPROPRIATE SERVICES FOR SEX AND LABOR TRAFFICKING VICTIMS.IN ADDITION, ACTIVITIES WILL INCLUDE TRAINING AND PUBLIC AWARENESS EFFORTS THAT HAVE SHOWN ESSENTIAL IN IMPROVED VICTIM IDENTIFICATION EFFORTS. EVALUATION ACTIVITIES THAT PROVIDE A CONTINUOUS MONITORING APPROACH EXAMINING EFFECTIVENESS OF PROJECT IN ACHIEVING STATED OBJECTIVES AND ENABLE DATA-BASED DECISION-MAKING WILL BE EMPLOYED. EXPECTED OUTCOMES INCLUDE PROVIDING A COMPREHENSIVE ARRAY OF VICTIM SERVICES THROUGHOUT THE COUNTY THAT EFFECTIVELY MEET THE INDIVIDUALIZED NEEDS OF VICTIMS OF HUMAN TRAFFICKING RELATED TO SAFETY, INDEPENDENCE, SELF-SUFFICIENCY, AND WELL-BEING; IMPROVING THE EFFECTIVENESS OF THE SANTA BARBARA COUNTY HUMAN TRAFFICKING TASKFORCE (SBCHTTF) COLLABORATIVE EFFORTS TO ENSURE ALL TRAFFICKING VICTIMS ARE IDENTIFIED AND REFERRED FOR APPROPRIATE SERVICES; AND INCREASING PROJECT EFFECTIVENESS IN ACHIEVING STATED OBJECTIVES THROUGH TIMELY PROGRESS MONITORING WITH KEY LEADERS AND STAFF AND USE OF DATA-BASED DECISION-MAKING. ALL VICTIMS OF HUMAN TRAFFICKING ARE THE INTENDED BENEFICIARIES OF THIS PROJECT.",CA,CA69070,252,department-of-justice,ASST_NON_15POVC23GG04087HT_015,True
231635708,15POVC23GG04082HT,ARC COMMUNITY SERVICES INC,2023-10-01,2026-09-30,950000.0,Department of Justice,Office of Justice Programs,16.320,"ARC COMMUNITY SERVICES, INC. WILL IMPLEMENT THE PROJECT RESPECT ANTI-HUMAN TRAFFICKING: COMPREHENSIVE CARE PROGRAM TO RESPOND TO THE SUBSTANCE ABUSE, MENTAL HEALTH, AND CASE MANAGEMENT NEEDS OF HISTORICALLY UNDERSERVED AND MARGINALIZED AFRICAN AMERICAN AND LATINO ADULT AND JUVENILE SEX AND LABOR TRAFFICKING VICTIMS IN DANE COUNTY, WI AND ADJOINING COUNTIES OF IOWA, COLUMBIA, SAUK, GREEN, ROCK & JEFFERSON.PRIMARY ACTIVITIES INCLUDE: INTAKE AND ASSESSMENT FOR SUBSTANCE USE DISORDER, TREATMENT PLANNING, COUNSELING; ASSESSMENT FOR OTHER SERVICE NEEDS AND PROVISION OF CASE MANAGEMENT AND REFERRAL; PROVIDING ONGOING EMOTIONAL AND MOTIVATIONAL SUPPORT, OUTREACH, AND ENGAGEMENT; AND, SPANISH LANGUAGE PROVISION OF ASSESSMENT FOR BEHAVIORAL HEALTH NEEDS AND TREATMENT PLANNING; INDIVIDUALIZED MENTAL HEALTH TRAUMA THERAPY; IDENTIFICATION OF OTHER SERVICE NEEDS AND PROVIDE SERVICE FACILITATION/CASE MANAGEMENT, REFERRALS AND COORDINATION OF CARE.OTHER ACTIVITIES TO IMPROVE CAPACITY TO IDENTIFY AND RESPOND TO VICTIMS SERVICE NEEDS INCLUDE TRAINING TO OTHER SERVICE PROVIDERS, CRIMINAL JUSTICE PROFESSIONALS, FAITH- AND CIVIL- GROUP IN SERVICE AREA; AND PROVIDE QUARTERLY AND TECHNICAL ASSISTANCE MEETINGS WITH REGIONAL GROUP OF PARTNERS INCLUDING AGENCIES PROVIDING SERVICES TO TARGET POPULATION AND SURVIVORS.",WI,WI48000,252,department-of-justice,ASST_NON_15POVC23GG04082HT_015,True
231635707,15POVC23GG04081HT,UNITED AGAINST HUMAN TRAFFICKING,2023-10-01,2026-09-30,950000.0,Department of Justice,Office of Justice Programs,16.320,"UNITED AGAINST HUMAN TRAFFICKING PROPOSES TO IMPLEMENT COMPREHENSIVE AND ENHANCED TRAUMA AND SURVIVOR INFORMED SERVICES FOR VICTIMS OF LABOR AND SEX TRAFFICKING IN HOUSTON; DEVELOP, DRAFT, AND IMPLEMENT A BESPOKE LABOR AND SEX TRAFFICKING COMMUNITY PREVENTION CURRICULA; LEAD AND CAPACITATE A CONSORTIUM OF SERVICE PROVIDERS UNDER THE HOUSTON HUMAN TRAFFICKING TASKFORCE, AND THE TEXAS ATTORNEY GENERALS HUMAN TRAFFICKING PREVENTION TASKFORCE; AND CREATE PARTNERSHIPS WITH BUSINESS AND INDUSTRY EXPERTS TO RAISE AWARENESS OF LABOR AND SEX TRAFFICKING IN IDENTIFIED HIGHLY VULNERABLE INDUSTRIES. THE PURPOSE OF THIS PROJECT IS TO ENHANCE THE CAPACITY OF SERVICE PROVIDES IN TRAUMA-INFORMED PROGRAMMING, AND TO INCREASE THE IDENTIFICATION OF LABOR AND SEX TRAFFICKING, AND THE SERVICES AVAILABLE TO VICTIMS. PROJECT ACTIVITIES INCLUDE ROLLING OUT AN EXTENSIVE OUTREACH PROGRAM TO VULNERABLE AND MARGINALIZED COMMUNITIES; ESTABLISHING A PARTNERSHIP WITH BUSINESS LEADERS AND EXPERTS TO ESTABLISH A ZERO TOLERANCE TO LABOR AND SEX TRAFFICKING, AND MITIGATE THE RISK OF EXPLOITATION; PROVIDING TRAUMA AND SURVIVOR INFORMED CARE TRAINING TO PARTNER SERVICE PROVIDERS AND STAKEHOLDERS (INCLUDING LAW ENFORCEMENT); PROVIDING EXPERT CASE MANAGEMENT SERVICES TO VICTIMS OF LABOR AND SEX TRAFFICKING IN SERVICE TO THE NETWORK, FROM REFERRAL THROUGH TO REINTEGRATION, AND RAMPING UP EFFORTS TO INCREASE THE IDENTIFICATION OF CHILD TRAFFICKING VICTIMS.EXPECTED OUTCOMES INCLUDE AN INCREASE IN THE IDENTIFICATION OF VICTIMS OF LABOR AND SEX TRAFFICKING; A DISRUPTION OF TRAFFICKING NETWORKS BY TRAINING THE COMMUNITY IN PREVENTION STRATEGIES, GENERAL AWARENESS, AND KNOWLEDGE OF HUMAN TRAFFICKING; AND FOR BUSINESSES TO BECOME ACTORS IN THE FIGHT AGAINST HUMAN TRAFFICKING.",TX,TX35000,252,department-of-justice,ASST_NON_15POVC23GG04081HT_015,True
231635706,15POVC23GG04080HT,INNOVATIONS HUMAN TRAFFICKING COLLABORATIVE,2023-10-01,2026-09-30,950000.0,Department of Justice,Office of Justice Programs,16.320,"INNOVATIONS HUMAN TRAFFICKING COLLABORATIVE (IHTC) WILL PROVIDE TRAUMA-INFORMED, CULTURALLY RELEVANT SUPPORT AND RESOURCE ASSISTANCE FOR300SEX AND LABOR TRAFFICKING SURVIVORS IN THE SOUTH PUGET SOUND REGION, INCLUDING THURSTON, PIERCE, MASON, AND LEWIS COUNTIES, AND AMONG TEN NATIVE AMERICAN TRIBES THROUGHOUT WESTERN WASHINGTON INCLUDING NISQUALLY, CHEHALIS, TULALIP, PUYALLUP, COWLITZ, QUILEUTE, LOWER ELWA KLALLAM, MUCKLESHOOT, AND HOH TRIBES. THE OVERALL PURPOSE OF THE PROJECT IS TO SUPPORT HUMAN TRAFFICKING VICTIMS AND SURVIVORS IN ESCAPING FROM EXPLOITIVE AND HARMFUL SEX AND LABOR TRAFFICKING, AND TO FURTHER STRENGTHEN THE HUMAN TRAFFICKING RESPONSE SYSTEM IN THE SOUTH PUGET SOUND REGION. ADDITIONALLY, IHTC WILL PROVIDE TRAINING AND TECHNICAL SUPPORT ON BEST PRACTICES FOR LOCAL LAW ENFORCEMENT, HEALTH, MENTAL HEALTH, AND SOCIAL SERVICES PROVIDERS WHILE ALSO MOBILIZING A NETWORK OF NON-PROFITS, GOVERNMENT AGENCIES, THE FAITH COMMUNITY, TRIBAL ELDERS, AND BUSINESSES WHO ARE POSITIONED TO POSITIVELY IMPACT THE LIVES OF PEOPLE SEEKING TO ESCAPE HUMAN TRAFFICKING. IHTC IS THE PRIMARY PROVIDER OF HUMAN TRAFFICKING SUPPORT IN THE SOUTH PUGET SOUND REGION AND AMONG TRIBES THROUGHOUT WESTERN WASHINGTON. IHTC WILL PROVIDE CONTINUED SUPPORT AND ASSISTANCE FOR ALL HUMAN TRAFFICKING SURVIVORS IN THE REGION AND WILL FOCUS ON INCREASED AND TARGETED OUTREACH AMONG INDIGENOUS, LATINX, LGBTQ2IA+, AND UNHOUSED PEOPLE, ALL OF WHOM ARE DISPROPORTIONATELY IMPACTED BY HUMAN TRAFFICKING. IHTC WILL ALSO INCREASE ITS COLLABORATION AMONG FEDERAL, STATE, AND LOCAL LAW ENFORCEMENT TO BETTER SUPPORT LABOR TRAFFICKING SURVIVORS. THE PRIMARY ACTIVITIES IHTC WILL PROVIDE INCLUDE INFORMATION AND REFERRALS TO VITAL COMMUNITY RESOURCES; EMOTIONAL SUPPORT, SAFETY, AND HEALTH; PERSONAL ADVOCACY; SAFE SHELTER AND HOUSING; ASSISTANCE NAVIGATING THE CRIMINAL JUSTICE SYSTEM; AND SUPPORT IN IDENTIFYING AND PURSUING AN EDUCATIONAL/CAREER PATHWAY.WITH THIS PROJECT, IHTC SEEKS TO BUILD UPON ITS SERVICES AND SYSTEMS-BUILDING SUCCESSES OVER THE PAST THREE YEARS IN ACCOMPLISHING THE FOLLOWING OUTCOMES: SUPPORT AND ASSISTANCE FOR AN INCREASED NUMBER OF HUMAN TRAFFICKING SURVIVORS; INCREASED SUPPORT AND ASSISTANCE FOR COMMUNITIES DISPROPORTIONATELY AFFECTED BY HUMAN TRAFFICKING; INCREASED COLLABORATION WITH LAW ENFORCEMENT IN HELPING SURVIVORS OF LABOR TRAFFICKING; AND CONTINUED IMPROVEMENT IN HUMAN TRAFFICKING RESPONSE SYSTEMS AND INTERAGENCY COORDINATION TO BETTER SUPPORT HUMAN TRAFFICKING SURVIVORS THROUGHOUT SOUTH PUGET SOUND AND AMONG WESTERN WASHINGTON TRIBES.",WA,WA51300,252,department-of-justice,ASST_NON_15POVC23GG04080HT_015,True
231635697,15POVC23GG04071HT,"ALASKA NATIVE JUSTICE CENTER, INC",2023-10-01,2027-09-30,950000.0,Department of Justice,Office of Justice Programs,16.320,"THE ALASKA NATIVE JUSTICE CENTER (ANJC), IN PARTNERSHIP WITH COOK INLET TRIBAL COUNCIL, INC. (CITC), COVENANT HOUSE, ALASKA (CHA), AND THE ALASKA INSTITUTE FOR JUSTICE (AIJ), PROPOSES DEZHUNI E SURVIVOR SERVICES (DSS) TO ADDRESS HUMAN TRAFFICKING IN THE MUNICIPALITY OF ANCHORAGE. DSS IS A PROJECT DESIGNED TO PROMOTE RACIAL EQUITY AND THE REMOVAL OF BARRIERS TO ACCESS AND OPPORTUNITY FOR ALASKA NATIVE/AMERICAN INDIAN PEOPLE.THE PURPOSE OF THE PROPOSED PROJECT IS TO ENHANCE VICTIMS ACCESS TO THE DIVERSE SERVICES THAT VICTIMS OF LABOR AND SEX TRAFFICKING OFTEN REQUIRE TO ADDRESS THEIR NEEDS. THE INTENDED BENEFICIARIES ARE VICTIMS OF SEX AND LABOR TRAFFICKING SEEKING SERVICES IN THE MUNICIPALITY OF ANCHORAGE, WITH EMPHASIS ON REACHING ALASKA NATIVE/AMERICAN INDIAN SURVIVORS, HOMELESS OR UNPREDICTABLY HOUSED YOUTH, AND IMMIGRANTS/REFUGEES. THE PRIMARY ACTIVITIES ARE: ESTABLISH TRAUMA-INFORMED AND CULTURALLY-BASED MOBILE PROGRAMMING TO IDENTIFY AND SERVE VICTIMS OF HUMAN TRAFFICKING; ESTABLISH AND IMPLEMENT A SCREENING PROCESS TO ENSURE THE PROPER IDENTIFICATION AND APPROPRIATE REFERRAL OF TRAFFICKING VICTIMS AT CITC; DEVELOP AND IMPLEMENT AN ANJC PROTOCOL FOR IDENTIFYING AND SERVING VICTIMS OF LABOR TRAFFICKING; OFFER ANNUAL STAFF TRAINING AT PARTNER SITES; AND DELIVER CASE-MANAGEMENT AND SAFETY PLANNING, INFORMATION AND REFERRALS, PERSONAL ADVOCACY/ACCOMPANIMENT SERVICES, REFERRALS FOR LEGAL ASSISTANCE, AND WORKFORCE DEVELOPMENT TO VICTIMS OF HUMAN TRAFFICKING.PRIMARY OUTCOMES ARE AN INCREASE IN PROPER IDENTIFICATION AND APPROPRIATE REFERRALS OF HUMAN TRAFFICKING VICTIMS IN ANCHORAGE; ENHANCEMENT OF ANJC CAPACITY TO SERVE VICTIMS OF LABOR TRAFFICKING; AND INCREASED SAFETY, INDEPENDENCE, SELF-SUFFICIENCY, AND WELL-BEING FOR 50 VICTIMS OF HUMAN TRAFFICKING IN ANCHORAGE, ALASKA.",AK,AK03000,252,department-of-justice,ASST_NON_15POVC23GG04071HT_015,True
231635695,15POVC23GG04069HT,"TAPESTRI, INC",2023-10-01,2026-09-30,950000.0,Department of Justice,Office of Justice Programs,16.320,"TAPESTRI WILL PROVIDE COMPREHENSIVE CASE MANAGEMENT TO FOREIGN NATIONAL VICTIMS OF HUMAN TRAFFICKING ACROSS THE STATE OF GEORGIA WHILE WORKING WITH OVC-FUNDED U.S SERVING AGENCIES AND PROGRAMS TO REFER U.S. CITIZENS. TAPESTRI SERVICES INCLUDE COORDINATION OF MEDICAL, LEGAL, MENTAL HEALTH, HOUSING, TRANSPORTATION, AND INTERPRETATION SERVICES. TAPESTRI PROPOSES TO SERVE A MINIMUM OF 75 VICTIMS OF BOTH SEX AND LABOR TRAFFICKING OVER THE COURSE OF THE 3-YEAR GRANT PERIOD.TAPESTRI WILL CONTINUE TO PARTICIPATE IN THE STATEWIDE HUMAN TRAFFICKING TASK FORCE AND COLLABORATE WITH LOCAL AND STATE LAW ENFORCEMENT AS WELL AS OTHER SERVICE PROVIDERS ACROSS GEORGIA.ADDITIONALLY, TAPESTRI WILL PARTICIPATE IN AT LEAST 10 EVENTS AND PUBLIC AWARENESS PRESENTATIONS TO FURTHER INCREASE THE KNOWLEDGE OF THE COMMUNITY WHILE DISTRIBUTING INFORMATION ON IDENTIFICATION OF HUMAN TRAFFICKING. IN ORDER TO INCREASE IDENTIFICATION OF HUMAN TRAFFICKING IN THE STATE, TAPESTRI WILL TRAINING A MINIMUM OF 500 PROFESSIONALS ON IDENTIFICATION OF BOTH SEX AND LABOR TRAFFICKING AS WELL AS BARRIERS TO SEEKING HELP.",GA,GA77652,252,department-of-justice,ASST_NON_15POVC23GG04069HT_015,True
231635687,15POVC23GG04061HT,YWCA OF GREATER HARRISBURG INC,2023-10-01,2026-09-30,950000.0,Department of Justice,Office of Justice Programs,16.320,"THE PAATH15 PROJECT IS A 13-COUNTY COLLABORATIVE RESPONSE IN PENNSYLVANIA TO IDENTIFY AND SERVE VICTIMS OF ALL FORMS OF HUMAN TRAFFICKING. THIS PROJECT INCLUDES THE COUNTIES OF: DAUPHIN, CUMBERLAND, YORK, LANCASTER, FRANKLIN, ADAMS, PERRY, UNION, NORTHUMBERLAND, SNYDER, MONTOUR, LYCOMING, AND TIOGA. PAATH15 IS LED BY APPLICANT YWCA GREATER HARRISBURG AND JOINS THREE OTHER VICTIM SERVICE PROVIDERS: YWCA HANOVER, YWCA NORTHCENTRAL, AND TRANSITIONS OF PA; IMMIGRATION/LEGAL SERVICES THROUGH THE PA. IMMIGRATION RESOURCE CENTER, JUSTICE AT WORK, AND COMPASS LEGAL IMMIGRATION SERVICES; THE EXPERTISE OF A FORMER STATE/FEDERAL PROSECUTOR, STEVEN TURNER, ESQ.; AND SUBSTANCE ABUSE TREATMENT THROUGH ROXBURY TREATMENT CENTER TO RESPOND TO HUMAN TRAFFICKING ALONG A HOTSPOT CORRIDOR IN PA, ROUTE 15. THIS PROJECT WILL SERVE VICTIMS OF ALL FORMS OF HUMAN TRAFFICKING AND WILL SPECIALIZE IN SERVING UNDERSERVED COMMUNITIES OF COLOR, THOSE WITH LIMITED ENGLISH PROFICIENCIES, THOSE LIVING IN POVERTY, AND THOSE ISOLATED IN RURAL COUNTIES. THE GOAL OF THE PROJECT IS TO INCREASE THE QUANTITY AND QUALITY OF SERVICES AVAILABLE TO VICTIMS OF HUMAN TRAFFICKING. THE OBJECTIVES AND ACTIVITIES TO ACCOMPLISH THE GOAL INCLUDE: A) PROVIDE A DIVERSE AND COMPREHENSIVE SET OF CULTURALLY-APPROPRIATE DIRECT SERVICES TO MEET THE INDIVIDUALIZED NEEDS OF SURVIVORS, PROMOTING SAFETY, HEALING, INDEPENDENCE, AND SELF-SUFFICIENCY; B) DEVELOP COLLABORATIONS WITH AND TRAININGS FOR LOCAL PARTNERS TO INCREASE THE IDENTIFICATION OF SEX/LABOR TRAFFICKING VICTIMS; C) INCREASE VICTIMS ACCESS TO OTHER ESSENTIAL SERVICES; D) INCREASE ACCESS AND OPPORTUNITY FOR SERVICES FOR COMMUNITIES THAT HAVE BEEN HISTORICALLY UNDERSERVED, MARGINALIZED, AND ADVERSELY AFFECTED BY RACIAL INEQUITY; AND E) COLLECT DATA AND EVALUATE ACTIVITIES TO DETERMINE IF GOALS AND OBJECTIVES ARE BEING MET AND IMPLEMENT IMPROVEMENTS TO SERVICES. THE LONG-TERM IMPACTS OF THIS PROJECT ARE THAT VICTIMS RECEIVE SERVICES THAT ASSIST IN DECREASING THE INCIDENTS OF VICTIMIZATION AND PROMOTE HEALING AND SELF-SUFFICIENCY, VICTIMS EXPERIENCE BETTER PHYSICAL/EMOTIONAL WELL-BEING; VICTIMS ACHIEVE STABILITY AND RE-INTEGRATION INTO COMMUNITIES; AND RACIAL EQUALITY IS ADVANCED FOR UNDERSERVED COMMUNITIES, PROMOTING ACCESS TO SERVICES, LEGAL PROTECTIONS, AND JUST COMMUNITIES.",PA,PA32800,252,department-of-justice,ASST_NON_15POVC23GG04061HT_015,True
231635666,15POVC23GG02765HT,COMMUNITY COALITION AGAINST HUMAN TRAFFICKING,2023-10-01,2027-06-30,950000.0,Department of Justice,Office of Justice Programs,16.320,"THE COMMUNITY COALITION AGAINST HUMAN TRAFFICKING (CCAHT) PROPOSES THE CURRENT PROJECT TO IMPROVE THE SAFETY, SECURITY, AND HEALING OF MINORS WHO HAVE EXPERIENCED SEX OR LABOR TRAFFICKING BY INCREASING CAPACITY AND SPECIALIZATION OF WRAPAROUND SUPPORT SERVICES AVAILABLE TO YOUTH AND THEIR SUPPORT SYSTEM. SURVIVOR-CENTERED CARE MEANS WORKING WITH THE SURVIVOR AS WELL AS THE SUPPORT SYSTEM. THIS IS ESPECIALLY CRUCIAL WHEN WORKING WITH MINOR VICTIMS. THE CCAHT WORKS ON BEHALF OF MINOR VICTIMS OF TRAFFICKING BY COLLABORATING WITHIN THE SYSTEMS IN WHICH THEY ARE INHERENTLY PART OFFAMILIES, FOSTER HOMES, CHILD WELFARE, KINSHIP PLACEMENT, EDUCATION, JUVENILE JUSTICE, ETC. CCAHT SUPPORT STAFF AMPLIFY YOUTH VOICE AND ENSURE TRAUMA-INFORMED, DEVELOPMENTALLY APPROPRIATE, AND CULTURALLY RELEVANT CARE WHEN NAVIGATING WITHIN EACH OF THESE SYSTEMS. 

THE DEVELOPMENTAL TASKS OF YOUTH AND ADOLESCENCE PRODUCE VULNERABILITIES EASILY TARGETED BY TRAFFICKERS, SUCH AS IMPULSIVITY AND THE BIOLOGICAL COMPULSION TO CULTIVATE A SENSE OF BELONGING OUTSIDE OF THE FAMILY OF ORIGIN. CONSEQUENTLY, THE HARMFUL EFFECTS OF TRAFFICKING WITHIN THE CONTEXT OF ADOLESCENT DEVELOPMENT PRODUCE FRAGILITIES THAT, IF NOT SUFFICIENTLY TENDED TO, WILL HAVE PROFOUND IMPACT ON LIFELONG WELL-BEING. THE CCAHT RECOGNIZES THAT IN ORDER TO DISRUPT THE CYCLE OF VIOLENCE AND VICTIMIZATION, IT IS IMPERATIVE THAT YOUTH WHO HAVE EXPERIENCED TRAFFICKING HAVE UNINHIBITED ACCESS TO SPECIALIZED THERAPEUTIC SUPPORT AND COMPREHENSIVE CARE THROUGH COMPETENT, KNOWLEDGEABLE PROVIDERS. THE CURRENT PROJECT WILL ENABLE THIS BY INCREASING CCAHT CAPACITY TO MEET THE GROWING DEMAND OF NEW REFERRALS AND EXPANDING THE SCOPE OF SERVICES AVAILABLE TO YOUTH TO SUPPORT THEIR SUCCESSFUL NAVIGATION THROUGH THE SYSTEMS THEY ARE A PART OF. THE CCAHT WILL BOLSTER YOUTH RESILIENCY BY FOSTERING OPPORTUNITIES FOR NEW SOCIAL CONNECTIONS AND EXPERIENCES, AND BY EQUIPPING CARE GIVER CAPACITY TO RESPOND TO THE NEEDS OF TRAFFICKED YOUTH. IN SO DOING, YOUTH WILL LEARN THE COPING SKILLS TO MANAGE THE EFFECTS OF THEIR TRAUMA IN A SAFE AND RESPONSIVE ENVIRONMENT, EXPERIENCE GREATER SUCCESS IN PERMANENCY PLACEMENTS, AND ENHANCE POSITIVE OUTCOMES THROUGHOUT THE LIFESPAN. AS PART OF THE TENNESSEE COUNTER-TRAFFICKING ALLIANCE, THE CCAHT IS UNIQUELY POSITIONED TO ENHANCE ANTI-TRAFFICKING EFFORTS BY LEVERAGING EXISTING PARTNERSHIPS AND COLLABORATIONS THROUGHOUT THE STATE, MAXIMIZING THE IMPACT AND REACH OF THIS PROJECT.",TN,TN40000,252,department-of-justice,ASST_NON_15POVC23GG02765HT_015,True
231635663,15POVC23GG02762MINO,"INTERNATIONAL RESCUE COMMITTEE, INC",2023-10-01,2027-09-30,950000.0,Department of Justice,Office of Justice Programs,16.320,"PROPOSAL ABSTRACT

THE INTERNATIONAL RESCUE COMMITTEE, INC. IN SACRAMENTO (IRC), IN PARTNERSHIP WITH WIND YOUTH AND THE SACRAMENTO LGBT COMMUNITY CENTER, REQUESTS $950,000 IN FUNDING FROM THE DEPARTMENT OF JUSTICES OFFICE FOR VICTIMS OF CRIME (OVC) TO EXPAND AND DEVELOP A COMPREHENSIVE RESPONSE TO MINOR VICTIMS OF SEX & LABOR TRAFFICKING (MVOSLT) AND THEIR FAMILIES AND STRENGTHEN THE QUALITY AND QUANTITY OF SERVICES THROUGHOUT NORTHERN CALIFORNIA.

THIS PROJECT AIMS TO DELIVER A TRAUMA-INFORMED, EVIDENCE-BASED APPROACH THROUGH PROVIDING WRAPAROUND SERVICES INCLUDING INTENSIVE AND COMPREHENSIVE CASE MANAGEMENT; IMMIGRATION/LEGAL RELIEF; INTERPRETATION; HEALTH, PSYCHOSOCIAL, AND WELLNESS SUPPORT; EMPLOYMENT AND EDUCATION READINESS AND ENROLLMENT; CULTURAL ORIENTATION; AND FINANCIAL LITERARY SERVICES. IRC IN SACRAMENTO WILL PROVIDE ASSISTANCE ENROLLING IN BENEFITS, REFERRALS TO SERVICES, ADVOCACY WITH LAW ENFORCEMENT TO MINOR AND TRANSECTING VICTIMS OF HUMAN TRAFFICKING, AND, WHERE APPLICABLE, THEIR GUARDIANS. THROUGH THIS PROJECT, IRC IN SACRAMENTO WILL CONTINUE EXPANDING ITS NETWORK OF CHILD SERVICE PROVIDERS AND PROVIDE TECHNICAL ASSISTANCE REGARDING IDENTIFICATION AND RESPONSE OF MVOSLTS. 

THIS PROGRAM SEEKS TO BUILD ON THE FOUNDATION LAID FROM PREVIOUS WORK IN THE REGION AND ENHANCE THE SCOPE AND DEPTH OF SERVICES PROVIDED, SPECIFICALLY TARGETING HIGH RISK VULNERABLE MINORS, INCLUDING UNACCOMPANIED, HOMELESS AND RUNAWAY MINORS. OVER THE PROJECT PERIOD, THE IRC IN SACRAMENTO WILL PROVIDE CASE MANAGEMENT AND REFERRALS TO 60-75 MINOR VICTIMS OF HUMAN TRAFFICKING; FACILITATE 20-24 TRAINING EVENTS REACHING 450 INDIVIDUALS; HOST AND FACILITATE A CHILD TRAFFICKING CONFERENCE;PROVIDE 15 STAKEHOLDERS WITH TECHNICAL ASSISTANCE; DEVELOP COMPREHENSIVE RESPONSE PROTOCOLS FOR IDENTIFICATION AND REFERRAL; AND COMPLETE A COMPREHENSIVE EXTERNAL PROGRAM EVALUATION.",CA,CA64000,252,department-of-justice,ASST_NON_15POVC23GG02762MINO_015,True
231635661,15POVC23GG02760MINO,"CENTERS FOR YOUTH AND FAMILIES, INC",2023-10-01,2026-09-30,950000.0,Department of Justice,Office of Justice Programs,16.320,"CENTERS FOR YOUTH AND FAMILIES (THE CENTERS) HUMAN TRAFFICKING TREATMENT PROGRAM PROPOSESTO ENHANCE THE QUALITY AND QUANTITY OF SERVICES AVAILABLE TO ASSIST MINOR VICTIMS OF ALL FORMS OF HUMAN TRAFFICKING IN ARKANSAS. THE PROGRAM WILL PROVIDE AND/OR CONNECT VICTIMS TO TRAUMA-INFORMED, EVIDENCE-BASED AND VICTIM-CENTERED DIRECT SERVICES WHILE ALSO EXPANDING PUBLIC AWARENESS AND VICTIM IDENTIFICATION THROUGH TARGETED TRAININGS. COMPREHENSIVE DIRECT SERVICES AVAILABLE TO VICTIMS WILL INCLUDE CASE MANAGEMENT, CLIENT INTAKE, CLIENT ORIENTATION AND LIFE SKILLS, CLOTHING, FOOD AND BASIC NECESSITIES, CRISIS INTERVENTION AND 24-HOUR RESPONSE, DOCUMENTATION ASSISTANCE, EDUCATION, EMPLOYMENT READINESS AND ASSISTANCE, FAMILY SUPPORT AND REUNIFICATION, INTERPRETER/TRANSLATOR SERVICES, LEGAL SERVICES, MEDICAL AND DENTAL CARE, MENTAL HEALTH TREATMENT, SHELTER AND HOUSING, SUBSTANCE ABUSE TREATMENT, SYSTEM-BASED VICTIM ADVOCACY, AND TRANSPORTATION ASSISTANCE.",AR,AR41000,252,department-of-justice,ASST_NON_15POVC23GG02760MINO_015,True
231635660,15POVC23GG02758MINO,HOOLA NA PUA,2023-10-01,2026-09-30,950000.0,Department of Justice,Office of Justice Programs,16.320,"THE NACRE RESILIENCY PROJECT WILLPROPOSES TO BUILD ON ACCOMPLISHMENTS OF THE OVC FY 2021 GRANT TO STRENGTHEN THE CONTINUUM OF CARE BY PROVIDING TRAUMA-INFORMED, GENDER RESPONSIVE AND CULTURALLY RELEVANT SERVICES TO MINOR VICTIMS OF SEX AND/OR LABOR TRAFFICKING AGES 11-17, WITH FOCUS ON TWO OF HAWAIIS MAIN ISLANDS: OAHU AND HAWAII ISLAND. MUCH LIKE THE RESILIENT PROTECTIVE LAYER (NACRE) THAT FORMS DURING INITIAL STAGES OF PEARL CREATION, THE NACRE RESILIENCE PROJECT WILL PROVIDE LAYERS OF SUPPORT THAT BUILD RESILIENCE THROUGH WEEKLY 24-HOUR STARFISH MENTORING. THESE SERVICES WILL INCLUDE: 1) INTENSIVE INDIVIDUALIZED THERAPEUTIC CARE IN TANDEM WITH ONSITE SCHOOLING; 2) STARFISH MENTORING; 3) TRAFFICKING PREVENTION TO PREVENT REVICTIMIZATION; AND 4) EXPERIENTIAL PROGRAMMING TO UNLOCK THE CHILDS ABILITY TO WORK THROUGH TRAUMA, AUGMENTING TRADITIONAL TRAUMA TREATMENT. OVER 36-MONTHS, HOOLA NA PUA (HNP) WILL ADDRESS GAPS IN SERVICES FOR THIS VICTIMIZED POPULATION BY ACCOMPLISHING THE FOLLOWING OBJECTIVES BY THE END OF EACH PROJECT PERIOD: 1) MATCH 25 MINOR VICTIMS OF SEX AND/OR LABOR TRAFFICKING AGES 11-17 ON OAHU AND/OR HAWAII ISLAND WITH A TRAINED AND VETTED MENTOR FOR 1-TO-1 MENTORING SERVICES THROUGH STARFISH MENTORING. 2) DELIVER 775 MENTORSHIP SERVICE HOURS ON OAHU AND/OR HAWAII ISLAND. 3) CONNECT MINOR TRAFFICKING VICTIMS WITH A SURVIVOR ADVOCATE THROUGH THE ADVOCACY PROGRAM TO CONTINUE PATHWAYS TO HEALING. 4) PROVIDE 35 MINOR VICTIMS OF SEX AND/OR LABOR TRAFFICKING WITH INTENSIVE RESIDENTIAL THERAPY, ONSITE EDUCATION AND EXPERIENTIAL PROGRAMMING THROUGH PEARL HAVEN. 5) 100% OF PEARL HAVEN RESIDENTIAL YOUTH WILL ENROLL IN ONSITE EDUCATION AT PEARL HAVEN. 6) 50% OF PEARL HAVEN RESIDENTIAL YOUTH WILL RECEIVE A-B HONOR ROLL STATUS IN CORE SUBJECTS. 7) AN AVERAGE OF 50% OF PEARL HAVEN RESIDENTIAL YOUTH WILL IMPROVE TRAUMA SYMPTOMS. 8) PEARL HAVEN RESIDENTIAL YOUTH WILL EXPERIENCE AN AVERAGE 32% IMPROVEMENT IN DEPRESSION. 9) PEARL HAVEN RESIDENTIAL YOUTH WILL EXPERIENCE A 20% IMPROVEMENT IN ANXIETY. 10): 70% OF PEARL HAVEN RESIDENTIAL YOUTH WILL INDICATE FEELINGS OF SAFETY.",HI,HI17000,252,department-of-justice,ASST_NON_15POVC23GG02758MINO_015,True
231635659,15POVC23GG02757MINO,CENTER FOR FAMILY SERVICES INC,2023-10-01,2026-09-30,950000.0,Department of Justice,Office of Justice Programs,16.320,"CENTER FOR FAMILY SERVICES (CFS)PROPOSES TO IMPLEMENT SERVICES, TRAINING, & OUTREACH TO PREVENT TRAFFICKING TOGETHER (STOP-TT) IN CAMDEN, CUMBERLAND, GLOUCESTER, CAPE MAY, AND MERCER COUNTIES, NEW JERSEY. THE GOAL OF STOP-TT IS TO PROVIDE HIGH QUALITY, COMPREHENSIVE SERVICES TO ADDRESS THE NEEDS OF MINOR VICTIMS OF SEX AND LABOR TRAFFICKING THROUGH A CONTINUUM OF TRAUMA-INFORMED, CULTURALLY RELEVANT, AND GENDER RESPONSIVE SERVICES TO ENSURE THEIR SAFETY, SECURITY, AND HEALING AND TO PREVENT THEM FROM BEING DIRECTED TO OR INVOLVED IN THE JUSTICE SYSTEM. BUILDING ON CFS PREVIOUS OVC GRANTEE EXPERIENCE, STOP-TT WILL EXPAND PROGRAMMING BY ADDING DEDICATED ANTI-TRAFFICKING ADVOCATES TO WORK WITH MINOR VICTIMS AT CFS THIRTEEN SAFE AND SUPPORTIVE YOUTH HOUSING PROGRAMS. CFS WILL PROMOTE RACIAL EQUITY AND REMOVE BARRIERS TO ACCESS AND OPPORTUNITIES FOR COMMUNITIES THAT HAVE BEEN HISTORICALLY UNDERSERVED AND MARGINALIZED, INCLUDING BLACK, LATINX, AND LGBTQIA+.",NJ,NJ10000,252,department-of-justice,ASST_NON_15POVC23GG02757MINO_015,True
231635654,15POVC23GG02746MINO,SAN DIEGO YOUTH SERVICES,2023-10-01,2027-09-30,950000.0,Department of Justice,Office of Justice Programs,16.320,"SAN DIEGO YOUTH SERVICES (SDYS), A 501(C)3 YOUTH SERVICES ORGANIZATION FOUNDED IN 1970 SERVING HUMAN TRAFFICKING VICTIMS/SURVIVORS IN SAN DIEGO SINCE 2002, PROPOSES A CONTINUUM OF DEVELOPMENTALLY APPROPRIATE, TRAUMA-INFORMED, CULTURALLY AND GENDER-RESPONSIVE SERVICES THAT ADDRESS THE INDIVIDUALNEEDS OF MINOR HUMAN TRAFFICKING VICTIMS/SURVIVORS UNDER AGE 18 AND FILLS GAPS IN SUPPORTS IN THE COMMUNITY AND AGENCY.THE PURPOSE OF THE PROJECT IS TO OFFER DEVELOPMENTALLY APPROPRIATE, CULTURALLY RESPONSIVE, VICTIM-CENTERED, GENDER-RESPONSIVE, STRENGTHS-BASED, AND TRAUMA-INFORMED PEER-BASED AND BEHAVIORAL HEALTH SERVICES AND TO INCREASE THE CAPACITY OF THE COMMUNITY TO MEET THE INDIVIDUAL NEEDS OF BOTH SEX AND LABOR TRAFFICKING VICTIMS/SURVIVORS UNDER AGE 18 OF ALL RACES, ETHNICITIES, NATIONAL ORIGINS, SEXUAL ORIENTATIONS, AND GENDER IDENTITIES TO SUPPORT THEIR INCREASED SAFETY, SECURITY, AND HEALING. EXPECTED OUTCOMES OF ACTIVITIES INCLUDE INCREASED ACCESS TO TRAUMA-INFORMED, CULTURALLY RESPONSIVE, DEVELOPMENTALLY APPROPRIATE SERVICES, IMPROVED IDENTIFICATION OF AND KNOWLEDGE OF LABOR TRAFFICKING, IMPROVED RESPONSE AND ACCESSIBILITY FOR MALE-IDENTIFIED VICTIMS/SURVIVORS, AND IMPROVEMENTS IN EQUITABLE OUTCOMES ACROSS POPULATION SUBGROUPS. THE PROJECT WILL INCLUDE DIVERSITY, EQUITY, AND INCLUSION ACTIVITIES AND PROGRAM ANALYSIS SPECIFIC TO LATINA/O/X, BLACK/AFRICAN AMERICAN, IMMIGRANT/REFUGEE, INDIGENOUS, AND LGBTQ+ POPULATIONS.",CA,CA66000,252,department-of-justice,ASST_NON_15POVC23GG02746MINO_015,True
231635137,15POVC22GG03867HT,NEW YORK ASIAN WOMENS CENTER INC,2022-10-01,2026-09-30,950000.0,Department of Justice,Office of Justice Programs,16.320,"WOMANKIND WILL PROVIDE COMPREHENSIVE, HOLISTIC SERVICES TO 250+ SURVIVORS OF HUMAN TRAFFICKING (BOTH LABOR AND SEX), WITH A FOCUS ON INCREASING MEANINGFUL ACCESS TO SERVICES. THE PROGRAM WILL SERVE SURVIVORS FROM NYC’S FIVE BOROUGHS, WITH THE HIGHEST CONCENTRATIONS BEING IN QUEENS, FOLLOWED BY LOWER MANHATTAN AND BROOKLYN. PAN-ASIAN IMMIGRANTS WILL BE PRIORITIZED, BUT SERVICES WILL BE PROVIDED TO ALL SURVIVORS OF HUMAN TRAFFICKING IN NEED OF ASSISTANCE. OVERALL PROGRAM OBJECTIVES ARE TO: 1) PROVIDE SAFETY AND ACCESS TO SERVICES FOR VICTIMS OF HUMAN TRAFFICKING, 2) CREATE AN INDIVIDUALIZED PATHWAY TOWARD SELF-SUFFICIENCY THAT IS SUSTAINABLE, 3) INCREASE SURVIVORS OF TRAFFICKING ABILITY TO NAVIGATE RESOURCES AND, 4) TO ADVOCATE FOR AND UPLIFT THE VOICES OF SURVIVORS OF TRAFFICKING ACCOUNTING FOR THE INTERSECTIONAL AND CULTURALLY NUANCED NEEDS AND VOICES OF THE COMMUNITY. EXPECTED OUTCOMES INCLUDE INCREASED AWARENESS AROUND HOW TRAFFICKING HAS IMPACTED THEM, THEIR FAMILIES AND COMMUNITIES, AND DEVELOPED COPING MECHANISMS TO NAVIGATE DAILY LIFE INDEPENDENTLY; INCREASED ACCESS AND EVENTUALLY MASTERY IN NAVIGATING RESOURCES AND SYSTEMS; ABILITY TO BUILD PEER RELATIONSHIPS AND COMMUNITY THAT ARE SUPPORTIVE AND HEALING; ABILITY TO FIND A SAFE AND SUSTAINABLE WORK; PROGRESS ON THE REUNIFICATION PROCESS AND BE ABLE TO NAVIGATE ADJUSTMENT (REESTABLISHING OF BOND, HOUSING STABILITY, INCREASING EARNINGS, ADAPTING TO THE NEW ENVIRONMENT); AS WELL AS SYSTEMIC OUTCOMES INCLUDING PROGRESS TOWARD DEMYSTIFYING THE STIGMAS RELATED TO TRAFFICKING AND LABOR EXPLOITATION; POLICY AND LEGISLATIVE CHANGES THAT ACCOUNT FOR THE NEEDS OF IMMIGRANT SURVIVORS OF TRAFFICKING (IN THE AREAS OF WORKERS’ RIGHTS, IMMIGRANTS’ RESOURCES, BENEFITS, AND BETTER WORKING SITUATIONS); AND, INCREASES IN EQUITABLE WORKPLACE AND WORK CULTURES.",NY,NY51000,252,department-of-justice,ASST_NON_15POVC22GG03867HT_015,True
231635129,15POVC22GG03794HT,LIFE-LINK INC,2022-10-01,2025-09-30,950000.0,Department of Justice,Office of Justice Programs,16.320,"THE SOJOURNERS SW INITIATIVE WILL EXPAND THE LIFE LINK’S OUTREACH AND SERVICES TO VICTIMS OF LABOR TRAFFICKING IN THE OIL, GAS, MINING, AGRICULTURE, AND OTHER INDUSTRIES IN THE STATE. THE ORGANIZATION WILL LEVERAGE ITS EXPERTISE TO DEVELOP, EXPAND, AND STRENGTHEN VICTIM SERVICE PROGRAMS THROUGHOUT THE STATE AND REGION, AND PROVIDE COMPREHENSIVE TRAUMA-INFORMED SERVICES TO VICTIMS OF SEX/LABOR TRAFFICKING, DIRECTLY AND THROUGH COMMUNITY PARTNERSHIPS, TO EFFECTIVELY ADDRESS SURVIVOR NEEDS FOR SAFETY, INDEPENDENCE, SELF-SUFFICIENCY, AND WELL-BEING.",NM,NM70500,252,department-of-justice,ASST_NON_15POVC22GG03794HT_015,True
231635125,15POVC22GG03784HT,CENTER FOR FAMILY SERVICES INC,2022-10-01,2026-09-30,950000.0,Department of Justice,Office of Justice Programs,16.320,"CENTER FOR FAMILY SERVICES (CFS) WILL IMPLEMENT THE SERVICES EMPOWERING RIGHTS OF VICTIMS OF HUMAN TRAFFICKING (SERV HT) EXPANSION PROJECT IN CAMDEN, CUMBERLAND, AND GLOUCESTER COUNTIES, NEW JERSEY. THE GOAL OF THE PROPOSED PROJECT IS TO PROVIDE HIGH-QUALITY, COMPREHENSIVE SERVICES TO SURVIVORS OF HUMAN TRAFFICKING (HT) INCLUDING INFORMATION AND REFERRAL, ADVOCACY AND ACCOMPANIMENTS, MENTAL HEALTH TREATMENT, AND SPECIALIZED EMERGENCY AND TRANSITIONAL HOUSING SERVICES. THIS INITIATIVE WILL EXPAND EXISTING PROGRAMMING BY PLACING AN INCREASED FOCUS ON SERVING HISTORICALLY UNDERSERVED AND MARGINALIZED POPULATIONS IN THE SERVICE AREA. CFS WILL MAKE A SUBAWARD TO HANNAH’S HOUSE, A CULTURALLY-SPECIFIC ORGANIZATION PARTNERING WITH CFS TO PROVIDE TRANSITIONAL HOUSING TO HT SURVIVORS. THROUGH THIS PROJECT, CFS WILL SEEK TO SERVE MEMBER OF THESE MARGINALIZED AND UNDERSERVED COMMUNITIES, SPECIFICALLY BLACK AND HISPANIC HT SURVIVORS AND MEMBERS OF LGBTQ+ COMMUNITIES WHO ARE HT SURVIVORS. CFS IS THE ONLY HUMAN SERVICES AGENCY WITHIN THIS SERVICE AREA WITH PROGRAMMING SPECIFICALLY DESIGNED TO IDENTIFY AND SERVE HT VICTIMS. CFS WILL SEEK TO ACHIEVE THE FOLLOWING OBJECTIVES WITH SERV HT: 1) IDENTIFY AND SERVE 50 NEW HT SURVIVORS; 2) OFFER A VOLUNTARY CONTINUUM OF EMERGENCY AND STABILIZATION SERVICES TO 100% OF HT SURVIVORS; 3) PROVIDE EMERGENCY HOUSING TO 10 HT SURVIVORS THROUGH TWO CFS OPERATED DV SAFE HOUSES; 4) PROVIDE TRANSITIONAL HOUSING TO 25 HT SURVIVORS THROUGH CFS’S PARTNER HANNAH’S HOUSE; 5) CONDUCT 30 OUTREACH EVENTS DEVELOPED TO REACH HISTORICALLY UNDERSERVED AND MARGINALIZED COMMUNITIES; 6) FACILITATE 30 MONTHLY TRAINING EVENTS TO ALLIED PROFESSIONALS; 7) CONDUCT ACTION RESEARCH TO ENSURE HT SURVIVORS ARE PROVIDED WITH CULTURALLY AND LINGUISTICALLY APPROPRIATE SERVICES.",NJ,NJ10000,252,department-of-justice,ASST_NON_15POVC22GG03784HT_015,True
231635116,15POVC22GG03759HT,"YOUNG MENS CHRISTIAN ASSOCIATION OF THE GREATER HOUSTON AREA, INC",2022-10-01,2026-09-30,950000.0,Department of Justice,Office of Justice Programs,16.320,"THE PROGRAM WILL ENHANCE THE QUALITY AND SCOPE OF SERVICES AVAILABLE FOR MINOR VICTIMS OF HUMAN TRAFFICKING IN THE GREATER HOUSTON AREA (HARRIS, FORT BEND, MONTGOMERY, GALVESTON, WALLER, BRAZORIA, LIBERTY, AND CHAMBERS COUNTIES) THROUGH COLLABORATIVE PARTNERSHIPS, INCREASED CAPACITY FOR LEGAL REPRESENTATION, AND BY RECRUITING, SCREENING, AND TRAINING SOCIAL WORK INTERNS. THE YMCA’S CLIENT-CENTRIC APPROACH ADDRESSES CURRENT GAPS IN SERVICES IN THREE WAYS: 1) EDUCATING AND EMPOWERING THE CLIENT ABOUT THE PROCESS AND PATHWAY TO RECOVERY; 2) ENSURING ALL LEGAL NEEDS ARE MET (EITHER IN-HOUSE OR THROUGH DIRECT REFERRALS TO PARTNER AGENCIES); AND 3) ASSESSING AND ADDRESSING THE SOCIAL SERVICE NEEDS OF EACH CLIENT, WITH A FOCUS ON ADDRESSING MENTAL HEALTH NEEDS. WORKING WITH THE ORGANIZATION’S EXISTING CRIME VICTIMS’ PROGRAMS’ MANAGEMENT AND SUPERVISION STRUCTURE, PROJECT STAFF WILL RECEIVE THE NECESSARY SUPPORT AND ASSURE QUALITY SERVICES TO CLIENTS. THIS PROGRAM WILL DEVELOP COMPREHENSIVE RESPONSE PROTOCOLS TO ENSURE THAT ALL MINOR VICTIMS OF LABOR TRAFFICKING ARE IDENTIFIED AND REFERRED FOR HOLISTIC CASE MANAGEMENT SERVICES INCLUDING HOUSING, FOOD, MEDICAL, MENTAL HEALTH, EDUCATIONAL, LEGAL, AND TRANSPORTATION.",TX,TX35000,252,department-of-justice,ASST_NON_15POVC22GG03759HT_015,True
231635112,15POVC22GG03755HT,RUBY'S PLACE,2022-10-01,2026-03-31,950000.0,Department of Justice,Office of Justice Programs,16.320,"RUBY'S PLACE IN ALAMEDA COUNTY, CALIFORNIA, WILL PROVIDE A RANGE OF TRAUMA-INFORMED SUPPORTIVE SERVICES TO A VARIETY OF INDIVIDUALS WHO EXPERIENCE HUMAN TRAFFICKING INCLUDING VICTIMS OF BOTH SEX AND LABOR TRAFFICKING, MINORS AND ADULTS, INDIVIDUALS OF ALL GENDERS, U.S. CITIZENS, RESIDENTS, AND FOREIGN NATIONALS. RUBY'S PLACE SERVES PRIMARILY VICTIMS RESIDING IN OR EXPLOITED IN ALAMEDA COUNTY BUT DOES PROVIDE SUPPORT FOR VICTIMS FROM THROUGHOUT THE SAN FRANCISCO BAY AREA. THE OVERALL GOAL OF THE PROGRAM IS TO STRENGTHEN TRAUMA-INFORMED VICTIM SERVICE PROGRAMS FOR VICTIMS OF HUMAN TRAFFICKING. PROGRAM OBJECTIVES ARE: 1) PROVIDE SERVICES TO MEET THE INDIVIDUAL NEEDS OF VICTIMS OF HUMAN TRAFFICKING; 2) COLLABORATE WITH AND TRAIN LOCAL PARTNERS TO ENSURE TRAFFICKING VICTIMS ARE PROPERLY IDENTIFIED AND REFERRED FOR APPROPRIATE SERVICES; 3) PROVIDE ASSISTANCE OR REFERRALS TO OTHER ESSENTIAL SERVICES FOR VICTIMS; AND 4) COLLECT DATA AND PARTICIPATE IN EVALUATION ACTIVITIES TO DETERMINE IF THE PROGRAM IS MEETING STATED GOALS AND OBJECTIVES. SPECIFIC SERVICES TO BE PROVIDED INCLUDE INFORMATION AND REFERRAL; PERSONAL ADVOCACY/ACCOMPANIMENT; EMOTIONAL SUPPORT, SAFETY, AND HEALTH SERVICES; SHELTER AND HOUSING SERVICES; CRIMINAL/CIVIL JUSTICE SYSTEM ASSISTANCE; AND SUPPORT WITH EDUCATION AND EMPLOYMENT GOALS AND LIFE SKILLS. PARTNERS INCLUDE THE ALAMEDA COUNTY DISTRICT ATTORNEY'S OFFICE, ASIAN PACIFIC ISLANDER LEGAL OUTREACH, TIBURCIO VASQUEZ COMMUNITY HEALTH CENTER, HORIZON SERVICES, INTERNATIONAL RESCUE COMMITTEE, AND PROGRESSIVE TRANSITIONS.",CA,CA11964,252,department-of-justice,ASST_NON_15POVC22GG03755HT_015,True
231635103,15POVC22GG03746HT,COALITION TO ABOLISH SLAVERY & TRAFFICKING,2022-10-01,2025-09-30,950000.0,Department of Justice,Office of Justice Programs,16.320,"THE GOAL OF THE PROPOSED PROGRAM IS TO EXPAND EMERGENCY RESPONSE (ER) SERVICES TO SURVIVORS OF HUMAN TRAFFICKING IN LOS ANGELES COUNTY IN CALIFORNIA BY: DELIVERING ER HOTLINE SERVICES BY HANDLING AT LEAST 6,000 HOTLINE CALLS AND RESPONDING AS NEEDED; AND PROVIDING EMERGENCY VICTIM SERVICES TO AT LEAST 180 PATIENTS IN HEALTH CARE SETTINGS; AS WELL AS WORKING IN COLLABORATION WITH AND TRAINING FEDERAL, STATE, AND LOCAL LAW ENFORCEMENT, LOCAL SERVICE PROVIDERS (INCLUDING HOSPITALS), AND COMMUNITY- AND FAITH-BASED ORGANIZATIONS TO ENSURE TRAFFICKING VICTIMS ARE IDENTIFIED AND REFERRED FOR APPROPRIATE SERVICES; AND REFERRING VICTIMS TO OTHER ESSENTIAL SERVICES. SERVICES TO BE DELIVERED INCLUDE CLIENT COORDINATION, SAFETY AND WELLBEING, MATERIAL ASSISTANCE, REUNIFICATION AND REPATRIATION; HOUSING ASSISTANCE; HEALTH-RELATED SERVICES; EDUCATION/EMPLOYMENT ASSISTANCE; SUPPORT SERVICES; ADVOCACY AND LEGAL ASSISTANCE. CAST HAS PROFOUND EXPERIENCE WORKING WITH DIVERSE POPULATIONS OF TRAFFICKING VICTIMS, PROMOTING RACIAL EQUITY, AND CONTRIBUTING TO GREATER ACCESS TO SERVICES FOR COMMUNITIES THAT HAVE BEEN HISTORICALLY UNDERSERVED, MARGINALIZED, AND ADVERSELY AFFECTED BY INEQUALITY. CAST ALSO OFFERS EXTENSIVE TRAINING TO ITS STAFF ON DELIVERING SERVICES WITH THE GOAL OF RACIAL EQUITY AND BUILDS PARTNERSHIPS WITH GRASSROOTS ORGANIZATIONS IN COMMUNITIES OF COLOR TO INCREASE THE RATE OF VICTIM IDENTIFICATION AMONG THEM.",CA,CA44000,252,department-of-justice,ASST_NON_15POVC22GG03746HT_015,True
231635127,15POVC22GG03789HT,"STREET GRACE, INC.",2022-10-01,2025-09-30,949998.0,Department of Justice,Office of Justice Programs,16.320,"STREET GRACE WILL EXPAND SERVICES AVAILABLE TO CHILD VICTIMS OF HUMAN TRAFFICKING OUTSIDE OF THE METROPOLITAN ATLANTA AREA IN GEORGIA, WHERE MOST SERVICES ARE FOUND. THIS PROJECT IS STREET GRACE’S CARE COORDINATION PROGRAM FOR CHILD VICTIMS OF HUMAN TRAFFICKING. STREET GRACE WILL USE A COORDINATED COMMUNITY APPROACH AND PARTNER WITH OTHER SERVICE ORGANIZATIONS IN THE AREA IN ORDER TO PROVIDE 90 YOUTH TRAFFICKING VICTIMS WITH COMPREHENSIVE CASE MANAGEMENT SERVICES. STREET GRACE’S DIRECT SERVICES ARE FOUNDED ON AN INTENSIVE CASE MANAGEMENT APPROACH CENTERED AROUND THE SEEKING SAFETY CURRICULUM THAT PRIORITIZES SAFETY THROUGH MANAGING POST-TRAUMATIC STRESS DISORDER (PTSD) AND OTHER MENTAL HEALTH NEEDS TRAUMA VICTIMS EXPERIENCE. STREET GRACE WILL ALSO DELIVER TRAININGS ON HUMAN TRAFFICKING TO BUILD THE CAPACITY OF SERVICE PROVIDERS AND LAW ENFORCEMENT, AS WELL AS OTHER COMMUNITY MEMBERS IN THE MIDDLE AND SOUTHERN GEORGIA REGIONS, TO IDENTIFY VICTIMS OF TRAFFICKING, RESPOND IN A VICTIM-CENTERED AND TRAUMA-INFORMED MANNER, AND REFER THEM FOR APPROPRIATE SERVICES. STREET GRACE'S SURVIVOR ADVISORY COUNCIL, CURRENT COMMUNITY PARTNERS, AND SERVICE PROVIDERS WILL ENSURE THAT CHILD TRAFFICKING SURVIVORS HAVE ACCESS TO A WIDE RANGE OF SERVICES AND SUPPORTS, IN ORDER TO RESPOND TO THEIR COMPLEX AND INTENSIVE NEEDS. AS A RESULT OF THE PROGRAM, YOUTH SURVIVORS WILL REPORT AN INCREASE IN STRENGTHS, DECREASE IN NEEDS, AND IMPROVED WELLBEING. STREET GRACE WILL ENSURE THE IMPACT AND VALIDITY OF THE PROJECT THROUGH STRATEGIC EVALUATION AND MONITORING OF OUTCOMES AND DATA.",GA,GA55776,252,department-of-justice,ASST_NON_15POVC22GG03789HT_015,True
231635716,15POVC23GG04091HT,"SPECIAL SERVICE FOR GROUPS, INC.",2023-10-01,2026-09-30,949997.0,Department of Justice,Office of Justice Programs,16.320,"SPECIAL SERVICE FOR GROUPS, INC. (SSG), THROUGH ITS DIVISION APAIT (SSG/APAIT), PROPOSES THE HEALING OPPORTUNITIES THROUGH PERSEVERANCE AND EMPOWERMENT(HOPE) PROGRAM TO ADDRESS THE NEEDS OF UNDERSERVED ADULT ASIAN AND PACIFIC ISLANDER (API) HUMAN TRAFFICKING (BOTH SEX AND LABOR TRAFFICKING) VICTIMS IN LOS ANGELES COUNTY (LAC), CA. SSG/APAIT WILL PARTNER WITH THREE OTHER LOCAL SERVICE PROVIDERS  THE COALITION TO ABOLISH SLAVERY AND TRAFFICKING (CAST), CHINATOWN SERVICE CENTER (CSC), AND THAI COMMUNITY DEVELOPMENT CENTER (THAI CDC)  VIA SUBCONTRACT TO IMPLEMENT THE PROPOSED PROJECT. EACH PROGRAM PARTNER POSSESSES SPECIFIC CULTURAL AND LINGUISTIC EXPERTISE IN SERVING API COMMUNITIES AND THIS EXPERTISE IS THE CORNERSTONE OF THE PROGRAM DESIGN AND IMPLEMENTATION. THESE AGENCIES WILL COLLABORATE TO DELIVER A RANGE OF VICTIM-CENTERED SERVICES TO 45-60 API SURVIVORS OF HUMAN TRAFFICKING, INCLUDING SCREENING AND ASSESSMENT, CRISIS RESPONSE, MENTAL/BEHAVIORAL HEALTH SERVICES, CASE MANAGEMENT, MEDICAL SERVICES, AND LEGAL SERVICES. CAST OPERATES A 24/7 HOTLINE THAT WILL SERVE AS THE PRIMARY POINT OF ENTRY TO THE PROGRAM FOR VICTIMS, AS WELL AS A CRITICAL BRIDGE TO SERVICES. CAST WILL PROVIDE BRIEF SCREENING, ASSISTANCE WITH EMERGENCY TRANSPORTATION AND HOUSING, AND LINKAGE TO SSG/APAIT, WHO WILL PROVIDE ASSESSMENT, CASE MANAGEMENT, MENTAL/BEHAVIORAL HEALTH SERVICES, AND LINKAGE TO MEDICAL SERVICES AT CSC AND LEGAL SERVICES AT THAI CDC. COLLECTIVELY, THESE SERVICES WILL ADDRESS THE INDIVIDUAL NEEDS OF SURVIVORS AND HELP TO SUPPORT LONG-TERM RECOVERY, HEALTH, AND WELL-BEING. AS PART OF A COMPREHENSIVE APPROACH, SSG/APAIT AND PARTNERS WILL ALSO COLLABORATE WITH AND TRAIN LOCAL PROVIDERS (INCLUDING LAW ENFORCEMENT AND OTHER SERVICE PROVIDERS) TO ENHANCE CAPACITY TO IDENTIFY TRAFFICKING VICTIMS AND PROVIDE REFERRALS FOR APPROPRIATE SERVICES.",CA,CA44000,252,department-of-justice,ASST_NON_15POVC23GG04091HT_015,True
231635655,15POVC23GG02748MINO,ASIAN ASSOCIATION OF UTAH,2023-10-01,2026-09-30,949991.0,Department of Justice,Office of Justice Programs,16.320,"THE ASIAN ASSOCIATION OF UTAH (AAU) PROPOSES TO IMPLEMENT THE MINOR VICTIMS OF HUMAN TRAFFICKING (MVHT) PROGRAM TO ENHANCE THE SCOPE OF TAILORED SERVICES FOR UTAHS MINOR VICTIMS OF SEX AND LABOR TRAFFICKING AND TO INCREASE THE COMMUNITYS CAPACITY TO IDENTIFY AND RESPOND TO THE TRAFFICKING OF MINORS.MVHT GOALS INCLUDE 1) MINOR TRAFFICKING VICTIMS HAVE ACCESS TO DEVELOPMENTALLY APPROPRIATE, CULTURALLY AND GENDER RESPONSIVE, VICTIM-CENTERED AND TRAUMA-INFORMED CASE MANAGEMENT AND WRAPAROUND SERVICES TO SUPPORT THEIR SAFETY, SECURITY, AND HEALING; AND 2) IDENTIFY MINOR VICTIMS OF ALL TYPES OF TRAFFICKING THROUGH USE OF COORDINATED TRAINING, PUBLIC AWARENESS AND OUTREACH EFFORTS. PROJECT ACTIVITIES INCLUDE PROVISION OF INDIVIDUALIZED CASE MANAGEMENT AND WRAPAROUND SERVICES, MENTORING, COORDINATION OF CARE ACROSS MULTIPLE SYSTEMS, PARTNERSHIP EXPANSION TO ENHANCE SERVICE OPTIONS, AND PROVISION OF LIFE SKILLS GROUPS AND OPPORTUNITIES FOR MEANINGFUL CONNECTION TO THE COMMUNITY. ADDITIONAL ACTIVITIES INCLUDE THE UPDATING OF HUMAN TRAFFICKING TRAINING AND AWARENESS MATERIALS, OUTREACH TO MINORS AT RISK OF BEING/HAVING BEEN TRAFFICKED AND PARTNERS WHO ARE IN CONTACT WITH HIGH-RISK YOUTH, TRAINING COMMUNITY MEMBERS ON THE ISSUE OF TRAFFICKING OF MINORS, CONDUCTING PUBLIC AWARENESS, ENGAGING STAKEHOLDERS TO INCREASE COORDINATED COMMUNITY RESPONSE AND ESTABLISHMENT OF COMMUNITY-BASED INTERVENTIONS, AND DATA COLLECTION AND EVALUATION. EXPECTED OUTCOMES INCLUDE ENHANCED QUALITY AND QUANTITY OF TAILORED SERVICES FOR VICTIMIZED MINORS; ENROLLED MINOR VICTIMS ARE SAFE, STABLE, AND ON A PATH TO HEALING; AN INCREASED COMMUNITY CAPACITY TO IDENTIFY AND RESPOND TO THE TRAFFICKING OF MINORS; A COMPREHENSIVE NETWORK OF PARTNERS, AND THE ESTABLISHMENT OF COMMUNITY-BASED INTERVENTIONS. MINOR TRAFFICKING VICTIMS, MINORS AT RISK OF BEING TRAFFICKED/HAVING BEEN TRAFFICKED, AND THE COMMUNITY AT LARGE ARE THE INTENDED BENEFICIARIES OF THIS PROGRAM.",UT,UT67000,252,department-of-justice,ASST_NON_15POVC23GG02748MINO_015,True
231635120,15POVC22GG03766HT,MOUNT SINAI HOSPITAL,2022-10-01,2025-09-30,949989.14,Department of Justice,Office of Justice Programs,16.320,"THE MOUNT SINAI ADOLESCENT HEALTH CENTER (MSAHC) WILL CREATE AN AUTONOMOUS PROGRAM FOR YOUTH VICTIMS OF HUMAN TRAFFICKING, PROMOTING RACIAL EQUITY AND THE REMOVAL OF BARRIERS TO ACCESS AND OPPORTUNITY, SERVING UNDERSERVED YOUTH SURVIVORS OF HUMAN TRAFFICKING TO ADDRESS IDENTIFIED BARRIERS AND GAPS IN MEDICAL, MENTAL HEALTH, HOUSING, CAREER DEVELOPMENT, AND LEGAL SERVICES. MSAHC WILL PROVIDE COMPREHENSIVE HEALTH CARE SERVICES INCLUDING PRIMARY, MENTAL / BEHAVIORAL, SEXUAL AND REPRODUCTIVE, AND OPTICAL CARE TO 100 SURVIVORS OF HUMAN TRAFFICKING EACH YEAR OF THE GRANT. ADDITIONALLY, MSAHC WILL UTILIZE ITS ESTABLISHED CONNECTIONS WITH COVENANT HOUSE NY, STRIVE, AND SANCTUARY FOR FAMILIES TO PROVIDE SURVIVORS WITH STABLE HOUSING, CAREER DEVELOPMENT, AND COMPREHENSIVE LEGAL SERVICES, RESPECTIVELY. ALL SERVICES ARE TO BE PROVIDED FREE OF CHARGE AND CREATED WITHIN THE FRAMEWORKS OF RACIAL, SOCIAL, ECONOMIC, AND SEXUAL AND REPRODUCTIVE JUSTICE TO HELP ACHIEVE HEALTH EQUITY AND AUTONOMY. THE BENEFICIARIES OF THIS PROPOSAL WILL HAVE ACCESSIBLE, HIGH QUALITY, INTEGRATED SERVICES, ENABLING THEM TO HEAL, BUILD RESILIENCY, AND REACH THEIR FULL POTENTIAL. THIS PROGRAM USES AN APPROACH TO CARE EMPOWERING SURVIVORS TO UNDERSTAND THEIR OWN HEALTH CARE DECISIONS AND SUPPORTIVE SERVICE OPTIONS, IN SO DOING BECOMING ADVOCATES FOR NOT ONLY THEMSELVES, BUT FOR OTHERS WITHIN THEIR COMMUNITIES.",NY,NY51000,252,department-of-justice,ASST_NON_15POVC22GG03766HT_015,True
231635690,15POVC23GG04064HT,"BETH ISRAEL DEACONESS MEDICAL CENTER, INC.",2023-10-01,2026-09-30,949958.0,Department of Justice,Office of Justice Programs,16.320,"THIS PROJECT WILL SUPPORT THE CONTINUATION AND FURTHER EXPANSION OF ADELANTE, AN INNOVATIVE, INTEGRATED, AND COLLABORATIVE PROJECT BETWEEN THE TWO LARGEST HEALTHCARE SYSTEMS IN THE STATE OF MASSACHUSETTS, BETH ISRAEL LAHEY HEALTH AND MASS GENERAL BRIGHAM. THE ADELANTE PROJECT SEEKS TO ADDRESS THE UNIQUELY POSITIONED, YET UNDERUTILIZED, ACCESS POINT OF HEALTHCARE AS A MEANS OF ASSISTING CURRENT AND FORMER ADULT VICTIMS OF LABOR AND SEX TRAFFICKING THROUGHOUT GREATER BOSTON AND EASTERN MASSACHUSETTS. THIS CROSS-FUNCTIONING PROJECT BRIDGES THE VIOLENCE PREVENTION PROGRAMS OF FLAGSHIP HOSPITALS FROM EACH HEALTHCARE SYSTEM, BETH ISRAEL DEACONESS MEDICAL CENTER (BIDMC) AND BRIGHAM AND WOMENS HOSPITAL (BWH), TO MORE ROBUSTLY ADDRESS THE NEEDS OF SURVIVORS BY LEVERAGING BOTH ORGANIZATIONS' RESOURCES, PROVIDING A MORE COMPREHENSIVE SCOPE OF SERVICES. THE PROJECT WILL OFFER CLINICALLY INFORMED CASE MANAGEMENT AND ADVOCACY SERVICES, AS WELL AS NEW GROUP MODALITIES, EXPAND HOUSING/SHELTER OPTIONS, AND WILL PROVIDE LEGAL, HOUSING, AND EDUCATIONAL SUPPORT VIA PARTNER ORGANIZATIONS. TO ENHANCE HEALTHCARE RESPONSIVENESS, ADELANTE WILL BUILD OUT A SYSTEM-WIDE TRAINING PLAN, CREATE BEST PRACTICE GUIDANCE AND FACILITATE THE INTEGRATION OF THESE THROUGH A CROSS-SYSTEM WORKING GROUP. ADELANTE WILL UTILIZE THIS TRAINING MODEL TO PROVIDE ONGOING OUTREACH AND TRAINING OPPORTUNITIES TO OUTSIDE AGENCIES WITH A FOCUS ON DEVELOPING RELATIONSHIPS WITH CULTURALLY RESPONSIVE DOMESTIC VIOLENCE AGENCIES AND AREA WORKER CENTERS THAT ARE WELL-POSITIONED TO ENCOUNTER POTENTIAL SURVIVORS OF LABOR TRAFFICKING. THIS PROJECT SEEKS TO EXPAND THE CURRENT SERVICES AVAILABLE THROUGH VALUED PARTNERSHIPS WITH AGENCIES SUCH AS JEWISH VOCATIONAL SERVICES, LEGAL SERVICES CENTER, BOSTON UNIVERSITY IMMIGRANTS RIGHTS AND HUMAN TRAFFICKING CLINIC, AND HEALTH IMPERATIVES. DATA COLLECTION AND PARTICIPATION IN EVALUATION ACTIVITIES WILL OCCUR THROUGHOUT THE PROJECT TO ENSURE IT IS MEETING ITS OBJECTIVES. THROUGH THESE ACTIVITIES, ADELANTE WILL 1) PROVIDE DIRECT COMPREHENSIVE SERVICES TO ACCOMMODATE THE INDIVIDUALIZED NEEDS OF VICTIMS; 2) ENHANCE HEALTHCARE RESPONSIVENESS TO LABOR AND SEX TRAFFICKING THROUGH THE DEVELOPMENT, AND PROVIDING OF, TRAUMA- AND SURVIVOR-INFORMED TRAINING; 3) BUILD OUT COLLABORATION WITH, AND TRAINING FOR LOCAL PARTNERS; AND 4) STRENGTHEN THE NETWORK OF SERVICES AVAILABLE TO VICTIMS TO INCREASE SUPPORT AND CONNECTIONS TO ESSENTIAL SERVICES.",MA,MA07000,252,department-of-justice,ASST_NON_15POVC23GG04064HT_015,True
231635720,15POVC23GG04095HT,INTERNATIONAL RESCUE COMMITTEE INC,2023-10-01,2027-03-31,949872.0,Department of Justice,Office of Justice Programs,16.320,"THE INTERNATIONAL RESCUE COMMITTEE, INC. IN OAKLAND (IRC) WILL PROVIDE ENHANCED COMPREHENSIVE SERVICES TO ALL FORMS OF HUMAN TRAFFICKING, INCLUDING FOREIGN-BORN AND DOMESTIC, SEX, AND LABOR, MALE, FEMALE, AND LGBTQ ADULT VICTIMS THROUGHOUT THE SAN FRANCISCO BAY AREA, INCLUDING ALAMEDA AND SAN FRANCISCO COUNTIES. OVC FUNDING WILL ENABLE IRC TO ENHANCE CURRENT ANTI-TRAFFICKING PROGRAMMING BY PROVIDING SURVIVORS OF TRAFFICKING WITH COMPREHENSIVE CASE MANAGEMENT SERVICES. VICTIMS WILL HAVE ACCESS TO ESSENTIAL SERVICES THAT PROMOTE WELL-BEING AND SUPPORT ENGAGEMENT IN THE PROPOSED HUMAN TRAFFICKING PREVENTION AND EDUCATION (HOPE) PROJECT. SUPPORTIVE SERVICES INCLUDE, BUT ARE NOT LIMITED TO, BASIC NEEDS AND SUSTENANCE, EMPLOYMENT SUPPORT SERVICES, JOB TRAINING, MENTAL HEALTH, MEDICAL CARE, LEGAL SERVICES, AND COMMUNITY INTEGRATION. IRC WILL HOLD TRAININGS FOR LOCAL PARTNERS AND SERVICE PROVIDERS TO AID WITH VICTIM IDENTIFICATION AND REFERRAL AND WILL DEVELOP SIX NEW PARTNERSHIPS TO EXPAND THE SERVICES AVAILABLE TO CLIENTS. THROUGH THESE COLLABORATIONS AND PARTNERSHIPS, IRC WILL ENSURE TRAFFICKING VICTIMS ARE PROPERLY IDENTIFIED AND REFERRED TO APPROPRIATE SUPPORT SERVICES.",CA,CA53000,252,department-of-justice,ASST_NON_15POVC23GG04095HT_015,True
231635685,15POVC23GG04058HT,MOUNTAIN-PLAINS YOUTH SERVICES COALITION,2023-10-01,2026-09-30,949850.0,Department of Justice,Office of Justice Programs,16.320,"MOUNTAIN-PLAINS YOUTH SERVICES COALITION (D.B.A. YOUTHWORKS) WILL ENHANCE SERVICES TO YOUTH VICTIMS OF TRAFFICKING (AGES 11-24) IN NORTH DAKOTA. ANNUALLY, THE PROJECT WILL SERVE 100 YOUTH VICTIMS OF HUMAN TRAFFICKING, WITH AN EMPHASIS ON INCREASING IDENTIFICATION OF LABOR TRAFFICKING AND MALE VICTIMS. YOUTHWORKS IS A LEADING PROVIDER OF ANTI-TRAFFICKING SERVICES, INCLUDING ADVOCACY, CASE MANAGEMENT, THERAPY, SURVIVOR LEADERSHIP, AND OTHER SURVIVOR-CENTERED SERVICES THROUGHOUT NORTH DAKOTA, AND HAS EXTENSIVE EXPERIENCE SERVING RUNAWAY, HOMELESS, TRAFFICKED AND STREET YOUTH (RHTSY). THE PROPOSED PROJECT WOULD ENHANCE SERVICES FOR SYSTEMS-INVOLVED AND UNDER IDENTIFIED YOUTH VICTIMS THROUGH A YOUTH NAVIGATION MODEL, INCREASE AGENCY CAPACITY TO PROVIDE IN-HOUSE HT THERAPY, AND ENSURE CONTINUED FUNDING FOR THE PROVISION OF COMPREHENSIVE SERVICES THROUGH HUMAN TRAFFICKING YOUTH SPECIALISTS AND SURVIVOR LEADERSHIP WORK. PROJECT ACTIVITIES INCLUDE COMPREHENSIVE SERVICES FOR SUSPECTED OR CONFIRMED VICTIMS OF TRAFFICKING; SYSTEMS-RESPONSIVE AND YOUTH-CENTERED MULTI-DISCIPLINARY RESPONSE TEAMS; OUTREACH AND TRAINING BY THE YOUTH NAVIGATORS; THE DEVELOPMENT OF CURRICULUM ON IDENTIFYING AND SERVING ALL TRAFFICKED YOUTH, WITH A SPECIAL EMPHASIS ON LABOR TRAFFICKING AND MALE TRAFFICKING VICTIMS; AND EXPANDED THERAPEUTIC SERVICES TO TRAFFICKED YOUTH ACROSS THE STATE. EXPECTED OUTCOMES INCLUDE WELL-COORDINATED, STATE-WIDE RESPONSES TO YOUTH VICTIMS OF TRAFFICKING, AN INCREASE IN MALE AND LABOR TRAFFICKED YOUTH IDENTIFIED, AND MORE INDIVIDUALS AND FAMILIES RECEIVING THERAPY. YOUTH OF ANY GENDERS, AGES 11 TO 24, WHO ARE OR HAVE EXPERIENCED ANY FORM OF TRAFFICKING ARE THE INTENDED BENEFICIARIES OF THE PROJECT.",ND,ND07200,252,department-of-justice,ASST_NON_15POVC23GG04058HT_015,True
231635664,15POVC23GG02763MUMU,MOTIVATING INSPIRING SUPPORTING & SERVING SEXUALLY EXPLOITED YOUTH INC,2023-10-01,2026-09-30,949660.0,Department of Justice,Office of Justice Programs,16.320,"MISSSEY IS A BLACK-LED, SURVIVOR-LED, SURVIVOR-INFORMED NONPROFIT ORGANIZATION FOUNDED IN 2007 DEVOTED TO MOTIVATING, INSPIRING, SUPPORTING, AND SERVING SEXUALLY EXPLOITED YOUTH. MISSSEY PROPOSES TO IMPLEMENT THE NOT JUST SURVIVING, BUT THRIVING PROJECT. ITS PURPOSE IS TO INCREASE THE REACH AND AVAILABILITY OF COMPREHENSIVE, TRAUMA-INFORMED, CULTURALLY-RELEVANT SUPPORTIVE SERVICES TO HELP MINOR VICTIMS OF SEX TRAFFICKING IN ALAMEDA COUNTY AND THE SAN FRANCISCO BAY AREA TO EXIT TRAFFICKING AND EXPLOITATION.

PROJECT ACTIVITIES: THROUGH THIS PROJECT MISSSEY WILL REACH MORE TRAFFICKED YOUTH WITH ITS TRAUMA-INFORMED, GENDER-RESPONSIVE, SURVIVOR-INFORMED AND BIPOC YOUTH-CENTERED SERVICES. THE PROJECT WILL PROVIDE DROP IN CENTER SERVICES INCLUDING CRISIS RESPONSE, BASIC NEEDS ASSISTANCE, AND CONNECTIONS TO COMMUNITY RESOURCES; INTENSIVE ONE-ON-ONE TRANSFORMATION COACHING (CASE MANAGEMENT) INCLUDING SPECIALIZED ASSESSMENT, SAFETY PLANNING, LIFE COACHING, AND WARM REFERRALS TO OUR NETWORK OF SERVICE PARTNERS; HOUSING ASSISTANCE; CLINICAL THERAPY; AND FREE FOOD ACCESS.

EXPECTED OUTCOMES ARE THAT MISSSEY WILL HAVE THE CAPACITY TO PROVIDE DIRECT SERVICES TO AT LEAST 105 ADDITIONAL MINOR VICTIMS OF TRAFFICKING PER YEAR (SERVING 315 NEW UNDUPLICATED INDIVIDUALS OVER THE 3 YEAR GRANT PERIOD) WHO IT WOULD NOT OTHERWISE SERVE.

INTENDED BENEFICIARIES ARE MINOR GIRLS AND GENDER-EXPANSIVE YOUTH WHO ARE SURVIVORS OF SEX TRAFFICKING, AGES 12-18, MANY OF WHOM ALSO EXPERIENCE LABOR TRAFFICKING. BLACK GIRLS MAKE UP THE MAJORITY OF TRAFFICKED YOUTH IN OAKLAND, AND 87% OF MISSSEYS CLIENTS ARE AFRICAN AMERICAN. NEARLY ALL COME FROM HIGH-POVERTY NEIGHBORHOODS, AND LAST YEAR, 85% OF MISSSEYS CLIENTS LACKED STABLE HOUSING.

FOUR COMMUNITY PARTNERS ARE SUBRECIPIENTS ON THIS PROJECT. DREAM YOUTH CLINIC WILL PROVIDE HEALTH CARE TO CLIENTS REFERRED BY MISSSEY, AND REFER TRAFFICKED YOUNG PEOPLE TO MISSSEY FOR ASSESSMENT AND SERVICES. JUSTICE AT LAST WILL ACCEPT REFERRALS TO PROVIDE LEGAL SERVICES TO MISSSEY CLIENTS. URBAN UNIVERSITY WILL PROVIDE JOB READINESS TRAINING AND JOB PLACEMENT TO PREGNANT AND PARENTING MISSSEY CLIENTS. THE SAN FRANCISCO COALITION AGAINST HUMAN TRAFFICKING (SFCAHT) WILL REFER YOUNG VICTIMS OF TRAFFICKING TO MISSSEY WHO CALL ITS 24/7 HUMAN TRAFFICKING HOTLINE.",CA,CA53000,252,department-of-justice,ASST_NON_15POVC23GG02763MUMU_015,True
231635117,15POVC22GG03760HT,"INTERNATIONAL RESCUE COMMITTEE, INC.",2022-10-01,2026-03-31,949540.0,Department of Justice,Office of Justice Programs,16.320,"UNDER THIS PROJECT, IRC WILL EXPAND AND CONTINUE PROVIDING COMPREHENSIVE SERVICES TO VICTIMS OF TRAFFICKING (VOTS) IN 19 COUNTIES OF BIG COUNTRY AND WEST TEXAS FROM IDENTIFICATION TO SELF-SUFFICIENCY, BUILD COMMUNITY CAPACITY TO INCREASE IDENTIFICATION AND COLLABORATION, ACCURATELY CONNECT VOTS TO NECESSARY REFERRALS AND SERVICES, AND TRACK PROGRAMMATIC IMPACT THROUGH DATA AND ONGOING EVALUATION. COMPREHENSIVE SERVICES TO ALL VOTS, REGARDLESS OF CITIZENSHIP, TYPE OF TRAFFICKING, GENDER AND AGE, WILL BE PROVIDED BY AN ANTI-TRAFFICKING CASEWORKER, UTILIZING TRAUMA-INFORMED, VICTIM CENTERED SERVICES THAT PRESERVE THE AUTONOMY OF VOTS AND SEEK TO EMPOWER CLIENTS IN REBUILDING THEIR LIVES. THE 19 COUNTIES TO BE COVERED BY THE PROJECT ARE BROWN, CALLAHAN, COKE, COLEMAN, COMANCHE, EASTLAND, ECTOR, FISHER, GLASSCOCK, HOWARD, JONES, MIDLAND, MITCHELL, NOLAN, RUNNELS, SCURRY, SHACKELFORD, STERLING, AND TAYLOR. PREVIOUSLY DESIGNED REFERRAL MECHANISMS WILL BE REFINED AS NEW COMMUNITY PARTNERS ARE IDENTIFIED, ENSURING THAT ALL VOTS ARE PROVIDED ACCESS TO WRAPAROUND SERVICES THAT ADDRESS THE COMPLEX NEEDS OF VOTS. REGIONAL VICTIMS CRISIS CENTER (RVCC) WILL BE A SUBGRANTEE OF THE AWARD AND WILL PROVIDE COURT AND MEDICAL ACCOMPANIMENT TO VOTS. COMMUNITY CAPACITY WILL BE BUILT THROUGH EXTENSIVE TRAININGS ON HUMAN TRAFFICKING IDENTIFICATION AND RESPONSE, TARGETING SERVICE PROVIDERS ACROSS SECTORS AND LAW ENFORCEMENT. ADDITIONAL CAPACITY WILL BE BUILT THROUGH DIRECT OUTREACH TO MARGINALIZED AND UNDER-SERVED HIGH-RISK POPULATIONS, CUBAN ENTRANTS, AND UNDOCUMENTED MIGRANTS. DATA WILL BE TRACKED THROUGHOUT THE COURSE OF THE GRANT USING CONFIDENTIAL PRACTICES THAT PROTECT THE ANONYMITY OF CLIENTS AND EVALUATION WILL OCCUR THROUGH ONGOING AND TARGETED MONITORING ACTIVITIES. THROUGH THESE ACTIVITIES, IRC WILL GENERATE OUTCOMES THAT INCREASE THE SAFETY, SELF-SUFFICIENCY, AND WELLBEING OF VOTS, GREATER AND EASIER ACCESS TO COMMUNITY SERVICES, STRONGER COMMUNITY KNOWLEDGE ON HOW TO IDENTIFY AND REFER POTENTIAL HUMAN TRAFFICKING CASES, AND ACCURATE DATA COLLECTION ON TRENDS AND SUCCESSES.",TX,TX01000,252,department-of-justice,ASST_NON_15POVC22GG03760HT_015,True
231635656,15POVC23GG02751MINO,"AO: ADVOCATING OPPORTUNITY, INC.",2023-10-01,2026-09-30,948980.0,Department of Justice,Office of Justice Programs,16.320,"ADVOCATING OPPORTUNITY (AO) PROPOSES TO IMPLEMENT INTEGRATED HOLISTIC LEGAL SERVICES FOR MINOR VICTIMS OF HUMAN TRAFFICKING IN OHIO AND TENNESSEE TO ENHANCE THE QUALITY AND QUANTITY OF SERVICES AVAILABLE TO ASSIST MINOR VICTIMS OF HUMAN TRAFFICKING. THE PROPOSED PROJECT PROVIDES TRAUMA-RESPONSIVE, HOLISTIC LEGAL AND SOCIAL SUPPORT SERVICES FOR MINOR VICTIMS OF SEX AND LABOR TRAFFICKING IN OHIO AND TENNESSEE WITH A FOCUS ON LUCAS, FRANKLIN, AND DAVIDSON COUNTIES AND THE SURROUNDING AREAS AND WITH THE FLEXIBILITY TO PROVIDE SERVICES IN OTHER AREAS OF EACH STATE WHERE NONE EXIST AND/OR WHERE A VICTIM MAY HAVE RELOCATED. THE PROJECT PLACES A PARTICULAR EMPHASIS ON COLLABORATING WITH AND TRAINING LOCAL PARTNERS ON THE CO-OCCURRENCE OF SEX AND LABOR TRAFFICKING, AND THE CRIMINALIZATION OF MINOR VICTIMS, WHICH ALSO SERVES TO EXPAND RESILIENCE-BASED SERVICES AND NETWORKS THROUGHOUT OHIO AND TENNESSEE AND, THEREBY, ENHANCE THE QUALITY OF SERVICES FOR TRAFFICKING VICTIMS WHO ARE MINORS. THIS PROGRAMS PRIMARY GOAL IS TO PROVIDE SERVICES THAT ADDRESS THE NEEDS OF MINORS WHO ARE VICTIMS OF SEX AND LABOR TRAFFICKING THROUGH A CONTINUUM OF TRAUMA INFORMED, CULTURALLY RELEVANT, AND GENDER RESPONSIVE SERVICES TO ENSURE THEIR SAFETY, SECURITY, AND HEALING AND TO PREVENT THEM FROM BEING DIRECTED TO OR INVOLVED IN THE JUSTICE SYSTEM. THE DELIVERABLES OF THE PROJECT INCLUDE AGE-APPROPRIATE, HOLISTIC LEGAL AND SOCIAL SUPPORT SERVICES, OUTREACH, AND THE COLLABORATIVE TRAINING AND THE TECHNICAL ASSISTANCE DESCRIBED.",OH,OH77000,252,department-of-justice,ASST_NON_15POVC23GG02751MINO_015,True
231635712,15POVC23GG04086HT,"AO: ADVOCATING OPPORTUNITY, INC.",2023-10-01,2026-09-30,948977.0,Department of Justice,Office of Justice Programs,16.320,"THROUGH THIS AWARD, ADVOCATING OPPORTUNITY WILL IMPLEMENT THE ENHANCING THE SCOPE OF HOLISTIC LEGAL SERVICES IN OHIO AND TENNESSEE FOR VICTIMS OF HUMAN TRAFFICKING PROJECT. THE PURPOSE IS TO ENHANCE SERVICES FOR HUMAN TRAFFICKING VICTIMS BY PROVIDING TRAUMA-RESPONSIVE, HOLISTIC LEGAL SERVICES FOR VICTIMS OF TRAFFICKING IN OHIO AND TENNESSEE, WITH A FOCUS ON LUCAS, FRANKLIN, AND DAVIDSON COUNTIES, AND THE FLEXIBILITY TO PROVIDE SERVICES IN OTHER AREAS OF OHIO AND TENNESSEE WHERE NONE EXIST AND/OR WHERE A VICTIM MAY HAVE RELOCATED. THE PROJECT PLACES A PARTICULAR EMPHASIS ON COLLABORATING WITH AND TRAINING LOCAL PARTNERS ON LABOR TRAFFICKING, AND SEX TRAFFICKING AS NEEDED, AS WELL AS PLACING EMPHASIS ON BUILDING RESILIENCE-BASED SERVICES AND NETWORKS TO ENHANCE THE QUALITY OF SERVICES TO ALL TRAFFICKING VICTIMS.THE FIRST PROJECT ACTIVITY, TO PROVIDE HOLISTIC LEGAL SERVICES TO MEET THE INDIVIDUALIZED NEEDS OF HUMAN TRAFFICKING VICTIMS, INCLUDES THE FOLLOWING: 1) CONDUCTING A THOROUGH INTAKE PROCESS AND ASSESSMENT WITH CLIENTS WITH APROGRAM COORDINATOR; 2) ASSIGNING EACH CLIENT AN ADVOCATE AND AN ATTORNEYWITH WHOM THEY WILL DEVELOP AN INDIVIDUALIZED SERVICE PLAN; AND 3) DELIVERING HOLISTIC LEGAL AND SOCIAL SERVICES USING ADVOCATING OPPORTUNITYS RESILIENCE MODEL, WHICH INCLUDES WEAVING TRAUMA-INFORMED, CULTURALLY RESPONSIVE, AND RESILIENCE-BASED INTERVENTIONS INTO EACH CLIENTS SERVICE PLAN. THE SECOND ACTIVITY, TO PROVIDE TRAINING AND TECHNICAL ASSISTANCE TO LOCAL PROJECT PARTNERS, INCLUDES THE FOLLOWING: 1) HOSTING TRAININGS THAT IMPROVE PARTNERS ABILITY TO (A) IDENTIFY VICTIMS, (B) IDENTIFY APPROPRIATE RESOURCES AND REFER VICTIMS TO THESE RESOURCES, AND (C) PROVIDE TRAUMA-RESPONSIVE SUPPORT; AND 2) PROVIDING PARTNERS WITH FOLLOW-ON TECHNICAL ASSISTANCE SO THAT THEY EFFECTIVELY IMPLEMENT THE SKILLS AND KNOWLEDGE ACQUIRED IN TRAININGS.TRAINING WILL BE FOCUSED ON LABOR TRAFFICKING IDENTIFICATION AND RESPONSES, WITH SEX TRAFFICKING IDENTIFICATION AND RESPONSES AS NEEDED, AND TRAINING ON TRAUMA-RESPONSIVE CARE. COLLABORATIVE, FOLLOW-ON TECHNICAL ASSISTANCE WILL BE PROVIDED FOR ALL TOPICS FOR STAFF AND PARTNERS. THE DELIVERABLES TO BE PROVIDED ARE THE HOLISTIC LEGAL AND SOCIAL SUPPORT SERVICES, OUTREACH, PARTNER TRAINING, AND TECHNICAL ASSISTANCE DESCRIBED. THESE DELIVERABLES WILL BE MEASURED QUARTERLY, AND DATA REPORTED WILL INCLUDE NUMBER OF NEW AND CONTINUING VICTIMS SERVED, TYPE OF SERVICES PROVIDED, SERVICE HOURS OR UNITS DELIVERED, NUMBER AND TYPE OF TRAININGS DELIVERED, AND SERVICE SATISFACTION DATA CAPTURED THROUGH CLIENT SATISFACTION SURVEYS.",OH,OH77000,252,department-of-justice,ASST_NON_15POVC23GG04086HT_015,True
231635115,15POVC22GG03758HT,"CATHOLIC CHARITIES, DIOCESE OF VENICE, INC. ,",2022-10-01,2026-09-30,947340.0,Department of Justice,Office of Justice Programs,16.320,"CATHOLIC CHARITIES, DIOCESE OF VENICE, INC. (CCDOV) WILL PROVIDE COMPREHENSIVE CASE MANAGEMENT SERVICES FOR SURVIVORS OF HUMAN TRAFFICKING THROUGHOUT NINE COUNTIES IN SOUTHWEST FLORIDA. THESE COUNTIES INCLUDE CHARLOTTE, COLLIER, DESOTO, GLADES, HARDEE, HENDRY, LEE, MANATEE, AND SARASOTA. THE MAIN GOALS OF THE ANTI-HUMAN TRAFFICKING PROGRAM ARE TO PROVIDE INTENSIVE CASE MANAGEMENT SERVICES TO ALL SURVIVORS OF HUMAN TRAFFICKING WITHIN THE NINE COUNTIES, ENHANCE COLLABORATIVE EFFORTS BETWEEN KEY STAKEHOLDERS AND PARTNERS THROUGHOUT SOUTHWEST FLORIDA TO BEST ADDRESS THE NEEDS OF HUMAN TRAFFICKING SURVIVORS, AND TO PROMOTE RACIAL EQUITY AND THE REMOVAL OF BARRIERS FOR HISTORICALLY MARGINALIZED COMMUNITIES SUCH AS FARMWORKERS AND HISPANICS. THE OBJECTIVES ARE TO ASSIST ALL IDENTIFIED SURVIVORS OF HUMAN TRAFFICKING WITHIN THE CCDOV SERVICE AREA; TO INCREASE THE IDENTIFICATION OF HUMAN TRAFFICKING VICTIMS AND TO ATTEND ALL HUMAN TRAFFICKING RELATED EVENTS WITHIN THE SERVICE AREA TO FURTHER ENHANCE COLLABORATIVE EFFORTS. USING EVIDENCED BASED MODELS, BEST PRACTICES, AND SMART GOALS, CCDOV’S ANTI-HUMAN TRAFFICKING TEAM WILL ASSIST A MINIMUM OF 75 HUMAN TRAFFICKING SURVIVORS PER YEAR. THE AHTP TEAM WILL ALSO ATTEND ALL MEETINGS OF THE SOUTHWEST FLORIDA COALITION AGAINST HUMAN TRAFFICKING AND THE SOUTHWEST FLORIDA REGIONAL HUMAN TRAFFICKING TASK FORCE EACH YEAR.",FL,FL73900,252,department-of-justice,ASST_NON_15POVC22GG03758HT_015,True
231635657,15POVC23GG02752MINO,NEW MEXICO DREAM CENTER OF ALBUQUERQUE,2023-10-01,2027-09-30,947300.0,Department of Justice,Office of Justice Programs,16.320,"THE NEW MEXICO DREAM CENTER OF ALBUQUERQUEPROPOSES TO IMPLEMENT THE DEVELOPING A CONTINUUM OF CARE FOR MINOR VICTIMS OF HUMAN TRAFFICKING IN NEW MEXICO PROJECT WITH PRIORITY CONSIDERATION OF PRIORITY A. THE PURPOSE IS TO CREATE A CONTINUUM OF CARE FOR MINOR VICTIMS OF TRAFFICKING THAT WILL MITIGATE SERVICE GAPS FOR BOTH LABOR AND SEX TRAFFICKING VICTIMS, AS WELL AS REMOVE BARRIERS TO ACCESS AND OPPORTUNITY FOR COMMUNITIES THAT HAVE BEEN HISTORICALLY UNDERSERVED, MARGINALIZED, AND ADVERSELY AFFECTED BY INEQUALITY. PROJECT ACTIVITIES INCLUDE; 1. DEVELOPING A COMMUNITY-BASED RESOURCE CONTINUUM OF CARE THAT PROVIDES AWARENESS AND EDUCATION SO THAT MINOR VICTIMS ARE NOT CRIMINALIZED; 2. STRATEGICALLY CONNECT WITH MINOR VICTIMS OF HUMAN TRAFFICKING BY CREATING CONTACT STRATEGIES WITHIN THE COMMUNITY; 3. PROVIDE DIRECT SERVICES, APPROPRIATE REFERRALS FOR SERVICES AND SERVICE COORDINATION FOR MINOR VICTIMS OF HUMAN TRAFFICKING EXPECTED OUTCOMES INCLUDE: 1. A COMMUNITY-BASED COLLABORATIVE NETWORK THAT ADDRESSES THE SERVICE NEEDS OF MINOR HUMAN TRAFFICKING VICTIMS INCLUDING LABOR TRAFFICKING VICTIMS; 2. INCREASED IDENTIFICATION AND REFERRALS TO SERVICES OF MINOR VICTIMS OF LABOR AND SEX TRAFFICKING THROUGH THE COMMUNITY-BASED COLLABORATIONS; 3. EFFECTIVE PROVISION OF TRAUMA INFORMED, VICTIM CENTERED, CULTURALLY HUMBLE AND EVIDENCE-BASED SERVICES TO LABOR TRAFFICKING AND SEX VICTIMS; 4. SUPPORT FOR FAMILIES (BIO OR FOSTER) WHO ARE CARING FOR VICTIMS IN THEIR HOME; 5. REGULAR PROGRAM EVALUATION AND ASSESSMENTS. MINOR LABOR AND SEX TRAFFICKING VICTIMS ARE THE INTENDED BENEFICIARIES OF THE PROJECT.",NM,NM02000,252,department-of-justice,ASST_NON_15POVC23GG02752MINO_015,True
231635126,15POVC22GG03788HT,"FINANCE AND ADMINISTRATION, TENNESSEE DEPARTMENT OF",2022-10-01,2027-09-30,946993.0,Department of Justice,Office of Justice Programs,16.320,"THE TENNESSEE JUSTICE-INVOLVED HUMAN TRAFFICKING SERVICES PROGRAM WILL ENHANCE SERVICES TO VICTIMS OF HUMAN TRAFFICKING (HT) WHO ARE CURRENTLY INCARCERATED IN TENNESSEE PRISONS OR HAVE RECENTLY BEEN RELEASED TO COMMUNITY SUPERVISION. THE GRANT WILL BE ADMINISTERED BY THE TN OFFICE OF CRIMINAL JUSTICE PROGRAMS AND IMPLEMENTED THROUGH SUBAWARDS TO THREE COMMUNITY-BASED HUMAN TRAFFICKING AGENCIES: COMMUNITY COALITION AGAINST HUMAN TRAFFICKING (CCAHT), SERVING EAST TN; THISTLE FARMS, SERVING MIDDLE TN; AND RESTORE CORPS, SERVING WEST TN.  EACH AGENCY WILL IMPLEMENT TRAUMA-INFORMED, THERAPEUTIC AND SUPPORTIVE SERVICES FOR ADULT FEMALE VICTIMS OF HUMAN TRAFFICKING CURRENTLY IN CUSTODY OF TN DEPARTMENT OF CORRECTION (TDOC), AS WELL AS THOSE UNDER COMMUNITY SUPERVISION THROUGH PROBATION/PAROLE. THE TENNESSEE JUSTICE-INVOLVED HUMAN TRAFFICKING SERVICES PROGRAM WILL DELIVER VICTIM-CENTERED, SPECIALIZED SERVICES TO VICTIMS OF HUMAN TRAFFICKING BY PROVIDING A FULL-TIME THERAPIST WHO WILL COORDINATE ONE-ON-ONE AND GROUP THERAPEUTIC SERVICES ONSITE IN THE PRISON SETTING, AS WELL AS IN A COMMUNITY SETTING FOR THOSE UNDER SUPERVISION OF PROBATION/PAROLE. FUNDING THROUGH THE PROGRAM WILL SIGNIFICANTLY INCREASE THE CAPACITY OF EACH HT AGENCY TO ADDRESS THE GROWING NUMBER OF REQUESTS FOR SERVICES THEY RECEIVE FROM TDOC STAFF AND OTHER PARTNERS, AS WELL AS DIRECTLY FROM VICTIMS THEMSELVES. THE TENNESSEE JUSTICE-INVOLVED HUMAN TRAFFICKING SERVICES PROGRAM WILL DELIVER VICTIM-CENTERED, SPECIALIZED SERVICES TO VICTIMS OF HUMAN TRAFFICKING BY PROVIDING A FULL-TIME THERAPIST WHO WILL COORDINATE ONE-ON-ONE AND GROUP THERAPEUTIC SERVICES ONSITE IN THE PRISON SETTING, AS WELL AS IN A COMMUNITY SETTING FOR THOSE UNDER SUPERVISION OF PROBATION/PAROLE. FUNDING THROUGH THE PROGRAM WILL SIGNIFICANTLY INCREASE THE CAPACITY OF EACH HT AGENCY TO ADDRESS THE GROWING NUMBER OF REQUESTS FOR SERVICES THEY RECEIVE FROM TDOC STAFF AND OTHER PARTNERS, AS WELL AS DIRECTLY FROM VICTIMS THEMSELVES. THE TENNESSEE JUSTICE-INVOLVED HUMAN TRAFFICKING SERVICES PROGRAM WILL DELIVER VICTIM-CENTERED, SPECIALIZED SERVICES TO VICTIMS OF HUMAN TRAFFICKING BY PROVIDING A FULL-TIME THERAPIST WHO WILL COORDINATE ONE-ON-ONE AND GROUP THERAPEUTIC SERVICES ONSITE IN THE PRISON SETTING, AS WELL AS IN A COMMUNITY SETTING FOR THOSE UNDER SUPERVISION OF PROBATION/PAROLE. ADDITIONALLY, FUNDING WILL SIGNIFICANTLY INCREASE THE CAPACITY OF EACH HT AGENCY TO ADDRESS THE GROWING NUMBER OF REQUESTS FOR SERVICES THEY RECEIVE FROM TDOC STAFF AND OTHER PARTNERS, AS WELL AS DIRECTLY FROM VICTIMS THEMSELVES.",TN,TN52000,252,department-of-justice,ASST_NON_15POVC22GG03788HT_015,True
231635721,15POVC23GG04096HT,"ASYLEE WOMEN ENTERPRISE, INC.",2023-10-01,2026-09-30,946152.0,Department of Justice,Office of Justice Programs,16.320,"ASYLEE WOMEN ENTERPRISE (AWE), IN COLLABORATION WITH HEAL REFUGEE HEALTH AND ASYLUM COLLABORATIVE (HEAL), WILL IMPLEMENT THE STEPS TO SUCCESS PROJECT TO ADDRESS THE UNIQUE NEEDS AND CHALLENGES OF ADOLESCENT AND YOUNG ADULT, FOREIGN-BORN TRAFFICKING SURVIVORS IN MARYLAND. OVER THE COURSE OF THE GRANT, STEPS TO SUCCESS WILL PROVIDE TRAUMA-INFORMED, AND PERSON-CENTERED SERVICES TO 100-SPANISH SPEAKING, FOREIGN-BORN, LABOR AND SEX TRAFFICKING SURVIVORS BETWEEN THE AGES OF 15 AND 25. PROJECT ACTIVITIES INCLUDE CONNECTING SURVIVOR YOUTH TO SOCIAL, ACADEMIC, EMPLOYMENT, AND SKILL BUILDING OPPORTUNITIES (AWE); ESTABLISHING A SURVIVOR YOUTH ADVISORY BOARD (AWE AND HEAL); PROVIDING PSYCHOEDUCATION, CRISIS COUNSELING, AND OTHER SUPPORT SERVICES THROUGH A COMMUNITY HEALTH WORKER (AWE AND HEAL); FACILITATING GROUP SUPPORT ACTIVITIES, INCLUDING PEER SUPPORT GROUPS, HEALTHY RELATIONSHIPS WORKSHOPS, AND FIELD TRIPS (AWE AND HEAL); AND PROVIDING INDIVIDUAL CLINICAL MENTAL HEALTH COUNSELING SERVICES THROUGH A LICENSED THERAPIST (HEAL). EXPECTED OUTCOMES INCLUDE THE CREATION OF OPPORTUNITIES FOR FOREIGN-BORN SURVIVOR YOUTH TO BUILD SOCIAL, ACADEMIC, AND VOCATIONAL NETWORKS; THE INCLUSION AND ENGAGEMENT OF SURVIVOR YOUTH IN PROGRAM AND SERVICE DESIGN AND IMPLEMENTATION; ENHANCED PROVISION OF HOLISTIC AND TRAUMA-INFORMED SERVICES ADAPTED TO THE INDIVIDUAL NEEDS OF THE SURVIVOR; ACCESS TO DEVELOPMENTALLY APPROPRIATE, LINGUISTICALLY AND CULTURALLY RESPONSIVE, AND EVIDENCED-BASED MENTAL HEALTH SERVICES; AND THE DEVELOPMENT OF AN INTERDISCIPLINARY TEAM TO ADDRESS THE NEEDS OF FOREIGN-BORN SURVIVOR YOUTH IN BALTIMORE AND THE SURROUNDING COUNTIES. THE PROJECT WILL BE OPEN TO SPANISH-SPEAKING, ADOLESCENT AND YOUNG ADULT, FOREIGN-BORN HUMAN TRAFFICKING SURVIVORS AGES 15 THROUGH 25 ACROSS THE STATE OF MARYLAND, WITH PRIORITY GIVEN TO SURVIVORS IN BALTIMORE CITY AND BALTIMORE, ANNE ARUNDEL, HOWARD, CARROLL, HARFORD, WASHINGTON, AND FREDERICK COUNTIES DUE TO THEIR GEOGRAPHIC PROXIMITY TO AWE AND THE ABSENCE OF APPROPRIATE RESOURCES AND SERVICES FOR SURVIVORS IN THESE AREAS. STEPS TO SUCCESS WILL ALLOW AWE AND HEAL TO BUILD ON EXISTING PROGRAMS AND PARTNERSHIPS AND ENHANCE SURVIVOR ACCESS TO THE COMPREHENSIVE SERVICES AND SUPPORT THEY NEED TO BEGIN TO HEAL AND LIVE WITH SAFETY, STABILITY, AND SELF-SUFFICIENCY.",MD,MD04000,252,department-of-justice,ASST_NON_15POVC23GG04096HT_015,True
231635717,15POVC23GG04092HT,CATHOLIC CHARITIES OF LOUISVILLE INC,2023-10-01,2026-12-31,943533.0,Department of Justice,Office of Justice Programs,16.320,"CATHOLIC CHARITIES OF LOUISVILLE (CCL) WILL IMPLEMENT THE CENTRAL AND WESTERN KENTUCKY COMPREHENSIVE SERVICES PROJECT TO ENHANCE ACCESS TO SERVICES FOR VICTIMS OF HUMAN TRAFFICKING. THIS PROJECT SEEKS TO BUILD CASE MANAGEMENT CAPACITY IN THE CENTRAL KENTUCKY AREA, INCREASE LOW-BARRIER ACCESS TO BASIC SERVICES TO SUPPORT STABILITY AND SAFETY, AND EXPAND SERVICES INTO WESTERN KENTUCKY WHILE SUSTAINING EXISTING COMPREHENSIVE SERVICES AVAILABLE TO SURVIVORS OF HUMAN TRAFFICKING OF ANY GENDER, AGE, OR NATIONALITY. CCL WILL PROVIDE A COMPREHENSIVE ARRAY OF DIRECT SERVICES FOR VICTIMS OF ALL FORMS OF HUMAN TRAFFICKING TO MEETING INDIVIDUALIZED NEEDS AND WILL BE THE PRIMARY SERVICE PROVIDER FOR SERVICES WHICH WILL INCLUDE INFORMATION AND REFERRAL SERVICES, PERSONAL ADVOCACY AND ACCOMPANIMENT SERVICES, EMOTIONAL SUPPORT AND SAFETY SERVICES, AND REFERRALS TO OTHER ESSENTIAL SERVICES. CCL WILL COLLABORATE WITH AND TRAIN LOCAL PARTNERS TO ENSURE TRAFFICKING VICTIMS ARE IDENTIFIED AND REFERRED FOR APPROPRIATE SERVICES. CCL WILL ALSO CONDUCT DATA COLLECTION AND PARTICIPATE IN EVALUATION ACTIVITIES TO DETERMINE IF THE PROGRAM IS MEETING THE STATED OBJECTIVES. CCL WILL SEEK TO PROMOTE RACIAL EQUITY AND THE REMOVAL OF BARRIERS TO ACCESS AND OPPORTUNITY FOR COMMUNITIES WHO HAVE BEEN HISTORICALLY UNDERSERVED AND HISTORICALLY MARGINALIZED THROUGH NON-DISCRIMINATORY, CULTURALLY, AND LINGUISTICALLY APPROPRIATE ACCESS TO SERVICES, INTENTIONAL COLLABORATIONS WITH INDIVIDUALS AND ORGANIZATIONS PROMOTING RACIAL EQUITY, INCLUSION OF RACIAL EQUITY INFORMATION IN TRAININGS AND RESOURCES, TARGETED OUTREACH TO POPULATIONS NEGATIVELY IMPACTED BY RACIAL BIAS AND INEQUITY, AND INTENTIONAL REPRESENTATION OF UNDERSERVED AND MARGINALIZED POPULATIONS BY PROGRAM STAFF AND ADVISORY BOARD MEMBERS.",KY,KY48000,252,department-of-justice,ASST_NON_15POVC23GG04092HT_015,True
231635658,15POVC23GG02755MINO,"J BAR J YOUTH SERVICES, INC.",2023-10-01,2027-06-30,941760.0,Department of Justice,Office of Justice Programs,16.320,"J BAR J YOUTH SERVICES PROPOSES TO IMPLEMENT THE ANTI-TRAFFICKING PROJECT (AT:PROJECT) - OVC INTEGRATED SERVICES FOR MINOR VICTIMS OF HUMAN TRAFFICKING PROGRAM. THE PURPOSE IS TO ENHANCE AND STRENGTHEN ACCESS TO COMPREHENSIVE SERVICES FOR MINOR VICTIMS OF LABOR AND SEX TRAFFICKING IN CENTRAL OREGONS CROOK, DESCHUTES AND JEFFERSON COUNTIES. THE AT:PROJECT WILL: (1) EXPAND AND STRENGTHEN INDIVIDUALIZED SERVICES TO MINOR VICTIMS OF SEX AND LABOR TRAFFICKING. (2) IMPROVE COLLABORATION WITH LOCAL COMMUNITY PARTNERS TO ENSURE MINOR VICTIMS OF TRAFFICKING ARE IDENTIFIED, RESPONDED TO, AND PROVIDED WITH SERVICES. (3) EXPAND AND INCREASE COMMUNITY-BASED INTERVENTIONS THROUGH OUTREACH AND EDUCATION, WITH THE GOAL OF DEVELOPING A CONTINUUM OF CARE TO ADDRESS SPECIFIC NEEDS OF VICTIMS. (4) PROVIDE ESSENTIAL SERVICES TO MINOR VICTIMS, INCLUDING EMERGENCY INTERVENTIONS, AND LONG-TERM INTERVENTIONS. (5) DETERMINE IF PROGRAM IS MEETING GOALS AND OBJECTIVES THROUGH IMPROVED DATA COLLECTION, ASSESSMENT AND EVALUATION PRACTICES. THE PROJECT WILL ADDRESS RACIAL INEQUITIES AND CONTRIBUTE TO GREATER ACCESS TO SERVICES FOR HISTORICALLY UNDERSERVED, MARGINALIZED AND ADVERSELY AFFECTED COMMUNITIES, TO INCLUDE LESBIAN, GAY, BISEXUAL, TRANSGENDER+ COMMUNITIES; BLACK, INDIGENOUS, PERSONS OF COLOR COMMUNITIES AND YOUTH EXPERIENCING HOMELESSNESS.",OR,OR05800,252,department-of-justice,ASST_NON_15POVC23GG02755MINO_015,True
231634621,15POVC21GG04000MINO,CHILDREN'S NATIONAL MEDICAL CENTER,2021-10-01,2024-09-30,941170.3,Department of Justice,Office of Justice Programs,16.320,THE CARES CLINIC: A COMPREHENSIVE MEDICAL HOME FOR MINOR VICTIMS OF SEX TRAFFICKING IN THE NATIONÂS CAPITAL,DC,DC50000,252,department-of-justice,ASST_NON_15POVC21GG04000MINO_015,True
234950151,2020VMBX0006,SUFFOLK COUNTY,2021-01-01,2024-12-31,935007.47,Department of Justice,Office of Justice Programs,16.320,SUFFOLK COUNTY MINOR VICTIMS OF SEX TRAFFICKING PROJECT,NY,NY83426,252,department-of-justice,ASST_NON_2020VMBX0006_015,True
231635086,15POVC22GG03689MINO,DOUGLAS COUNTY NEBRASKA,2022-10-01,2027-09-30,930876.0,Department of Justice,Office of Justice Programs,16.320,"THIS PROJECT SEEKS TO BETTER UNDERSTAND AND MEET THE NEEDS OF SYSTEM-INVOLVED MISSING, RUNAWAY, AND SEX TRAFFICKED (MAR/T) YOUTH, SPECIFICALLY GIRLS OF COLOR. DOUGLAS COUNTY, NEBRASKA IS A THRIVING METROPOLITAN AREA IN THE HEART OF AMERICA. MEMBERS OF MINORITY GROUPS LIVING IN THE EASTERN AREAS OF DOUGLAS COUNTY MAKE UP THE LARGEST PERCENTAGE OF MAR/T YOUTH, AS WELL AS YOUTH WITHIN THE DOUGLAS COUNTY JUVENILE JUSTICE SYSTEM. GIVEN THE LINK BETWEEN A YOUTH’S HISTORY OF RUNNING AWAY AND FUTURE JUVENILE JUSTICE SYSTEM INVOLVEMENT AND/OR SEX TRAFFICKING, RESOURCES ARE NEEDED TO TARGET THE SPECIFIC NEEDS OF SYSTEM-INVOLVED MISSING/RUNAWAY GIRLS TO PREVENT FURTHER, AND MORE EXTENSIVE, INVOLVEMENT WITH SEX TRAFFICKING AND THE JUVENILE JUSTICE SYSTEM

DURING CALENDAR YEAR 2021, DOUGLAS COUNTY DATA SHOWS THAT GIRLS ACCOUNTED FOR 64% OF THE YOUTH SERVED BY THE MISSING YOUTH SERVICES (MYS) (N=66 OF 103). IN ADDITION, AMONG THOSE YOUTH FOR WHOM RACE/ETHNICITY WAS REPORTED (N=92), YOUTH OF COLOR ACCOUNTED FOR NEARLY THREE-QUARTERS OF THE TOTAL POPULATION SERVED BY MYS: 29.3% WERE AFRICAN AMERICAN, 37.0% WERE HISPANIC, 28.3% WERE WHITE; 2.2% WERE NATIVE AMERICAN, AND 3.3% IDENTIFIED AS MORE THAN ONE RACE. FURTHERMORE, ON AVERAGE, THE OMAHA POLICE DEPARTMENT (OPD) COMPLETES 80-100 REPORTS ON MISSING AND RUNAWAY YOUTH EACH MONTH; APPROXIMATELY 20% OF THESE YOUTH HAVE BEEN TRAFFICKED. GIRLS OF COLOR WERE SIMILARLY OVERREPRESENTED AMONG THIS POPULATION (76%). 

THE PROPOSED PROJECT WILL EXPAND DOUGLAS COUNTY’S ABILITY TO ESTABLISH STRATEGIES THAT WILL STRENGTH VICTIM SERVICE PROGRAMS TO SUPPORT VICTIM-CENTERED, TRAUMA-INFORMED, DEVELOPMENTALLY APPROPRIATE, EVIDENCE-BASED RESPONSES TO MINOR VICTIMS OF SEX TRAFFICKING. SPECIFICALLY, FUNDS FROM THIS GRANT WILL BE USED TO RESPOND STRATEGICALLY TO (1) FUND PROJECT HARMONY’S DIRECTOR OF MISSING AND ANTI-TRAFFICKING YOUTH SERVICES, (2) SPONSOR A SHORT-TERM STABILIZATION BED FOR TRAFFICKED GIRLS, AND (3) INCREASE THE ACCESS OF MAR/T GIRLS AND THEIR FAMILIES TO LEGAL ADVOCACY AND EDUCATIONAL ASSISTANCE THROUGH THE EDUCATIONAL RIGHTS COUNSEL. GIVEN THE KNOWN DEMOGRAPHICS OF THE MAR/T GIRLS IN OUR COMMUNITY, DOUGLAS COUNTY IS REQUESTING PRIORITY CONSIDERATION IN SUPPORT OF EXECUTIVE ORDER 13985, ADVANCING RACIAL EQUITY AND SUPPORT FOR UNDERSERVED COMMUNITIES THROUGH THE FEDERAL GOVERNMENT, TO INCREASE THE ACCESS TO SERVICES FOR MAR/T GIRLS FROM UNDERSERVED AND HISTORICALLY MARGINALIZED POPULATIONS.",NE,NE37000,252,department-of-justice,ASST_NON_15POVC22GG03689MINO_015,True
231635705,15POVC23GG04079HT,NEW MEXICO DREAM CENTER OF ALBUQUERQUE,2023-10-01,2027-09-30,930511.0,Department of Justice,Office of Justice Programs,16.320,"THE NEW MEXICO DREAM CENTER OF ALBUQUERQUE (NMDC) WILL IMPLEMENT THE ADDRESSING GAPS IN SERVICES FOR HUMAN TRAFFICKING VICTIMS IN NEW MEXICO PROJECT. THE PURPOSE IS TO MITIGATE SERVICE GAPS, HOUSING GAPS, AND LABOR TRAFFICKING GAPS, AS WELL AS REMOVE BARRIERS TO ACCESS AND OPPORTUNITY FOR COMMUNITIES THAT HAVE BEEN HISTORICALLY UNDERSERVED, MARGINALIZED, AND ADVERSELY AFFECTED BY INEQUALITY. PROJECT ACTIVITIES INCLUDE; 1.) EXPANDING AND STRENGTHENING NMDC'S TRAUMA-INFORMED AND VICTIM-CENTERED SERVICE PROGRAM TO MORE COMPREHENSIVELY SERVE VICTIMS FROM HISTORICALLY UNDERSERVED AND MARGINALIZED COMMUNITIES; PROVIDE OUTREACH AND SERVICES APPROPRIATE FOR LABOR TRAFFICKING VICTIMS; 2.) DEVELOPING A CONTINUUM OF CARE MODEL FOR HOUSING VICTIMS OF LABOR AND SEX TRAFFICKING WHICH INCLUDES EMERGENCY SHELTER, SUPPORTED GROUP TRANSITIONAL HOUSING, SUPPORTED INDEPENDENT OR SEMI-INDEPENDENT TRANSITIONAL HOUSING, AND HOUSING VOUCHERS; AND 3.) DEVELOPING A HUMAN TRAFFICKING AWARENESS NETWORK THAT INCLUDES COMMUNITY STAKEHOLDERS THAT REPRESENT HISTORICALLY UNDERSERVED AND MARGINALIZED COMMUNITIES, AND UTILIZES TRAINING OPPORTUNITIES, AWARENESS ACTIVITIES, AND DIRECT OUTREACH TO PERCEIVED VICTIMS OF LABOR TRAFFICKING AND YOUTH EXPERIENCING HOMELESSNESS WHO MAY BE EXPLOITED AS LABOR OR SEX TRAFFICKING VICTIMS. EXPECTED OUTCOMES INCLUDE: 1.) A COLLABORATIVE NETWORK THAT ADDRESSES THE HOUSING AND SERVICE NEEDS OF HUMAN TRAFFICKING VICTIMS; 2.) EFFECTIVE PROVISION OF TRAUMA INFORMED, VICTIM CENTERED, CULTURALLY HUMBLE AND EVIDENCE-BASED SERVICES; 3.) PROVISION OF SERVICES FOR LABOR TRAFFICKING VICTIMS; 4.) REDUCTION IN HUMAN TRAFFICKING VICTIMS LOSING THEIR HOUSING; AND 5.) REGULAR PROGRAM EVALUATION AND ASSESSMENTS. LABOR AND SEX TRAFFICKING VICTIMS ARE THE INTENDED BENEFICIARIES OF THE PROJECT.",NM,NM02000,252,department-of-justice,ASST_NON_15POVC23GG04079HT_015,True
231635686,15POVC23GG04060HT,GLOBAL PEHT CORP,2023-10-01,2027-03-31,929604.0,Department of Justice,Office of Justice Programs,16.320,"THE PARTNERSHIP TO END HUMAN TRAFFICKING (PEHT) WILL SERVE SURVIVORS OF TRAFFICKING IN FAIRFIELD COUNTY, CONNECTICUT, PROVIDING SURVIVORS WITH ACCESS TO RESOURCES IN THREE DISTINCT OVC SERVICE AREAS: EMOTIONAL SUPPORT, SAFETY, AND HEALTH SERVICES; EDUCATION AND EMPLOYMENT SKILL BUILDING; AND INFORMATION AND REFERRAL. PEHT WILL CONDUCT THE FOLLOWING PRIMARY ACTIVITIES: PROVIDE CULTURALLY APPROPRIATE, TRAUMA-INFORMED SERVICES TO THE SURVIVORS; WORK WITH SURVIVORS TO ACHIEVE SELF-IDENTIFIED PROFESSIONAL AND EDUCATIONAL GOALS; PROVIDE TRAINING, OUTREACH, AND VOLUNTEER ACTIVITIES TO THE COMMUNITY; EXPAND AND LEVERAGE PEHTS INFORMATION AND REFERRAL NETWORK TO PROVIDE CLIENTS WITH ACCESS TO LEGAL SUPPORT, SUBSTANCE USE DISORDER TREATMENT, AND REFERRALS TO OTHER PROGRAMS; AND MAKE PROGRAMMATIC DECISIONS BASED ON DATA ANALYSIS AND SURVIVOR FEEDBACK. PEHT WILL PARTNER WITH THE CATHOLIC CHARITIES OF FAIRFIELD COUNTY TO DELIVER SPECIALIZED SERVICES TO VICTIMS OF LABOR TRAFFICKING, INCLUDING LEGAL SUPPORT AND ASSISTANCE WITH EMPLOYMENT AND RESIDENCE DOCUMENTATION. PEHT ANTICIPATES THE FOLLOWING OUTCOMES AS THE RESULT OF THIS OVC-FUNDED WORK: AN INCREASE IN THE NUMBER OF SEX AND LABOR TRAFFICKING SURVIVORS BEING IDENTIFIED DUE TO INCREASED AWARENESS TRAININGS; AN INCREASE IN THE NUMBER OF SERVICES DELIVERED TO SURVIVORS OF LABOR TRAFFICKING; IMPROVED QUALITY OF LIFE FOR ALL SURVIVORS OF TRAFFICKING, INCLUDING PERSONAL HEALTH, SAFETY, EMOTIONAL WELL-BEING, AND ACCESS TO EDUCATION AND EMPLOYMENT OPPORTUNITIES.",CT,CT17520,252,department-of-justice,ASST_NON_15POVC23GG04060HT_015,True
234938927,2019VTBX0097,"TAPESTRI, INC",2020-01-01,2024-06-30,925000.0,Department of Justice,Office of Justice Programs,16.320,2019 DIRECT SERVICES TO SUPPORT VICTIMS OF HUMAN TRAFFICKING,GA,GA77652,252,department-of-justice,ASST_NON_2019VTBX0097_015,True
231635101,15POVC22GG03744HT,"MOSAIC FAMILY SERVICES, INC.",2022-10-01,2026-01-31,924874.23,Department of Justice,Office of Justice Programs,16.320,"MOSAIC’S SERVICES FOR VICTIMS OF TRAFFICKING PROGRAM WILL SERVE TRAFFICKED PERSONS UNCOVERED IN THE NORTH TEXAS REGION, WHICH INCLUDES THE DALLAS-FORT WORTH (DFW) METROPLEX. THIS PROJECT IS TARGETED TO MEET THE COMPLEX NEEDS OF REFUGEE, IMMIGRANT, AND LIMITED ENGLISH PROFICIENT TRAFFICKING VICTIMS. MOSAIC’S HIGHLY MULTICULTURAL, MULTILINGUAL STAFF AND CULTURALLY COMPETENT SERVICES GREATLY ENHANCE ITS CAPACITY TO SERVE REFUGEE AND IMMIGRANT TRAFFICKING VICTIMS. MOSAIC PLANS TO SERVE 375 TRAFFICKING VICTIMS FOR THIS PROJECT (125 VICTIMS ANNUALLY). PRIMARY ACTIVITIES FOR THIS PROJECT INCLUDE CASE MANAGEMENT, ADVOCACY, EMERGENCY SHELTER, COUNSELING, AND EXTENSIVE COMMUNITY OUTREACH TO IMPROVE COMMUNITY UNDERSTANDING OF HUMAN TRAFFICKING. MOSAIC WILL ALSO LINK CLIENTS WITH ADDITIONAL MEDICAL CARE, EDUCATION, APPLICABLE GOVERNMENT BENEFITS, AND OTHER NEEDS. VICTIMS SERVED BY THE PROGRAM WILL INCREASE SAFETY, WELL-BEING, AND SELF-SUFFICIENCY AND DECREASE ANXIETY/DEPRESSION LEVELS. PROFESSIONALS AND COMMUNITY MEMBERS TRAINED WILL INCREASE KNOWLEDGE OF HUMAN TRAFFICKING AND IMPROVE CAPACITY TO IDENTIFY VICTIMS. THROUGH THIS PROGRAM, MOSAIC AIMS TO ENHANCE THE QUALITY AND QUANTITY OF SERVICES AVAILABLE FOR ALL FORMS OF TRAFFICKING VICTIMS BY PROVIDING HIGH QUALITY, COMPREHENSIVE, AND TRAUMA-INFORMED SERVICES FOR VICTIMS OF HUMAN TRAFFICKING; ENHANCING INTERAGENCY COLLABORATION; AND COORDINATING A COMMUNITY RESPONSE TO TRAFFICKING VICTIMS.",TX,TX19000,252,department-of-justice,ASST_NON_15POVC22GG03744HT_015,True
231635113,15POVC22GG03756HT,PREBLE STREET,2022-10-01,2025-09-30,921493.72,Department of Justice,Office of Justice Programs,16.320,"PREBLE STREET ANTI-TRAFFICKING SERVICES (ATS) AND PARTNERS WILL SERVE 150 VICTIMS OF TRAFFICKING (VOTS) OVER THE THREE-YEAR GRANT PERIOD WITH A PRIMARY GOAL TO ENHANCE VICTIMS’ ACCESS TO THE COMPREHENSIVE CASE MANAGEMENT AND DIVERSE SERVICES THAT VICTIMS OF LABOR AND SEX TRAFFICKING OFTEN REQUIRE TO ADDRESS THEIR NEEDS. ATS WILL EXPAND TRAUMA-INFORMED, COMPREHENSIVE SERVICES TO A GREATER NUMBER OF VOTS, INCLUDING FOREIGN NATIONALS FROM AFRICAN AND LATINX COMMUNITIES, INDIVIDUALS IN THE CRIMINAL JUSTICE SYSTEM, AND MINORS, PRIMARILY FOREIGN NATIONALS, AND ENHANCE CAPACITY BUILDING EFFORTS WITHIN CUMBERLAND, YORK, AND ANDROSCOGGIN COUNTIES, THE THREE MOST POPULOUS COUNTIES IN MAINE. ACTIVITIES INCLUDE DIRECT INTENSIVE CASE MANAGEMENT THROUGH A TEAM OF DEDICATED CASEWORKERS WHO PROVIDE TRAUMA-INFORMED, EMPOWERMENT-CENTERED, WRAP-AROUND SUPPORT; REFERRALS TO COMMUNITY PARTNERS THROUGH INFORMATION SHARING OR WARM HAND-OFFS; PARTNERSHIP DEVELOPMENT TO FACILITATE REFERRAL MECHANISMS; TRAINING TO COMMUNITY PARTNERS TO INCREASE IDENTIFICATION AND RESPONSE AND LEVERAGE AVAILABLE RESOURCES; OPPORTUNITIES FOR SURVIVOR COMMUNITY BUILDING, LEADERSHIP, AND SURVIVOR CREATED GROUP INITIATIVES, SURVIVOR ADVISORY BOARD, AND OTHER STIPEND ACTIVITIES; AND DIRECT OUTREACH TO HIGH-RISK, MARGINALIZED COMMUNITIES. PROGRAM OBJECTIVES ARE: 1) PROVIDE SERVICES TO MEET THE INDIVIDUAL NEEDS OF VICTIMS OF HUMAN TRAFFICKING (VOTS) IN CUMBERLAND, YORK, AND ANDROSCOGGIN COUNTIES, MAINE; 2) COLLABORATE WITH AND TRAIN LOCAL PARTNERS (SERVICE PROVIDERS, CRIMINAL JUSTICE PROFESSIONALS, MEMBERS OF THE JUDICIARY, COMMUNITY, FAITH-BASED ORGANIZATIONS, ETC.) TO ENSURE VOTS ARE PROPERLY IDENTIFIED AND REFERRED FOR APPROPRIATE SERVICES; 3) ASSIST WITH OR REFER TO OTHER ESSENTIAL SERVICES FOR VICTIMS OF HUMAN TRAFFICKING; AND 4) COLLECT DATA AND PARTICIPATE IN EVALUATION ACTIVITIES TO DETERMINE IF THE PROGRAM IS MEETING STATED GOALS AND OBJECTIVES. SUBRECIPIENTS OF THIS PROPOSAL INCLUDE EUNICE NUNA, WHO WILL CONDUCT TARGETED OUTREACH TO FOREIGN NATIONAL ADULTS AND MINORS, PROVIDE EXPERTISE ON IMPROVING SERVICE DELIVERY FOR MARGINALIZED COMMUNITIES, AND FACILITATE A GROUP FOR FOREIGN NATIONAL YOUTH AND THEIR FAMILIES. SEA CHANGE YOGA WILL PROVIDE WEEKLY ALTERNATIVE WELLNESS CLASSES. THESE GROUPS AND CLASSES WILL BE OFFERED AT THE PREBLE STREET HEALING CENTER.",ME,ME60545,252,department-of-justice,ASST_NON_15POVC22GG03756HT_015,True
231634622,15POVC21GG04001MINO,NEW LIFE REFUGE MINISTRIES,2021-10-01,2025-09-30,920638.82,Department of Justice,Office of Justice Programs,16.320,NEW LIFE REFUGE LONG TERM RESTORATIVE CARE PROGRAM EXPANSION,TX,TX17000,252,department-of-justice,ASST_NON_15POVC21GG04001MINO_015,True
231635714,15POVC23GG04089HT,YOUNG MEN'S CHRISTIAN ASSOCIATION OF THE NORTH,2023-10-01,2026-09-30,913074.0,Department of Justice,Office of Justice Programs,16.320,"THE YMCA OF THE NORTH WILL STRENGTHEN AND SUSTAIN THE SUPPORTIVE SERVICES PROVIDED BY ITS ENOUGH. PROGRAM TO VICTIMS/SURVIVORS OF SEXUAL EXPLOITATION AND LABOR TRAFFICKING. THE INDIVIDUALS SERVED BY THIS PROGRAM WILL BE IN THE SEVEN-COUNTY METRO AREA OF MINNEAPOLIS/ST. PAUL, MN, INCLUDING ANOKA, CARVER, DAKOTA, HENNEPIN, RAMSEY, SCOTT, AND WASHINGTON COUNTIES. PARTICIPANTS WILL BE BETWEEN THE AGES OF 12-28, WITH 70% OF THE CASELOAD IN THE UNDERSERVED 24  28 AGE RANGE. YOUTH AND YOUNG ADULTS WILL RECEIVE INDIVIDUALIZED ONE-TO-ONE CASE MANAGEMENT SERVICES AND SUPPORTS, INCLUDING REFERRALS FOR HOUSING, FOOD, EDUCATION, AND MEDICAL, AND LEGAL ISSUES. ADDITIONALLY, PARTICIPANTS WILL ENGAGE IN ECONOMIC EMPOWERMENT PROGRAMMING OR INDEPENDENT GOAL CENTERED PROGRAMMING. GOALS INCLUDE: 1) EXPAND AND STRENGTHEN THE CAPACITY OF THE ENOUGH. PROGRAM TO PROVIDE AND SUSTAIN COMPREHENSIVE SERVICES TO ADULT VICTIMS OF LABOR AND SEX TRAFFICKING (AGES 18-28, ANY GENDER); 2) DELIVER TRAINING TO LOCAL PROVIDERS AND SYSTEMS-BASED PROFESSIONALS AND PARTNERS, INCREASE COMMUNITY CAPACITY TO RESPOND TO HUMAN TRAFFICKING.; AND 3) CONDUCT EVALUATION ACTIVITIES TO PROVIDE ACCURATE OUTPUT AND OUTCOME INFORMATION TO MEASURE PROGRAM PROGRESS ON ALL GOALS AND OBJECTIVES AND FINANCIAL REPORTING, SOLICIT ONGOING FEEDBACK ON PROGRAM/SERVICES OFFERED, AND COMPLETE A FORMAL EVALUATION IN PARTNERSHIP WITH A UNIVERSITY OF MINNESOTA-BASED EVALUATION TEAM TO ASSESS PROGRAM OUTCOMES.",MN,MN43000,252,department-of-justice,ASST_NON_15POVC23GG04089HT_015,True
231635725,15POVC23GG04100HT,"HEALING ACTION NETWORK, INC.",2023-10-01,2027-06-30,904442.0,Department of Justice,Office of Justice Programs,16.320,"HEALING ACTION NETWORK (HAN) PROPOSES TWO TRACKS OF SERVICES WHICH INCLUDE CONTINUING TO IMPLEMENT COMPREHENSIVE SERVICES (INCLUDING LONG-TERM TRAUMA THERAPY, INTENSIVE CASE MANAGEMENT, AND LINKS TO HOUSING, BEHAVIORAL HEALTH, AND OTHER COMMUNITY SERVICES) TO TRAFFICKING SURVIVORS IN THE ST. LOUIS METROPOLITAN AREA WHILE RESPONDING TO THE NEED FOR SURVIVOR-SPECIFIC SERVICES ACROSS THE STATE BY PROVIDING THERAPY VIA TELEHEALTH. HAN WILL PROVIDE TRAUMA-INFORMED SERVICES THAT PROMOTE THE SAFETY, INDEPENDENCE, SELF-SUFFICIENCY, AND WELL-BEING OF THOSE IN THE TARGETED METRO AREA WHILE EXPANDING ACCESS TO EVIDENCE-BASED TRAUMA THERAPY (AND OTHER SERVICES) TO THOSE LIVING IN MORE RURAL AREAS OF THE STATE. IN WORKING WITH THE STATEWIDE MISSOURI COALITION AGAINST TRAFFICKING AND EXPLOITATION (CATE, WHICH IS HOUSED WITHIN HAN), HAN WILL TRAIN COALITION MEMBERS IN IDENTIFYING VICTIMS OF TRAFFICKING (INCLUDING SURVIVORS OF LABOR TRAFFICKING) AND PROVIDING SUPPORT SERVICES WHILE HAN THERAPISTS PROVIDE TELETHERAPY. PROJECT ACTIVITIES INCLUDE EXPANDING CATE MEMBERSHIP TO ENSURE ALL REGIONS OF THE STATE ARE REPRESENTED, COLLABORATING WITH CATE MEMBERS IN IDENTIFYING AND SERVING VICTIMS (INCLUDING THOSE RESIDING IN HIGH POVERTY, UNDERSERVED, RURAL AREAS), AND PROVIDING TRAUMA THERAPY TO THE SURVIVORS IDENTIFIED BY MEMBERS WHILE THEIR ORGANIZATIONS PROVIDE OTHER SUPPORT SERVICES (INCLUDING CASE MANAGEMENT AND REFERRALS TO LOCAL AGENCIES FOR BEHAVIORAL HEALTH SERVICES AND OTHER RESOURCES). PROJECT ACTIVITIES IN THE ST. LOUIS AREA INCLUDE CRISIS INTERVENTION AND EMERGENCY SHELTER, SAFETY PLANNING, THE DEVELOPMENT OF INDIVIDUAL RECOVERY PLANS (IRPS) WITH CLIENT-IDENTIFIED GOALS, INTENSIVE TRAUMA THERAPY, INTENSIVE CASE MANAGEMENT, PEER SUPPORT, AND CONNECTIONS TO SUBSTANCE USE AND LEGAL SERVICES AS WELL AS THE PROVISION OF HOUSING ASSISTANCE AND OTHER SOURCES TO MEET BASIC NEEDS. TARGETED BENEFICIARIES INCLUDE SEX AND LABOR TRAFFICKING VICTIMS IN HIGH-POVERTY COMMUNITIES (INCLUDING AFRICAN AMERICANS, HISPANICS/LATINAS, AND OTHER PEOPLE OF COLOR AND MEMBERS OF THE LGBTQ+ COMMUNITIES).",MO,MO65000,252,department-of-justice,ASST_NON_15POVC23GG04100HT_015,True
231634625,15POVC21GG04004MINO,"CONNECTICUT INSTITUTE FOR REFUGEES AND IMMIGRANTS, INC",2021-10-01,2026-09-30,900000.0,Department of Justice,Office of Justice Programs,16.320,"CIRI'S PROJECT TO INCREASE THE AVAILABILITY OF EXPERT TRAUMA INFORMED WRAP AROUND SERVICES, WITH A FOCUS ON UNDERSERVED GEOGRAPHIES, UNACCOMPANIED MINORS, AND IMPROVING CURRENT SYSTEMS OF CARE.",CT,CT08000,252,department-of-justice,ASST_NON_15POVC21GG04004MINO_015,True
234938932,2019VTBX0103,"CONNECTICUT INSTITUTE FOR REFUGEES AND IMMIGRANTS, INC",2020-01-01,2024-06-30,886999.0,Department of Justice,Office of Justice Programs,16.320,PROJECT RESCUE - ANTI TRAFFICKING PROGRAM FOR FOREIGN BORN AND DOMESTIC BORN VICTIMS OF HUMAN TRAFFICKING IN CONNECTICUT,CT,CT08000,252,department-of-justice,ASST_NON_2019VTBX0103_015,True
231635723,15POVC23GG04098HT,FRIENDS OF FARMWORKERS INC,2023-10-01,2027-03-31,884777.0,Department of Justice,Office of Justice Programs,16.320,"JUSTICE AT WORK (JAW) PROPOSES TO ENHANCE THE QUALITY AND QUANTITY OF COMPREHENSIVE SERVICES AVAILABLE TO VICTIMS OF TRAFFICKING, ESPECIALLY LABOR TRAFFICKING, ACROSS THE STATE OF PENNSYLVANIA. WITH THE SUPPORT OF OVC, AND IN PARTNERSHIP WITH LA PUERTA ABRIETA (LPA), JAW WILL PROVIDE CULTURALLY AND LINGUISTICALLY APPROPRIATE SERVICES TO LABOR TRAFFICKING VICTIMS, INCLUDING CIVIL LEGAL AID, INDIVIDUALIZED CASE MANAGEMENT, MENTAL HEALTH SERVICES, COUNSELING ON FINANCIAL MANAGEMENT AND TAX ISSUES, AND TRAINING FOR PARTNER ORGANIZATIONS. JAW PROVIDES COMPETENT STAFF THAT ALL SPEAK SPANISH; A SPECIAL FOCUS ON THE NEEDS OF MALE VICTIMS (AS MOST AVAILABLE RESOURCES CATER TO WOMEN AND CHILDREN); COMPREHENSIVE SUPPORT FOR VICTIMS IN REGARD TO THEIR HEALTH AND WELLBEING, IMMIGRATION SERVICES, AND HOUSING NEEDS; AND ASSISTANCE FORVICTIMS WHO WANT TO PURSUE CIVIL LEGAL REMEDIES AGAINST THEIR TRAFFICKERS. JAW IS ALSO THE ONLY DIRECT LEGAL SERVICES ORGANIZATION OUTSIDE OF PHILADELPHIA THAT SPECIFICALLY SERVES IMMIGRANT CLIENTS ON NON-IMMIGRATION CIVIL LEGAL ISSUES AND DOES NOT ACCEPT LEGAL SERVICES CORPORATION FUNDING. JAWS HISTORY AS A FARMWORKER-SERVING ORGANIZATION HAS REQUIRED THEM TO BUILD A SERVICE MODEL ACCESSIBLE TO CLIENTS IN RURAL AREAS AND AT CONSIDERABLE DISTANCE FROM THEIR OFFICES. THEREFORE, SERVICES WILL SPAN ACROSS THE STATE OF PENNSYLVANIA. JAW WILL CONDUCT OUTREACH IN LOCATIONS AROUND THE STATE, INCLUDING DOOR-TO-DOOR OUTREACH AT FARM LABOR CAMPS AND IN VENUES PROVIDED BY COMMUNITY ORGANIZATIONS, CONSULATES, AND OTHER COLLABORATIVE PARTNERS. THE GOALS FOR THE PROJECT ARE TO: ENHANCE THE QUALITY AND QUANTITY AND GEOGRAPHICAL DISTRIBUTION OF COMPREHENSIVE SERVICES AVAILABLE TO VICTIMS OF HUMAN TRAFFICKING; PROMOTE VICTIM SAFETY AND STABILITY IN THE SHORT-TERM AFTERMATH OF VICTIMIZATION; AND PROVIDE VICTIMS THE OPPORTUNITIES TO DIRECT SERVICES TOWARDS THEIR OWN INDIVIDUALIZED GOALS, INCLUDING INCREASED FEELINGS OF SAFETY AND WELLBEING, INCREASED FEELINGS OF AUTONOMY, AND WORKING TOWARD ECONOMIC SELF-SUFFICIENCY.",PA,PA60000,252,department-of-justice,ASST_NON_15POVC23GG04098HT_015,True
231635177,15POVC22GK03287HT,FUTURES WITHOUT VIOLENCE,2022-10-01,2025-09-30,879994.84,Department of Justice,Office of Justice Programs,16.320,"REDUCING OBSTACLES THAT HAVE PREVENTED SURVIVORS AND MARGINALIZED COMMUNITIES  ̶ PARTICULARLY BIPOC AND GENDER-MINORITY SURVIVORS  ̶ FROM ACCESSING QUALITY EDUCATION AND SUSTAINABLE EMPLOYMENT OPPORTUNITIES WILL NOT ONLY HELP SURVIVORS OF TRAFFICKING RECOVER FROM HARM, BUT ALSO PREVENT FUTURE EXPLOITATION BY ADDRESSING THE ECONOMIC CONDITIONS THAT INCREASE VULNERABILITY TO VIOLENCE, ABUSE, AND EXPLOITATION.

FUTURES’ PROMOTING EMPLOYMENT OPPORTUNITIES FOR SURVIVORS OF TRAFFICKING PROJECT (PEOST), WOULD ADDRESS THESE OBSTACLES BY DRAWING FROM EVIDENCE-BASED MODELS WITHIN THE DOMESTIC VIOLENCE, ANTI-POVERTY, AND YOUTH DEVELOPMENT FIELDS TO IDENTIFY AND LIFT UP BEST PRACTICES TO DEVELOP PROGRAMMING THAT RESPONDS TO THE UNIQUE CHALLENGES SURVIVORS OF TRAFFICKING ENCOUNTER. 

PEOST WOULD IMPLEMENT THE FOLLOWING ACTIVITIES TO SUPPORT HUMAN TRAFFICKING SERVICE PROVIDERS AND ALLIED ORGANIZATIONS IN THE HUMAN SERVICES AND WORKFORCE DEVELOPMENT FIELDS:


	PEER ECONOMIC EMPOWERMENT LEARNING COLLABORATIVE
	PARTNERING TO OPEN ECONOMIC PATHWAYS INSTITUTE
	SURVIVOR-LED EMPLOYMENT SUCCESS PROGRAM
	NATIONAL WEBINARS & TECHNICAL ASSISTANCE CALLS
	TARGETED TECHNICAL ASSISTANCE


AS A RESULT OF THIS PROJECT, PEOST ANTICIPATES INCREASED PARTNERSHIPS BETWEEN AND AMONG VICTIM SERVICE PROVIDERS, LOCAL WORKFORCE DEVELOPMENT PROGRAMS, AND EDUCATIONAL INSTITUTIONS; GREATER CAPACITY AMONG VICTIM SERVICE PROVIDERS AND WORKFORCE DEVELOPMENT PROGRAMS TO PROMOTE ACCESS TO QUALITY EMPLOYMENT OPPORTUNITIES FOR SURVIVORS OF TRAFFICKING; AND, EXPANDED ECONOMIC EMPOWERMENT PROGRAMS THAT SUPPORT RESILIENCE AND PREPARE SURVIVORS OF TRAFFICKING FOR SUCCESS WHEN PURSUING THEIR EDUCATION, TRAINING, AND EMPLOYMENT GOALS.",CA,CA67000,252,department-of-justice,ASST_NON_15POVC22GK03287HT_015,True
231635104,15POVC22GG03747HT,NORTH COUNTY LIFELINE,2022-10-01,2025-09-30,877425.79,Department of Justice,Office of Justice Programs,16.320,"UNDER THIS PROJECT, LIFELINE WILL SUSTAIN ITS EXISTING PROJECT LIFE HOUSING ASSISTANCE PROGRAM IN SAN DIEGO COUNTY, AS WELL AS TO INCREASE ITS CAPACITY BY ONE ADDITIONAL UNIT, CREATING TWO MORE BEDS FOR SINGLE SURVIVORS OR ONE PARENTING SURVIVOR. LIFELINE WILL INCREASE STAFFING, ADDING A FULL-TIME HOUSING NAVIGATOR WHO WILL FOCUS ON IDENTIFYING SAFE, AFFORDABLE HOUSING OPTIONS FOR CLIENTS AND REMOVING BARRIERS TO OBTAINING HOUSING. THE ORGANIZATION ANTICIPATES SERVING APPROXIMATELY 75 TRAFFICKING VICTIMS OVER THE AWARD PERIOD. IN ADDITION TO HOUSING, CLIENTS MAY ELECT TO PARTICIPATE IN SUPPORTIVE SERVICES INCLUDING, BUT NOT LIMITED TO ONGOING CASE MANAGEMENT, MEDICAL AND DENTAL CARE, (LIMITED) LEGAL ASSISTANCE, LITERACY/GED/EDUCATION ASSISTANCE, LGBTQ SERVICES, SUBSTANCE ABUSE TREATMENT, TRAUMA COUNSELING, LIFE SKILLS TRAINING, AND EMPLOYMENT AND FINANCIAL COACHING. LIFELINE WILL ALSO PROVIDE AWARENESS TRAININGS FOR AN ESTIMATED 750 PROFESSIONALS AND COMMUNITY MEMBERS WHO MAY ENCOUNTER VICTIMS THROUGH THEIR LINE OF WORK. LIFELINE WILL PARTNER WITH THE CRIMINAL JUSTICE RESEARCH DIVISION OF THE SAN DIEGO ASSOCIATION OF GOVERNMENTS (SANDAG), WHO WILL ASSIST WITH CONDUCTING A PROCESS AND OUTCOME EVALUATION OF THE PROPOSED PROJECT.",CA,CA82996,252,department-of-justice,ASST_NON_15POVC22GG03747HT_015,True
231635131,15POVC22GG03798HT,"INTERNATIONAL RESCUE COMMITTEE, INC.",2022-10-01,2025-09-30,870084.0,Department of Justice,Office of Justice Programs,16.320,"THE INTERNATIONAL RESCUE COMMITTEE IN PHOENIX, ARIZONA (IRC PHX), IN PARTNERSHIP WITH THE PHOENIX DREAM CENTER (PDC) AND STREETLIGHTUSA (SLUSA), PROPOSES TO ENHANCE QUALITY OF, AND ACCESS TO, SERVICES FOR VICTIMS OF ALL FORMS OF HUMAN TRAFFICKING IN MARICOPA COUNTY, ARIZONA. THE GOAL OF THESE SERVICES IS TO STRENGTHEN VICTIM SERVICE PROGRAMS FOR VICTIMS OF HUMAN TRAFFICKING IN MARICOPA COUNTY UTILIZING A TRAUMA-INFORMED, STRENGTHS-BASED, AND DEVELOPMENTALLY APPROPRIATE APPROACH. THE OBJECTIVE OF SERVICES IS TO ACHIEVE INCREASED SAFETY, INDEPENDENCE, SELF-SUFFICIENCY, AND WELL-BEING FOR VICTIMS OF ALL FORMS OF HUMAN TRAFFICKING. THE IRC PHX PRIMARILY SERVES FOREIGN BORN TRAFFICKING VICTIMS, BUT THROUGH THIS PROJECT WILL SERVE BOTH DOMESTIC AND FOREIGN VICTIMS OF TRAFFICKING. THIS PROJECT WILL PROVIDE GREATER ACCESS TO SERVICES FOR UNDERSERVED AND HISTORICALLY MARGINALIZED POPULATIONS INCLUDING SURVIVORS WHO ARE HOMELESS, LGBTQIA+, DISCONNECTED, PART OF A RACIAL MINORITY, SECOND-GENERATION IMMIGRANTS, NATIVE, OR CHILDREN OF SURVIVORS OF TRAFFICKING. THIS PROJECT WILL ALSO ADDRESS BARRIERS INCLUDING LACK OF SERVICES IN GENERAL, LACK OF CULTURALLY AND LINGUISTICALLY APPROPRIATE SERVICES AND LACK OF SERVICES THAT FACTOR IN THE UNDERSTANDING AND NEEDS OF SERVICES FOR SURVIVORS. THE GOAL OF SERVICES IS TO ACHIEVE INCREASED SAFETY, INDEPENDENCE, SELF-SUFFICIENCY, AND WELL-BEING FOR VICTIMS OF TRAFFICKING. SPECIFIC OBJECTIVES ARE: 1) PROVIDE SERVICES TO MEET THE INDIVIDUALIZED NEEDS OF VICTIMS OF HUMAN TRAFFICKING; 2) COLLABORATE WITH AND TRAIN LOCAL PARTNERS TO ENSURE TRAFFICKING VICTIMS ARE PROPERLY IDENTIFIED AND REFERRED FOR APPROPRIATE SERVICES; 3) PROVIDE ASSISTANCE OR REFERRALS TO OTHER ESSENTIAL SERVICES FOR VICTIMS OF HUMAN TRAFFICKING; AND 4) COLLECT DATA AND PARTICIPATE IN ASSESSMENT ACTIVITIES TO DETERMINE IF THE PROGRAM IS MEETING THE STATED GOALS AND OBJECTIVES.",AZ,AZ27820,252,department-of-justice,ASST_NON_15POVC22GG03798HT_015,True
234950433,2020VTBXK019,DEPARTMENT OF JUSTICE CALIFORNIA,2020-10-01,2024-09-30,865008.21,Department of Justice,Office of Justice Programs,16.320,ENHANCE THE LAW ENFORCEMENT TO IDENTIFY VICTIMS AND PROVIDE JUSTICE FOR THOSE VICTIMS THROUGH INVESTIGATION AND PROSECUTION OF THEIR TRAFFICKERS.,CA,CA64000,252,department-of-justice,ASST_NON_2020VTBXK019_015,True
234938916,2019VTBX0084,THE SALVATION ARMY,2020-01-01,2024-09-30,856983.0,Department of Justice,Office of Justice Programs,16.320,DIRECT SERVICES FOR HUMAN TRAFFICKING SURVIVORS IN SOUTHWEST OHIO - PURPOSE AREA 1; FOCUS AREA 2,NY,NY80599,252,department-of-justice,ASST_NON_2019VTBX0084_015,True
234946900,2020NZNX0003,HEALTH SERVICES KENTUCKY CABINET FOR,2020-10-01,2024-09-30,852669.91,Department of Justice,Office of Justice Programs,16.320,KENTUCKY STATEWIDE RESPONSE TO CHILD TRAFFICKING INITIATIVE,KY,KY28900,252,department-of-justice,ASST_NON_2020NZNX0003_015,True
231635665,15POVC23GG02764HT,"GEORGIA CENTER FOR CHILD ADVOCACY, INC",2023-10-01,2027-09-30,852400.0,Department of Justice,Office of Justice Programs,16.320,"THE GEORGIA CENTER FOR CHILD ADVOCACY PROPOSES TO IMPLEMENT THE ENVISION PROJECT: SPECIALIZED SERVICES FOR VICTIMS OF TRAFFICKING. THE PURPOSE IS TO ENHANCE THE WELLBEING OF VICTIMS OF TRAFFICKING BY INCREASING AND IMPROVING EDUCATIONAL AND ECONOMIC OPPORTUNITIES, SAFETY AND SECURITY, INDEPENDENCE, AND SELF-SUFFICIENCY. THE PROPOSED PROJECT WILL PROVIDE TRAFFICKING VICTIMS IN THE ATLANTA METROPOLITAN AREA AN OPPORTUNITY TO DEVELOP SKILLS AND ENGAGE IN EXPERIENCES TO SUPPORT EDUCATIONAL ENGAGEMENT AND ACHIEVEMENT, DEVELOP EMPLOYMENT SKILLS TO SUPPORT FINANCIAL INDEPENDENCE, PROMOTE LIFE SKILLS AND PREPARATION FOR INDEPENDENT LIVING, AND ENHANCE AND ENRICH PERSONAL GROWTH AND COMMUNITY CONNECTEDNESS. PROJECT ACTIVITIES INCLUDE DEVELOPING, IMPLEMENTING, AND DELIVERING CURRICULA TO TRAFFICKED YOUTH WITHIN THESE 4 CORE AREAS: EDUCATIONAL SUPPORT, EMPLOYMENT READINESS, LIFE SKILLS, PERSONAL GROWTH AND DEVELOPMENT. THE ADVANCED PROGRAMMING ACTIVITIES THROUGH CASE MANAGEMENT SERVICES, INVOLVES INDIVIDUALIZED CAREER TRAINING AND EXPERIENCES, TO SUPPORT MINOR VICTIMS OF TRAFFICKING. THE PROJECT ALSO SEEKS TO ENHANCE CAREGIVER SUPPORT BY PROVIDING MONTHLY CAREGIVER SUPPORT GROUPS TO THE FAMILIES OF TRAFFICKING VICTIMS. THE ENVISION PROJECT WILL ALSO CONDUCT COMMUNITY AWARENESS AND PROFESSIONAL TRAININGS TO IMPROVE IDENTIFICATION, FACILITATE COLLABORATIVE RESPONSE, AND STRENGTHEN INTERVENTION. EXPECTED OUTCOMES INCLUDE: IMPROVED VICTIM WELL-BEING; IMPROVED EDUCATIONAL ENGAGEMENT, EMPLOYMENT READINESS, LIFE SKILLS, IDENTIFICATION OF STRENGTHS AND INTERESTS, EDUCATIONAL AND EMPLOYMENT ATTAINMENT; VICTIMS AND CAREGIVERS CONNECTED, SAFE, AND SUPPORTED; REGULAR ATTENDANCE AND SUCCESSFUL COMPLETION OF SERVICE.",GA,GA04000,252,department-of-justice,ASST_NON_15POVC23GG02764HT_015,True
234946899,2020NZNX0002,OHIO OFFICE OF CRIMINAL JUSTICE SERVICES,2020-10-01,2024-09-30,847786.42,Department of Justice,Office of Justice Programs,16.320,IMPROVING OUTCOMES FOR CHILD AND YOUTH VICTIMS OF HUMAN TRAFFICKING IN OHIO,OH,OH18000,252,department-of-justice,ASST_NON_2020NZNX0002_015,True
234950436,2020VTBXK025,"THE INTERNATIONAL ORGANIZATION FOR ADOLESCENTS, INCORPORATED",2020-10-01,2024-09-30,826849.0,Department of Justice,Office of Justice Programs,16.320,WESTCHESTER COUNTY ANTI-TRAFFICKING TASK FORCE,NJ,NJ03340,252,department-of-justice,ASST_NON_2020VTBXK025_015,True
231635122,15POVC22GG03773HT,NATIONALITIES SERVICE CENTER OF PHILADELPHIA,2022-10-01,2026-09-30,800250.0,Department of Justice,Office of Justice Programs,16.320,"WITH TWELVE YEARS OF EXPERIENCE IN PROVIDING COMPREHENSIVE LEGAL AND SOCIAL SERVICES FOR FOREIGN-BORN SURVIVORS OF HUMAN TRAFFICKING IN SOUTHEASTERN PENNSYLVANIA (PA), NATIONALITIES SERVICE CENTER (NSC) HAS IDENTIFIED SIX EXISTING GAPS FOR THIS POPULATION: HOUSING ASSISTANCE, ACCESS TO MENTAL SERVICES, ACCESS TO MEDICAL CARE, IMMIGRATION LEGAL SERVICES, CASE MANAGEMENT SUPPORTS AND ECONOMIC EMPOWERMENT. UNDER THIS PROJECT, NSC WILL FILL IN THESE GAPS FOR FOREIGN-BORN SURVIVORS IN THE FIVE COUNTIES OF SOUTHEASTERN PA (PHILADELPHIA, BUCKS, CHESTER, DELAWARE AND MONTGOMERY COUNTIES). THE ACTIVITIES IN THIS PROPOSAL WILL ENHANCE AND STRENGTHEN NSC’S EXISTING CAPACITY TO HELP SURVIVORS ACHIEVE INDEPENDENCE AND SELF-SUFFICIENCY. THE GOALS OF THIS PROPOSAL ARE: 1) STRENGTHEN HOUSING ASSISTANCE SUPPORTS FOR SURVIVORS OF HUMAN TRAFFICKING; 2) PROVIDE MENTAL HEALTH SERVICES AND WELLNESS ACTIVITIES TO SURVIVORS ENROLLED IN THE PROGRAM; 3) PROVIDE ACCESS TO HEALTH INSURANCE AND PRIMARY CARE FOR FOREIGN NATIONALS AFFECTED BY HUMAN TRAFFICKING; 4) INCREASE CAPACITY TO PROVIDE IMMIGRATION LEGAL ASSISTANCE; 5) PROVIDE COMPREHENSIVE CASE MANAGEMENT SUPPORTS THAT ARE CULTURALLY RESPONSIVE; 6) REFER CLIENTS TO NSC’S JOB READINESS TRAINING; AND 7) PROVIDE TRAINING AND PUBLIC AWARENESS TO INCREASE IDENTIFICATION OF HUMAN TRAFFICKING VICTIMS. FOR THE 36-MONTH PROJECT PERIOD, THIS PROPOSAL AIMS TO FIND SAFE AND APPROPRIATE HOUSING FOR 30 SURVIVORS, FILE 240 APPLICATIONS FOR LEGAL IMMIGRATION RELIEF FOR FOREIGN-BORN SURVIVORS AND QUALIFYING FAMILY MEMBERS, PROVIDE MENTAL HEALTH SERVICES TO 30 SURVIVORS, PROVIDE ACCESS TO MEDICAL CARE TO 30 SURVIVORS, PROVIDE TRAINING TO 300 PROFESSIONALS TO INCREASE VICTIM IDENTIFICATION IN THE REGION, AND REFER 30 CLIENTS TO NSC’S EMPLOYMENT TEAM FOR JOB READINESS TRAINING. ALL SURVIVORS RECEIVING COMPREHENSIVE SERVICES UNDER THIS PROPOSAL WILL RECEIVE CASE MANAGEMENT SERVICES THROUGH THE PROGRAM TO HELP COORDINATE INTERNAL AND EXTERNAL REFERRALS FOR SERVICES. BY PROVIDING ENHANCING CULTURALLY RESPONSIVE SERVICES TO CULTURALLY IMMIGRANT POPULATIONS FROM LATIN AMERICA, AFRICA AND ASIA, THE PROGRAM WILL CONTINUE TO PROMOTE ACCESS TO JUSTICE AND SUPPORTS FOR IMMIGRANT VICTIMS AFFECTED BY HUMAN TRAFFICKING WHO HAVE BEEN HISTORICALLY UNDERSERVED, MARGINALIZED AND AFFECTED BY INEQUITY.",PA,PA60000,252,department-of-justice,ASST_NON_15POVC22GG03773HT_015,True
231635728,15POVC23GG04103HT,COLORADO LEGAL SERVICES,2023-10-01,2026-09-30,800000.0,Department of Justice,Office of Justice Programs,16.320,"COLORADO LEGAL SERVICES (CLS) AND ITS PARTNER THE ROCKY MOUNTAIN IMMIGRANT ADVOCACY NETWORK (RMIAN) WILL PROVIDE DIRECT LEGAL SERVICES TO TRAFFICKED PERSONS IN THE STATE. LEGAL SERVICES WILL BE PROVIDED IN A TRAUMA-INFORMED AND CULTURALLY RESPONSIVE MANNER AND WILL INCLUDE, BUT ARE NOT LIMITED TO, ADVOCACY WITHIN THE CRIMINAL JUSTICE SYSTEM, CIVIL LITIGATION, PREPARATION OF IMMIGRATION PETITIONS, FAMILY REUNIFICATION, ASSISTANCE IN SEEKING PROTECTIVE ORDERS, SUPPORT IN SEALING CRIMINAL RECORDS, WHERE APPROPRIATE, NAME CHANGES AND ADVICE AND REPRESENTATION IN DOMESTIC RELATIONS MATTERS AND PUBLIC BENEFITS ADVOCACY. THE PROJECT WILL ALLOW CLS AND RMIAN TO FILL SEVERAL NEEDS BY SERVING THE NUMBER OF VICTIMS IDENTIFIED THROUGH SUCCESSFUL OUTREACH EFFORTS; MAINTAINING THE LEVEL OF RESPONSE CURRENTLY PROVIDED UNDER PROTOCOLS ESTABLISHED WITH THE COLORADO NETWORK TO END HUMAN TRAFFICKING (CONEHT) AND NATIONAL HUMAN TRAFFICKING HOTLINE (NHTH) TO PROVIDE LEGAL ASSESSMENTS AND ORIENTATIONS WITH IDENTIFIED POTENTIAL VICTIMS OF HUMAN TRAFFICKING; EDUCATING LAW ENFORCEMENT AGENCIES AND OTHER PROFESSIONALS ABOUT HOW TO IDENTIFY AND RESPOND TO TRAFFICKING, INCLUDING REFERRALS TO SERVICES, AND ABOUT SURVIVORS CIVIL LEGAL NEEDS; ENSURING THAT CLS AND RMIAN PROVIDE TRAUMA-INFORMED AND CULTURALLY RESPONSIVE SERVICES; MEETING THE NEED FOR MORE IN-DEPTH LEGAL SERVICES BEYOND IMMIGRATION ADVOCACY AND COLLECTING DATA AND PARTICIPATING IN ANY EVALUATION ACTIVITIES TO ENSURE THE PROJECT IS MEETING STATED GOALS AND OBJECTIVES. THESE SERVICES WILL PROMOTE VICTIMS SAFETY, INDEPENDENCE, SELF-SUFFICIENCY, AND WELL-BEING.",CO,CO20000,252,department-of-justice,ASST_NON_15POVC23GG04103HT_015,True
231635727,15POVC23GG04102HT,METROPOLITAN FAMILY SERVICES,2023-10-01,2027-01-31,800000.0,Department of Justice,Office of Justice Programs,16.320,"METROPOLITAN FAMILY SERVICES (MFS), THROUGH ITS LEGAL AID SOCIETY (LAS), WILL PROVIDE HOLISTIC TRAUMA-INFORMED LEGAL SERVICES AND SOCIAL SERVICES FOR SURVIVORS OF HUMAN TRAFFICKING. LAS HAS THE FOLLOWING OBJECTIVES TO ACHIEVE UNDER THIS AWARD: 1.) PROVIDE COMPREHENSIVE LEGAL SERVICES USING VICTIM-CENTERED AND TRAUMA-INFORMED SERVICE DELIVERY FOR ALL VICTIMS OF HUMAN TRAFFICKING; 2.) WORK IN COLLABORATION WITH AND TRAIN FEDERAL, STATE, AND LOCAL LAW ENFORCEMENT AND LOCAL SERVICE PROVIDERS TO ENSURE TRAFFICKING VICTIMS ARE IDENTIFIED AND REFERRED FOR APPROPRIATE SERVICES; 3.) ASSIST WITH OR REFER CLIENTS TO OTHER ESSENTIAL SERVICES FOR VICTIMS OF HUMAN TRAFFICKING; AND 4.) CONDUCT DATA COLLECTION AND ACTION RESEARCH ACTIVITIES TO DETERMINE IF THE PROGRAM IS MEETING STATED GOALS AND OBJECTIVES. LAS, AS A PROGRAM OF THE LARGER METROPOLITAN FAMILY SERVICES, PROVIDES A TRAUMA-INFORMED, HOLISTIC APPROACH OFFERING CRISIS INTERVENTION, CASE MANAGEMENT AND VICTIM SERVICES. THIS STRUCTURE OF A MULTI-SERVICE AGENCY ALLOWS LAS TO INTEGRATE SOCIAL SERVICES, SUPPORTIVE SERVICE ACCESS, ADDRESS BARRIERS TO SELF-SUFFICIENCY AND RECOVERY, AND PROVIDE LEGAL SERVICE ALL WITH A TRAUMA-INFORMED LENS.",IL,IL14000,252,department-of-justice,ASST_NON_15POVC23GG04102HT_015,True
231635724,15POVC23GG04099HT,NEW MEXICO IMMIGRANT LAW CENTER,2023-10-01,2027-06-30,800000.0,Department of Justice,Office of Justice Programs,16.320,"THE NEW MEXICO IMMIGRANT LAW CENTER (NMILC) WILL IMPLEMENT THE ""BRIDGING THE GAP: EXPANDING LEGAL SERVICES FOR IMMIGRANT HUMAN TRAFFICKING SURVIVORS"" PROJECT AND FOCUS PRIMARILY ON SPANISH-SPEAKING LATINO IMMIGRANT VICTIMS OF HUMAN TRAFFICKING. WITH A GEOGRAPHIC SERVICE AREA COVERING THE ENTIRE STATE OF NEW MEXICO, THE PURPOSE OF THIS PROJECT IS TO ADDRESS THE UNIQUE CHALLENGES FACED BY IMMIGRANT VICTIMS OF HUMAN TRAFFICKING IN A BORDER STATE BY PROVIDING COMPREHENSIVE SUPPORT TO SURVIVORS OF BOTH LABOR AND SEX TRAFFICKING, WITH 75% OF RESOURCES DEDICATED TO LABOR TRAFFICKING SURVIVORS AND 25% TO SEX TRAFFICKING SURVIVORS. IMMIGRANT VICTIMS OF HUMAN TRAFFICKING TYPICALLY EXPERIENCE ADDITIONAL BARRIERS, SUCH AS LACK OF LANGUAGE ACCESS, RACISM AND DISCRIMINATION, AND FEAR OF DEPORTATION, WHICH EXACERBATE THEIR VULNERABILITY AND LIMIT ACCESS TO SUPPORT SERVICES. THIS PROJECT SEEKS TO OVERCOME THESE BARRIERS BY OFFERING TAILORED SERVICES AND FOSTERING COLLABORATIVE RELATIONSHIPS WITH COMMUNITY-BASED, CULTURALLY SPECIFIC PARTNER ORGANIZATIONS TO CREATE A HOLISTIC SUPPORT NETWORK FOR IMMIGRANT TRAFFICKING SURVIVORS. PRIMARY ACTIVITIES INCLUDE CULTURALLY COMPETENT, TRAUMA-INFORMED DIRECT LEGAL REPRESENTATION AND CONSULTATION FOR IMMIGRATION-RELATED MATTERS; CASE MANAGEMENT TO ASSIST SURVIVORS LEGAL CASES AND ADDRESS THEIR OTHER NEEDS; TRAINING FOR SERVICE PROVIDERS AND LAW ENFORCEMENT; AND ACTIVE PARTICIPATION IN THE NEW MEXICO HUMAN TRAFFICKING TASK FORCE. NMILC EXPECTS TO SERVE AT LEAST 110 UNDUPLICATED TRAFFICKING VICTIMS DURING THE THREE-YEAR GRANT PERIOD, PROVIDE AT LEAST 24 TRAINING SESSIONS, AND ATTEND ALL 12 OF THE QUARTERLY TASK FORCE MEETINGS. EXPECTED OUTCOMES INCLUDE INCREASED ACCESS TO LEGAL SERVICES, IMPROVED COORDINATION AMONG SERVICE PROVIDERS, HEIGHTENED AWARENESS OF HUMAN TRAFFICKING ISSUES IMPACTING IMMIGRANTS, AND INCREASED SAFETY FOR IMMIGRANT VICTIMS OF HUMAN TRAFFICKING. THE PROJECT ALSO AIMS TO REDUCE IMMIGRANT COMMUNITIES' VULNERABILITY TO TRAFFICKING BY ADDRESSING SYSTEMIC BARRIERS AND PROVIDING CULTURALLY SPECIFIC SERVICES. THE INTENDED BENEFICIARIES ARE IMMIGRANT VICTIMS OF LABOR AND SEX TRAFFICKING, PARTICULARLY SPANISH-SPEAKING LATINO IMMIGRANTS RESIDING IN NEW MEXICO. BY STRENGTHENING NMILC'S CAPACITY AS A CULTURALLY SPECIFIC ORGANIZATION TO PROVIDE ESSENTIAL LEGAL SERVICES, THE PROJECT AIMS TO FACILITATE SELF-DETERMINATION AND HEALING FOR IMMIGRANT HUMAN TRAFFICKING SURVIVORS.",NM,NM02000,252,department-of-justice,ASST_NON_15POVC23GG04099HT_015,True
231635722,15POVC23GG04097HT,"U.S. COMMITTEE FOR REFUGEES AND IMMIGRANTS, INC.",2023-10-01,2027-09-30,800000.0,Department of Justice,Office of Justice Programs,16.320,"U.S. COMMITTEE FOR REFUGEES AND IMMIGRANTS (USRI) WILL IMPLEMENT THE SURVIVING TRAUMA AND REACHING SUCCESS (STARS) PROGRAM WHICH WILL SERVE FOREIGN-NATIONAL VICTIMS OF HUMAN TRAFFICKING IN THE GREATER DETROIT METROPOLITAN AREA AND NEARBY REGIONS. THE PURPOSE IS TO OFFER VICTIMS AN ESCAPE FROM SEX AND LABOR TRAFFICKING THROUGH CULTURALLY RESPONSIVE AND TRAUMA-INFORMED CASE MANAGEMENT AND LEGAL IMMIGRATION SERVICES, PROVIDING THE MEANS OF ACQUIRING SAFETY, LEGAL STATUS AND A MORE SELF-DIRECTED, FULFILLING LIFE. PROJECT ACTIVITIES INCLUDE OUTREACH TO TRAFFICKING VICTIMS THROUGH LIAISING WITH COMMUNITY-BASED ORGANIZATIONS, SEXUAL ASSAULT CRISIS CENTERS, MIGRANT HEALTH CENTERS, REFUGEE ORGANIZATIONS, AND TRAFFICKING TASK FORCES THAT INCLUDE LAW ENFORCEMENT, MENTAL HEALTH EXPERTS AND TRAFFICKING SERVICE PROVIDERS. VENUES FOR REACHING LABOR TRAFFICKING VICTIMS INCLUDE AGRICULTURAL SETTINGS, RESTAURANTS, FACTORIES, AND DOMESTIC WORK SETTINGS. THE STARS CASE MANAGER WILL HELP VICTIMS ACCESS SAFE SHELTER, HOUSING, FOOD, CLOTHING, TRANSPORTATION, PERSONAL CARE ITEMS AND CHILDCARE AS NEEDED FROM COMMUNITY RESOURCES AND FACILITATE VICTIM-DIRECTED SAFETY PLANS AND INDIVIDUALIZED SERVICE PLANS. USCRIS LEGAL SERVICES PROGRAM WILL OFFER ATTORNEY SERVICES INCLUDING T VISAS (FOR VICTIMS OF HUMAN TRAFFICKING), AND U VISAS (FOR VICTIMS OF CRIME). OTHER POTENTIAL REMEDIES INCLUDE TEMPORARY PROTECTED STATUS, SELF-PETITIONS FOR BATTERED SPOUSES AND CHILDREN (VAWA), PROTECTION ORDERS, NATURALIZATION, ASYLUM, SPECIAL IMMIGRANT JUVENILE STATUS, ADJUSTMENT OF STATUS, AND WORK AUTHORIZATION. EXPECTED OUTCOMES OVER A THREE-YEAR PERIOD INCLUDE CASE MANAGEMENT SERVICES TO 90 FOREIGN-NATIONAL TRAFFICKING VICTIMS; LEGAL CONSULTATION AND REPRESENTATION FOR 120 VICTIMS; AND COMMUNITY OUTREACH TO TRAFFICKING SERVICE PROVIDERS, LAW ENFORCEMENT, AND TASK FORCES. INTENDED BENEFICIARIES OF THE STARS PROJECT ARE FOREIGN-NATIONAL VICTIMS OF HUMAN SEX AND LABOR TRAFFICKING IN DETROIT AND SURROUNDING AREAS.",VA,VA03000,252,department-of-justice,ASST_NON_15POVC23GG04097HT_015,True
231635709,15POVC23GG04083HT,"LEGAL ACTION OF WISCONSIN, INC",2023-10-01,2026-09-30,800000.0,Department of Justice,Office of Justice Programs,16.320,"LEGAL ACTION OF WISCONSIN (LAW) WILL EXPAND PROVISION OF CIVIL LEGAL AID TO SURVIVORS OF HUMAN TRAFFICKING THROUGHOUT WISCONSIN; ENGAGE IN STRUCTURAL-CHANGE ADVOCACY TO RESPOND TO AND DEVELOP LEGAL REMEDIES RELATED TO HUMAN TRAFFICKING; ENGAGE IN DEVELOPMENT OF STATEWIDE COORDINATION BETWEEN SERVICE PROVIDERS, LAW ENFORCEMENT, AND LEGAL AID ORGANIZATIONS; STRUCTURE OUTREACH AND PARTNERSHIP DEVELOPMENT ON INTERNAL DATA COLLECTION AND REVIEW; AND EMPLOY A RACE-EQUITY LENS TO LEGAL AID PROVISION TO MEET THE NEEDS OF LABOR TRAFFICKING VICTIMS AND COMMUNITIES THAT HAVE BEEN HISTORICALLY UNDERSERVED, MARGINALIZED, AND ADVERSELY AFFECTED BY INEQUALITY.",WI,WI53000,252,department-of-justice,ASST_NON_15POVC23GG04083HT_015,True
231635702,15POVC23GG04076HT,SURVIVOR VENTURES INC,2023-10-01,2027-05-31,800000.0,Department of Justice,Office of Justice Programs,16.320,"SURVIVOR VENTURES (SV) WILL STRENGTHEN AND EXPAND ECONOMIC EMPOWERMENT SERVICES FOR TRAFFICKING SURVIVORS THROUGH THE ESTABLISHED SURVIVORS TO ENTREPRENEURS (S2E) PROGRAM IN THE METROPOLITAN STATISTICAL AREAOF HAMPTON ROADS AND THE GREATER VIRGINIA PENINSULA. S2E IS A 24-MONTH PROGRAM, ACCEPTING 35 NEW SURVIVORS EACH YEAR, THAT OCCURS IN TWO PHASES: S2E1 INVOLVES WAGE SUBSIDIES, JOB COACHING, ENTREPRENEUR MENTORSHIP, AND SPECIALIZED SKILLS TRAINING TO INCLUDE VETTED BUSINESS PLAN DEVELOPMENT AND THE OPPORTUNITY TO INCORPORATE ONES OWN BUSINESS; AND S2E2 BUILDS UPON THE SKILLS AND EXPERIENCE DERIVED IN YEAR ONE WITH A CLEAR PIPELINE TO CONNECT PARTICIPANTS WITH ADDITIONAL EXISTING SMALL BUSINESS RESOURCES TO FUND AND GROW THEIR BUSINESS. THIS PROGRAM WILL SERVE A MINIMUM OF 105 TRAFFICKING SURVIVORS TO EXPAND SERVICES TO THE GREATER PENINSULA AND WILL LOWER BARRIERS TO CREATE TRAUMA-INFORMED, CULTURALLY COMPETENT, SURVIVOR-CENTERED AND INFORMED, GAINFUL EMPLOYMENT AND PATHWAYS TO SELF-EMPLOYMENT FOR SURVIVORS.",VA,VA57000,252,department-of-justice,ASST_NON_15POVC23GG04076HT_015,True
231635700,15POVC23GG04074HT,LEGAL SERVICES OF NEW JERSEY,2023-10-01,2027-03-31,800000.0,Department of Justice,Office of Justice Programs,16.320,"LEGAL SERVICES OF NEW JERSEY (LSNJ) WILL EXPAND ITS STATEWIDE ANTI-TRAFFICKING PROJECT, PROTECT, TO PROVIDE TARGETED, SUPPORTIVE CIVIL LEGAL SERVICES TO LABOR TRAFFICKING VICTIMS IN SOUTH JERSEY. LSNJ WILL INCREASE THE PROGRAMS CAPACITY THROUGH THE RETENTION OF ADDITIONAL STAFF, BY UTILIZING THE EXPERIENCE OF CURRENT LSNJ STAFF WHO HAVE EXPERTISE WITH LOW-INCOME SOUTH JERSEY WORKERS, AND BY PARTNERING WITH PATHSTONE CORPORATION, CATA (COMITE DE APOYO A LOS TRABAJADORES AGRICOLAS), AND OTHER SOCIAL SERVICE ORGANIZATIONS. THIS EXPANSION WILL BENEFIT VULNERABLE, AT-RISK, UNDER-SERVED SOUTH JERSEYANS, WITH AN INITIAL FOCUS ON FARMWORKERS, AND WILL GROW TO INCLUDE WORKERS IN THE SEAFOOD, LANDSCAPING, WAREHOUSE, AND ATLANTIC SHORE ENTERTAINMENT INDUSTRIESALL OF WHICH ARE CONCENTRATED IN SOUTH JERSEY AND PRESENT STRONG RISK FACTORS FOR LABOR TRAFFICKING. EFFORTS WILL FOCUS ON REACHING WORKERS WHO ARE LOW-INCOME; IMMIGRANTS; LIMITED ENGLISH PROFICIENCY (LEP); AND SITUATED IN RURAL AREAS. IN DOING SO, LSNJ WILL LEVERAGE EXISTING COMMUNITY PARTNERSHIPS IN THE REGION AND ACROSS THE STATE, AS WELL AS ITS OWN EXPERTISE IN ANTI-TRAFFICKING, WORKERS RIGHTS, LANGUAGE ACCESS, AND ALL AREAS OF POVERTY LAW. PROJECT ACTIVITIES INCLUDE THE PROVISION OF SPECIALIZED, SUPPORTIVE CIVIL LEGAL SERVICES TO TRAFFICKING VICTIMS VIA PROTECT STAFF, RESOURCES, AND INTAKE; CLOSE COLLABORATION WITH THE LSNJ FARMWORKER PROJECT; PATHSTONE, CATA, AND NEW COMMUNITY PARTNERS; ESTABLISHMENT OF A PHYSICAL PRESENCE IN SOUTH JERSEY; DEVELOPMENT OF A ROBUST OUTREACH PLAN TO VICTIMS OF LABOR TRAFFICKING; THE DEVELOPMENT OF SPECIALIZED, CULTURALLY- AND LINGUISTICALLY-APPROPRIATE LEGAL EDUCATION MATERIALS, EVENTS, AND RESOURCES, IN VARIOUS MEDIUMS AND LANGUAGES; DIRECT OUTREACH TO LOW-INCOME WORKERS WITHIN THEIR COMMUNITIES AND AT MIGRANT LABOR CAMPS, FARM DORMITORIES, AND PICK-UP POINTS; STAFF PARTICIPATION IN RELATED TRAININGS AND PROFESSIONAL DEVELOPMENT OPPORTUNITIES; AND ONGOING DATA COLLECTION IN ORDER TO MEASURE THE SUCCESS OF THE EXPANSION. EXPECTED OUTCOMES INCLUDE INCREASED VISIBILITY OF PROTECT IN THE SOUTH JERSEY REGION, AMONG BOTH VICTIMS OF LABOR TRAFFICKING AND SERVICE PROVIDERS; NEW AND STRENGTHENED PARTNERSHIPS WITH VICTIM-SERVING ORGANIZATIONS; AND, ULTIMATELY, AN INCREASE IN THE NUMBER OF CASES OPENEDAND WORKERS AND FAMILY MEMBERS ASSISTEDIN SOUTH JERSEY.",NJ,NJ20265,252,department-of-justice,ASST_NON_15POVC23GG04074HT_015,True
231635699,15POVC23GG04073HT,LEGAL AID FOUNDATION OF LOS ANGELES,2023-10-01,2026-09-30,800000.0,Department of Justice,Office of Justice Programs,16.320,"THE LEGAL AID FOUNDATION OF LOS ANGELES (LAFLA) WILL IMPLEMENT THE REMOVING BARRIERS TO LEGAL SERVICES FOR ASIAN PACIFIC ISLANDER VICTIMS OF HUMAN TRAFFICKING PROGRAM. THE PURPOSE IS TO ALLOW IMMIGRANT AND LIMITED ENGLISH PROFICIENT VICTIMS OF HUMAN TRAFFICKING MEANINGFUL AND COMPREHENSIVE ACCESS TO LEGAL SERVICES; EQUIP COMMUNITY ORGANIZATIONS TO ADOPT A TRAUMA-INFORMED, VICTIM-CENTERED, CULTURALLY COMPETENT APPROACH TO SERVING IMMIGRANT AND LEP VICTIMS; AND IDENTIFY AND REMOVE SPECIFIC BARRIERS TO ACCESS OF LEGAL SERVICES FOR IMMIGRANT, LEP CHINESE AND FILIPINO VICTIMS OF TRAFFICKING IN GREATER LOS ANGELES AND ORANGE COUNTIES. PROJECT ACTIVITIES INCLUDE LEGAL STAFF PROVIDING DIRECT CIVIL LEGAL SERVICES TO VICTIMS OF TRAFFICKING; PROVIDING SPECIALIZED TRAINING AND TECHNICAL ASSISTANCE TO COMMUNITY ORGANIZATIONS; COLLABORATING WITH COMMUNITY ORGANIZATIONS AND LAW ENFORCEMENT AGENCIES TO RAISE AWARENESS OF TRAFFICKING AND VICTIMS OPTIONS FOR LEGAL RECOURSE; COLLABORATING WITH IMMIGRANT, LEP CHINESE AND FILIPINO COMMUNITY STAKEHOLDERS TO IDENTIFY AND RESPOND TO BARRIERS THEY FACE IN ACCESSING LEGAL SERVICES; HOSTING PUBLIC AWARENESS AND OUTREACH CAMPAIGNS FOR THE TARGETED COMMUNITIES; AND WORKING WITH AN EXTERNAL EVALUATOR TO ASSESS LAFLAS EFFICACY IN IMPLEMENTING COMMUNITY INPUT IN THE SERVICE DELIVERY MODEL.",CA,CA44000,252,department-of-justice,ASST_NON_15POVC23GG04073HT_015,True
231635698,15POVC23GG04072HT,CAPITAL DISTRICT WOMENS BAR ASSOCIATION,2023-10-01,2027-09-30,800000.0,Department of Justice,Office of Justice Programs,16.320,"THE LEGAL PROJECT WILL CONTINUE TO PROVIDE CIVIL LEGAL SERVICES TO VICTIMS OF HUMAN TRAFFICKING. THE PURPOSE IS TO CONTINUE ITS HISTORY OF PROVIDING TRAUMA INFORMED, VICTIM CENTERED CIVIL LEGAL SERVICES TO LABOR AND SEX TRAFFICKING VICTIMS IN THE GREAT CAPITAL REGION OF NEW YORK STATE (11 COUNTIES: ALBANY, COLUMBIA, FULTON, GREENE, MONTGOMERY, RENSSELAER, SARATOGA, SCHENECTADY, SCHOHARIE, WASHINGTON, AND WARREN). PROJECT ACTIVITIES WILL INCLUDE TRAUMA-INFORMED LEGAL CONSULTATIONS FOR TRAFFICKING VICTIMS; NEW AND ONGOING LEGAL REPRESENTATION OF TRAFFICKING VICTIMS; OUTREACH TO COMMUNITY ORGANIZATIONS; PROVIDING CONTINUING LEGAL EDUCATION PROGRAMMING, PARTICIPATION IN COMMUNITY COALITION MEETINGS, WORKING WITH PRO BONO ATTORNEYS, AND HIRING A FULL TIME BI-LINGUAL PARALEGAL.EXPECTED OUTCOMES INCLUDE CONTINUATION AND EXPANSION OF ITS TRAUMA-INFORMED, VICTIM-CENTERED LEGAL CONSULTATION AND REPRESENTATION OF TRAFFICKING VICTIMS IN IMMIGRATION, FAMILY LAW, LANDLORD TENANT, AND OTHER CIVIL LEGAL SERVICES; COMMUNITY ENGAGEMENT AND EDUCATION; TRAINING FOR ATTORNEYS LAW ENFORCEMENT, AND COMMUNITY PARTNERS ON THE DYNAMICS OF HUMAN TRAFFICKING; OUTREACH AND ENGAGEMENT WITH COMMUNITY PARTNERS ON THE DYNAMICS OF HUMAN TRAFFICKING; AND OUTREACH AND ENGAGEMENT WITH COMMUNITY PARTNERS AND PROVIDERS FOR THE PURPOSE OF ENHANCING EXISTING COALITIONS AND REFERRALS FOR LABOR AND TRAFFICKING VICTIMS IN THE SERVICE AREA.THE INTENDED BENEFICIARIES OF THE PROJECT ARE ALBANY AND THE 10 SURROUNDING COUNTIES, MANY OF WHICH HAVE HIGH POVERTY RATES AND ARE RURAL. VULNERABLE POPULATIONS TO BE SERVED INCLUDE IMMIGRANTS, FARMWORKERS, AND INDIVIDUALS WITH LIMITED ENGLISH PROFICIENCY MAKING THEM MORE SUSCEPTIBLE TO TRAFFICKING, PARTICULARLY LABOR TRAFFICKING. THE LEGAL PROJECT'S",NY,NY01000,252,department-of-justice,ASST_NON_15POVC23GG04072HT_015,True
231635694,15POVC23GG04068HT,FREEDOM NETWORK USA,2023-10-01,2026-09-30,800000.0,Department of Justice,Office of Justice Programs,16.320,"THE FREEDOM NETWORK USA (FNUSA) SURVIVOR REENTRY PROJECT (SRP) WILL ADDRESS THE NEED FOR TRAUMA-INFORMED LEGAL REPRESENTATION FOR SURVIVORS OF HUMAN TRAFFICKING WITH CRIMINAL RECORDS RELATED TO THEIR TRAFFICKING EXPERIENCE. SRP WILL IMPLEMENT AN INNOVATIVE, NATION-WIDE SPECIALIZED SERVICES MODEL THAT WILL ENSURE THAT SURVIVORS OF BOTH LABOR AND SEX TRAFFICKING ACROSS THE U.S. HAVE EQUAL ACCESS TO REMEDIES FOR THEIR CRIMINAL RECORDS. SRP WILL ESTABLISH A SURVIVOR ADVISORY BOARD OF LIVED EXPERIENCE EXPERTS AND WILL PARTNER WITH LEGAL SUBJECT MATTER EXPERT CONSULTANTS. ADDITIONALLY, SRP WILL COLLABORATE WITH 6 PRO BONO LAW FIRMS TO MULTIPLY THE IMPACT OF THE SRP STAFF AND PAID CONSULTANTS. THE GOAL OF FNUSA'S SURVIVOR REENTRY PROJECT IS TO EXPAND AND STRENGTHEN A TRAUMA-INFORMED, NATIONWIDE, CRIMINAL RECORD RELIEF PROJECT FOR VICTIMS OF HUMAN TRAFFICKING. PROJECT ACTIVITIES INCLUDE PROVIDING INDIVIDUALIZED LEGAL INFORMATION, ANALYSIS, AND REPRESENTATION TO AT LEAST 400 VICTIMS OF HUMAN TRAFFICKING; DEVELOPING AND STRENGTHENING COLLABORATIONS WITH PARTNERS AND PROVIDING TRAINING FOR APPROXIMATELY 200 PARTNERS INCLUDING PRO BONO ATTORNEYS AND NONPROFIT LEGAL SERVICES PROVIDERS; PROVIDING REFERRALS TO OTHER ESSENTIAL SERVICES FOR APPROXIMATELY 100 VICTIMS OF HUMAN TRAFFICKING; AND COLLECTING DATA AND PARTICIPATING IN EVALUATION ACTIVITIES TO DETERMINE IF THE PROGRAM IS MEETING STATED GOALS AND OBJECTIVES.",DC,DC50000,252,department-of-justice,ASST_NON_15POVC23GG04068HT_015,True
231635692,15POVC23GG04066HT,"INTERNATIONAL RESCUE COMMITTEE, INC.",2023-10-01,2027-09-30,800000.0,Department of Justice,Office of Justice Programs,16.320,"IRC-SEATTLE (IRC-SEA) WILL FILL THE GAP ACCESS TO CULTURALLY COMPETENT AND LINGUISTICALLY ACCESSIBLE MENTAL HEALTH SERVICES BY PROVIDING A RANGE OF EVIDENCE-BASED AND TRAUMA-INFORMED MENTAL HEALTH AND PSYCHOSOCIAL SUPPORT (MHPSS) SERVICES TO SURVIVORS OF HUMAN TRAFFICKING IN KING COUNTY, WA SO THAT THEY MAY PREVENT AND MANAGE THE IMPACTS OF TRAUMATIC AND TOXIC STRESS. PRIMARY ACTIVITIES INCLUDE INDIVIDUAL COUNSELING, GROUP SUPPORT, AND CASE MANAGEMENT SERVICES TO UNDUPLICATED SURVIVORS ANNUALLY, AND TRAINING AND TECHNICAL ASSISTANCE TO PROVIDERS ANNUALLY TO INCREASE THEIR CAPACITY TO SERVE SURVIVORS. IRC-SEA RECOGNIZES THAT SURVIVORS OFTEN COME FROM HISTORICALLY UNDERSERVED AND MARGINALIZED COMMUNITIES WHO EXPERIENCE GREATER HEALTH AND MENTAL HEALTH INEQUITIES AND HAS MADE STRATEGIC EFFORTS TO IDENTIFY AND PROVIDE SERVICES TO SURVIVORS FROM ANY COMMUNITY, FROM DIVERSE BACKGROUNDS, ETHNICITIES, LANGUAGES, AGES, GENDER ORIENTATIONS, AND IDENTITIES. IRC-SEA SEEKS TO CONTINUE ITS COMMITMENT TO CULTURALLY, LINGUISTICALLY, AND AGE-APPROPRIATE SERVICES TO SURVIVORS OF ALL FORMS OF HUMAN TRAFFICKING THROUGH THE PROPOSED PROJECT, WHICH PROMOTES RACIAL EQUITY, THE REMOVAL OF BARRIERS TO ACCESS AND OPPORTUNITY, AND PROVIDES SERVICES TO SURVIVORS OF ANY FORM OF HUMAN TRAFFICKING FROM ANYBACKGROUND.",WA,WA63000,252,department-of-justice,ASST_NON_15POVC23GG04066HT_015,True
231635691,15POVC23GG04065HT,SANCTUARY FOR FAMILIES INC,2023-10-01,2026-09-30,800000.0,Department of Justice,Office of Justice Programs,16.320,"SANCTUARY FOR FAMILIES (SFF) ANTI-TRAFFICKING INITIATIVE (SFF-ATI) WILL OFFER HOLISTIC LEGAL SERVICES AS WELL AS INTENSIVE CASE MANAGEMENT TO SEX AND GENDER-BASED LABOR TRAFFICKING VICTIMS OF ALL TYPESU.S.-BORN AND IMMIGRANT, MINOR AND ADULT VICTIMS OF ALL AGES, RACES, GENDER IDENTITIES, AND SEXUAL ORIENTATIONS. IN ADDITION, SFF-ATI WILL OFFER OUTREACH AND PROFESSIONAL TRAINING TO SOCIAL AND LEGAL SERVICE AGENCIES, LAW ENFORCEMENT AND CRIMINAL JUSTICE OFFICIALS, AND OTHER STAKEHOLDERS, WITH THE GOAL OF IMPROVING COMMUNITY CAPACITY FOR VICTIM IDENTIFICATION AND TRAUMA-INFORMED INTERVENTION. THE GEOGRAPHIC AREA FOR THIS PROJECT ENCOMPASSES NYCS FIVE COUNTIES AS WELL AS NASSAU AND SUFFOLK COUNTIES OF LONG ISLAND; AND NORTHERN NEW JERSEY. WITH A SERVICE POPULATION HAILING FROM MORE THAN 80 FOREIGN COUNTRIES AS WELL AS THE U.S., SFF-ATI PRIORITIZES LINGUISTIC AND CULTURAL COMPETENCY, AND SERVICE ACCESSIBILITY FOR POPULATIONS INCLUDING MONOLINGUAL IMMIGRANTS AS WELL AS D/DEAF, HARD-OF-HEARING, LGBTQ+, AND OTHER HISTORICALLY UNDERSERVED, MARGINALIZED POPULATIONS. SFF-ATI HAS TARGETED EAST ASIAN TRAFFICKING VICTIMS IN PARTICULAR. THE PROJECTS OVERARCHING GOAL IS TO PROVIDE CULTURALLY AND LINGUISTICALLY SENSITIVE, LEGAL, AND CASE MANAGEMENT SERVICES TO TRAFFICKING VICTIMS, AND IMPLEMENT EFFECTIVE OUTREACH AND REFERRAL SYSTEMS TO MAXIMIZE IDENTIFICATION OF TRAFFICKING VICTIMS. THROUGH THE PROPOSED PROJECT, SFF-ATI WILL PROVIDE WORKFORCE TRAINING; COUNSELING IN MANY LANGUAGES; CHILDCARE, CLINICAL, AND EDUCATIONAL PROGRAMS FOR CHILDREN; HOUSING ADVOCACY; AND EMERGENCY FINANCIAL AID; AND SERVICES FROM AN ARRAY OF COMMUNITY PARTNERS. SFF-ATIS LEGAL TEAM ARE EXPERTS IN THE FULL RANGE OF IMMIGRATION REMEDIES AVAILABLE TO TRAFFICKING VICTIMS, AS WELL AS CRIMINAL JUSTICE ADVOCACY, AND COORDINATE CLOSELY WITH SFFS LEGAL STAFF IN MANY OTHER RELEVANT PRACTICE AREAS, INCLUDING ORDERS OF PROTECTION, CHILD SUPPORT AND CUSTODY, MATRIMONIAL, PUBLIC BENEFITS, AND HOUSING.",NY,NY51000,252,department-of-justice,ASST_NON_15POVC23GG04065HT_015,True
231635689,15POVC23GG04063HT,NORTHWEST IMMIGRANT RIGHTS PROJECT,2023-10-01,2027-09-30,800000.0,Department of Justice,Office of Justice Programs,16.320,"THE PROPOSED LEGAL SERVICES FOR HUMAN TRAFFICKING SURVIVORS PROJECT WILL SERVE SURVIVORS OF HUMAN TRAFFICKING IN SOUTHWEST WASHINGTON STATE, INCLUDING ON THE GEOGRAPHICALLY ISOLATED OLYMPIC PENINSULA. FUNDING WILL EXPAND IMMIGRATION LEGAL SERVICES TO SURVIVORS OF TRAFFICKING, WITH AN EMPHASIS ON LABOR TRAFFICKING. THE PROJECT WILL CREATE LANGUAGE ACCESS FOR INDIGENOUS LANGUAGE SPEAKERS FROM MEXICO AND CENTRAL AMERICA, WHO FORM A SIGNIFICANT PORTION OF THE LABOR FORCE IN THE TARGETED REGION. THE THREE ORGANIZATIONS TO BE FUNDED UNDER THIS REQUEST ARE CULTURALLY SPECIFIC ORGANIZATIONS. THE LEAD ORGANIZATION IS THE NORTHWEST IMMIGRANT RIGHTS PROJECT, WASHINGTONS LARGEST STATEWIDE LEGAL SERVICES ORGANIZATION PROVIDING COMPREHENSIVE IMMIGRATION LEGAL SERVICES FOR LOW-INCOME IMMIGRANTS, INCLUDING SURVIVORS OF HUMAN TRAFFICKING. THE SUBRECIPIENT IS CENTRO INTEGRAL EDUCATIVO LATINO DE OLYMPIA (CIELO), AN ORGANIZATION DEDICATED TO MEETING THE HUMAN SERVICE NEEDS OF LATINO RESIDENTS OF THREE RURAL COUNTIES WITH HIGH RISK FOR LABOR TRAFFICKING, SPECIFICALLY IN NON-TIMBER FOREST HARVESTING, FISHING/SHELLFISH, AND AGRICULTURE. FUNDING WILL ALSO ENABLE A CONTRACT WITH PUEBLO UNIDO PDX, AN ORGANIZATION DEDICATED TO MORE EFFECTIVELY SERVING THE IMMIGRATION LEGAL NEEDS OF INDIGENOUS LANGUAGE SPEAKERS. FUNDED SERVICES WILL INCLUDE OUTREACH TO SURVIVORS OF HUMAN TRAFFICKING, ESPECIALLY TO INDIGENOUS LANGUAGE SPEAKERS AND INDIVIDUALS WORKING IN NON-TIMBER FOREST HARVESTING JOBS; KNOW YOUR RIGHTS SEMINARS; LEGAL CONSULTATION DAYS; IMMIGRATION LEGAL SERVICES, INCLUDING FULL DIRECT REPRESENTATION; CASE MANAGEMENT SERVICES FOR SURVIVORS; TRAINING FOR COMMUNITY ORGANIZATIONS ON RECOGNIZING SIGNS OF LABOR TRAFFICKING; AND STAFF REPRESENTATION ON STATEWIDE AND REGIONAL COALITIONS THAT AIM TO STOP HUMAN TRAFFICKING AND TO CONNECT SURVIVORS TO SERVICES.",WA,WA63000,252,department-of-justice,ASST_NON_15POVC23GG04063HT_015,True
231635144,15POVC22GG03907HT,LEGAL SERVICES OF NEW JERSEY,2022-10-01,2025-09-30,800000.0,Department of Justice,Office of Justice Programs,16.320,"SINCE 2020, LEGAL SERVICES OF NEW JERSEY’S ANTI-TRAFFICKING INITIATIVE PROTECT HAS DEVELOPED A COORDINATED REFERRAL SYSTEM THROUGHOUT NEW JERSEY TO ADDRESS THE FULL COMPLEMENT OF CIVIL LEGAL ISSUES AND SOCIAL SERVICE NEEDS OF SEX AND LABOR TRAFFICKING VICTIMS. TO PROVIDE INDIVIDUALIZED CONTINUUM OF CARE, PROTECT ENSURES VICTIMS RECEIVE LEGAL ASSISTANCE ON THE FULL RANGE OF LEGAL ISSUES (IMMIGRATION, EMPLOYMENT, ASSISTANCE PROGRAMS, ETC.) AND COLLABORATES WITH SOCIAL SERVICE PARTNERS FOR HELP WITH HOUSING AND TRAUMA-INFORMED SERVICES. UNDER THIS OVC AWARD, PROTECT WILL CONTINUE ITS WORK ON VICTIM-WITNESS ADVOCACY, IMMIGRATION RELIEF, AND WAGE THEFT. PROTECT WILL ALSO ADDRESS ADDITIONAL AREAS IN CRITICAL NEED OF EXPANSION, INCLUDING OUTREACH TO HELP ASIAN TRAFFICKING VICTIMS. CONSONANT WITH GOALS TO ENHANCE RACIAL EQUITY AND IN PARTNERSHIP WITH A STATEWIDE ORGANIZATION, PROTECT WILL PROVIDE TARGETED OUTREACH; DEVELOP RELATIONSHIPS WITH ASIAN COMMUNITY ORGANIZATIONS TO DISSEMINATE INFORMATION ABOUT TRAFFICKING; DEVELOP AND PROVIDE CULTURALLY APPROPRIATE RESOURCES AND TRAINING; PROVIDE REFERRAL PROCESSES, AND BEGIN OFFERING FREE, COMPREHENSIVE, AND SUPPORTIVE CIVIL LEGAL ASSISTANCE TO ASIAN TRAFFICKING VICTIMS. ADDITIONALLY, PROTECT WILL STRENGTHEN ITS HOSPITAL-BASED EFFORTS BY ENHANCING AWARENESS OF AND PROGRAMMING FOR TRAFFICKING VICTIMS THROUGHOUT NJ HOSPITALS, WITH ASSISTANCE FROM LSNJ’S LEGAL ASSISTANCE TO MEDICAL PATIENTS PROJECT (LAMP). PROTECT STAFF WILL MEET WITH STAFF AT LAMP AND NON-LAMP HOSPITALS, DELIVER SUBSTANTIVE TRAINING SESSIONS ON THE HIGH-RISK INDICATORS OF HUMAN TRAFFICKING, THE CIVIL LEGAL NEEDS OF TRAFFICKING VICTIMS, AND RESOURCES AVAILABLE, AS WELL AS PROVIDE REFERRAL PROCESSES.",NJ,NJ20260,252,department-of-justice,ASST_NON_15POVC22GG03907HT_015,True
231635143,15POVC22GG03906HT,"YOUNG WOMEN'S CHRISTIAN ASSOCIATION, KALAMAZOO MICHIGAN",2022-10-01,2025-09-30,800000.0,Department of Justice,Office of Justice Programs,16.320,"YWCA KALAMAZOO’S (YWCA) COMPREHENSIVE SERVICES FOR UNDERSERVED SURVIVORS OF HUMAN TRAFFICKING PROJECT WILL ADDRESS THE PROBLEM OF THE UNMET EMPLOYMENT AND ECONOMIC OPPORTUNITY NEEDS OF SURVIVORS OF HUMAN TRAFFICKING IN WEST MICHIGAN. THROUGH THIS PROJECT, YWCA WILL ESTABLISH TARGETED INITIATIVES TO PROVIDE FINANCIAL SERVICES FOR SURVIVORS, INCLUDING CREDIT REPAIR AND DEBT REMEDIATION, FLEXIBLE FINANCIAL ASSISTANCE, FINANCIAL COUNSELING AND EDUCATION, CAREER EMPOWERMENT SERVICES, JOB TRAINING, KNOW YOUR RIGHTS CLINICS AND DIRECT LEGAL REPRESENTATION OF SURVIVORS ON THE RANGE OF THEIR CIVIL LEGAL NEEDS. TO ENSURE THE SUSTAINABILITY OF THIS INITIATIVE, YWCA WILL TRAIN PROVIDERS OF FINANCIAL AND WORKFORCE SERVICES TO ADDRESS THE SPECIFIC NEEDS OF TRAFFICKING SURVIVORS.",MI,MI42160,252,department-of-justice,ASST_NON_15POVC22GG03906HT_015,True
231635128,15POVC22GG03791HT,LEGAL AID CHICAGO,2022-10-01,2025-09-30,800000.0,Department of Justice,Office of Justice Programs,16.320,"THIS AWARD WILL FUND THE CONTINUATION OF LEGAL AID CHICAGO’S TRAFFICKING SURVIVORS ASSISTANCE PROJECT (TSAP), WHICH HAS PROVIDED SPECIALIZED SERVICES TO SURVIVORS. TSAP’S PRIMARY OBJECTIVES ARE TO ADDRESS THE INDIVIDUALIZED CIVIL LEGAL NEEDS OF TRAFFICKING VICTIMS FROM FOUR HIGHLY VULNERABLE POPULATIONS: H-2A AGRICULTURAL WORKERS, LOW-WAGE WORKERS, DOMESTIC WORKERS, AND SURVIVORS OF DOMESTIC VIOLENCE. TSAP PROVIDES FREE, HIGH-QUALITY LEGAL SERVICES IN CIVIL (NON-CRIMINAL) MATTERS THROUGHOUT THE STATE OF ILLINOIS, INCLUDING SERVICES RELATED TO IMMIGRATION, HOUSING, PUBLIC BENEFITS, DOMESTIC RELATIONS, EMPLOYMENT, CONSUMER RIGHTS, EDUCATION, AND TRAFFICKING SURVIVORSHIP. ADDITIONALLY, TSAP INTENDS TO EXPAND ITS SERVICES BY FURTHER INTEGRATING AN EXPERIENCED SOCIAL WORKER INTO THE PROJECT, TO ADDRESS THE SIGNIFICANT NON-LEGAL NEEDS OF SURVIVORS. THESE SOCIAL SERVICES WILL FILL GAPS THAT CANNOT CURRENTLY BE ADDRESSED AND WILL HELP SURVIVORS STABILIZE MORE QUICKLY. FINALLY, TSAP WILL EXPAND ITS WORK IN THE AREA OF EMPLOYMENT RESPONSES, SEEKING WORK-RELATED REMEDIES FOR SURVIVORS. THIS EFFORT WILL INVOLVE KNOW-YOUR-RIGHTS EDUCATION AND POST-TRAFFICKING EMPLOYMENT COUNSELING, WHICH WILL ESTABLISH A SOLID FOUNDATION FOR SURVIVORS, HELPING THEM AVOID EXPLOITATION AND FIND GOOD, FULFILLING WORK. IN ADDITION TO PROVIDING DIRECT LEGAL SERVICES, TSAP WORKS IN COLLABORATION WITH FEDERAL, STATE, AND LOCAL LAW ENFORCEMENT, LOCAL SOCIAL SERVICE PROVIDERS, AND COMMUNITY- AND FAITH-BASED ORGANIZATIONS TO ENSURE TRAFFICKING SURVIVORS ARE IDENTIFIED AND REFERRED FOR ADDITIONAL SERVICES IN OTHER AREAS OF NEED. TSAP WILL CONDUCT TRAINING AND PUBLIC AWARENESS ACTIVITIES FOR PROFESSIONALS AND COMMUNITY MEMBERS IN ORDER TO IMPROVE THEIR KNOWLEDGE OF HUMAN TRAFFICKING AND THEIR ABILITY TO IDENTIFY, RESPOND TO, AND REFER SURVIVORS. TSAP’S ULTIMATE GOAL IS TO ENABLE TRAFFICKING SURVIVORS TO ACHIEVE EMOTIONAL, ECONOMIC, AND LEGAL INDEPENDENCE SO THEY CAN LIVE STABLE, SELF-SUFFICIENT LIVES, FREE FROM TRAFFICKING AND ABUSE.",IL,IL14000,252,department-of-justice,ASST_NON_15POVC22GG03791HT_015,True
231635119,15POVC22GG03765HT,ALASKA INSTITUTE FOR JUSTICE,2022-10-01,2025-09-30,800000.0,Department of Justice,Office of Justice Programs,16.320,"UNDER THIS AWARD, ALASKA INSTITUTE FOR JUSTICE (AIJ) WILL PROVIDE SPECIALIZED LEGAL SERVICES STATEWIDE TO UNDERSERVED HUMAN TRAFFICKING SURVIVORS, INCLUDING IMMIGRANT SURVIVORS. AIJ’S PRIMARY PURPOSE IS SERVING IMMIGRANTS AND REFUGEES FROM DIVERSE BACKGROUNDS AND CULTURES INCLUDING SURVIVORS WHO ARE BLACK, HISPANIC/LATINX, ASIAN, NATIVE HAWAIIAN AND/OR PACIFIC ISLANDER. AIJ ALSO PROVIDES CULTURALLY SPECIFIC SERVICES FOR HISPANIC/LATINX TRAFFICKING SURVIVORS. WITH OVC FUNDING, AIJ WILL PROVIDE SPECIALIZED LEGAL SERVICES INCLUDING IMMIGRATION ASSISTANCE, PROTECTIVE ORDERS, CRIME VICTIMS’ RIGHTS ENFORCEMENT, NAVIGATING AND UNDERSTANDING THE CRIMINAL JUSTICE PROCESS AND LEGAL RESOURCES AVAILABLE TO VICTIMS. AIJ WILL FOLLOW A VICTIM-CENTERED AND TRAUMA-INFORMED APPROACH TO ENSURE HUMAN TRAFFICKING VICTIMS HAVE THE OPPORTUNITY TO MAKE INFORMED DECISIONS ABOUT THE SUPPORT THEY NEED TO WORK THROUGH THE IMPACT OF THE CRIME, ADDRESS THE ISSUES THAT MAY HAVE SHAPED THE TRAFFICKING SITUATION, AND WORK TOWARD IDENTIFYING AND ACHIEVING THEIR PERSONAL GOALS. AIJ’S PROVISION OF SPECIALIZED LEGAL SERVICES WILL SUPPORT UNDERSERVED CRIME VICTIMS IMPACTED BY THE JUSTICE SYSTEM, STRENGTHEN COMMUNITY SAFETY, AND BUILD TRUST BETWEEN LAW ENFORCEMENT AND THE COMMUNITY. THESE SERVICES WILL INCREASE ACCESS TO JUSTICE BY ENSURING THAT SURVIVORS ARE ABLE TO ACCESS SPECIALIZED LEGAL REPRESENTATION TO APPLY FOR IMMIGRATION DOCUMENTATION, INCLUDING CONTINUED PRESENCE, WORK AUTHORIZATION AND U AND T VISAS.",AK,AK03000,252,department-of-justice,ASST_NON_15POVC22GG03765HT_015,True
231635114,15POVC22GG03757HT,AYUDA,2022-10-01,2025-09-30,800000.0,Department of Justice,Office of Justice Programs,16.320,"AYUDA WILL PROVIDE LEGAL SERVICES, BEHAVIORAL HEALTH SERVICES, AND CASE MANAGEMENT SERVICES TO IMMIGRANT SURVIVORS OF HUMAN TRAFFICKING THROUGHOUT MARYLAND. THIS PROJECT WILL FOCUS HEAVILY ON MONTGOMERY COUNTY AND PRINCE GEORGE’S COUNTY, WHICH ARE THE MOST POPULOUS COUNTIES IN MARYLAND WITH NEARLY TWO MILLION RESIDENTS IN TOTAL AND HAVE THE LARGEST PERCENTAGE OF IMMIGRANTS. SERVICES WILL ALSO BE AVAILABLE TO TRAFFICKING VICTIMS THROUGHOUT THE ENTIRE STATE OF MARYLAND, WHICH INCLUDES RURAL AREAS WITH LITTLE ACCESS TO CULTURALLY SPECIFIC SERVICES FOR TRAFFICKING VICTIMS. FUNDING WILL ENABLE AYUDA TO CONTINUE PROVIDING CULTURALLY AND LINGUISTICALLY SPECIFIC LEGAL AND SOCIAL SERVICES TO CURRENT AND NEW CLIENTS WHO ARE TRAFFICKING VICTIMS, REGARDLESS OF GENDER, SEXUAL ORIENTATION, RACE, COUNTRY-OF-ORIGIN, OR TYPE OF TRAFFICKING EXPERIENCED. ALL SERVICES WILL BE TRAUMA-INFORMED, VICTIM-CENTERED, SURVIVOR-INFORMED, CULTURALLY COMPETENT, VOLUNTARY, AND PROVIDED AT NO COST TO CLIENTS. THROUGH THIS PROJECT, VICTIMS WILL HAVE ACCESS TO LEGAL AND SOCIAL SERVICES PROFESSIONALS WITH SPECIALIZED EXPERTISE IN THE NEEDS AND CHALLENGES THAT IMMIGRANT VICTIMS OF HUMAN TRAFFICKING FACE WHEN RECOVERING FROM THE TRAUMA OF TRAFFICKING. DURING THE THREE-YEAR GRANT PERIOD, AYUDA WILL PROVIDE LEGAL ADVICE AND COUNSEL AND/OR LONG-TERM REPRESENTATION TO 100 IMMIGRANT VICTIMS (INCLUDING SURVIVORS AND FAMILY MEMBERS) OF HUMAN TRAFFICKING IN 200 LEGAL MATTERS SUCH AS CONSULTATIONS, T VISAS, U VISAS, ASYLUM AND OTHER RELATED LEGAL RELIEF OR BENEFITS; PROVIDE COMPREHENSIVE CASE MANAGEMENT SERVICES TO 36 IMMIGRANT VICTIMS; PROVIDE INDIVIDUALIZED BEHAVIORAL HEALTH SERVICES TO 45 TRAFFICKING VICTIMS; PROVIDE 30 SUPPORT GROUP SESSIONS FOR VICTIMS; PROVIDE 33 TRAINING PRESENTATIONS OR PRESENTATIONS ON TRAFFICKING OF FOREIGN-BORN INDIVIDUALS TO INCREASE PUBLIC AWARENESS AND AID IN THE IDENTIFICATION AND REFERRAL OF VICTIMS; AND COLLABORATE WITH AND CONDUCT OUTREACH TO LOCAL SERVICE PROVIDERS, TASK FORCES, AND FIRST RESPONDERS TO IMPROVE PROTOCOLS AND PROCEDURES FOR THE IDENTIFICATION AND REFERRAL OF IMMIGRANT VICTIMS OF HUMAN TRAFFICKING.",DC,DC50000,252,department-of-justice,ASST_NON_15POVC22GG03757HT_015,True
231635100,15POVC22GG03720HT,REFORMED CHURCH OF HIGHLAND PARK AFFORDABLE HOUSING CORP,2022-10-01,2025-09-30,800000.0,Department of Justice,Office of Justice Programs,16.320,"THE REFORMED CHURCH OF HIGHLAND PARK AFFORDABLE HOUSING CORPORATION (RCHP-AHC) WILL SERVE VICTIMS OF HUMAN TRAFFICKING FROM DIFFICULT TO SERVE, LOW-INCOME POPULATIONS – INCLUDING REFUGEES, ASYLUM SEEKERS - IN THE STATE OF NEW JERSEY. THROUGH ITS TRAFFICKING VICTIMS ASSISTANCE PROGRAM, STILL WATERS ANTI-TRAFFICKING PROGRAM, RCHP-AHC WILL PROVIDE RAPID REHOUSING AND COMPREHENSIVE SUPPORT SERVICES TO 50 VICTIMS OF TRAFFICKING. SUPPORTIVE SERVICES WILL INCLUDE: ACCESS TO BASIC NEEDS SUCH AS FOOD, CLOTHING, AND HOUSEHOLD GOODS; ESL ASSESSMENT, TUTORING, AND CLASSES; ACCESS TO LINGUISTICALLY AND CULTURALLY COMPETENT MENTAL HEALTH SERVICES; CASE MANAGEMENT SERVICES; EMPLOYMENT SERVICES, EDUCATIONAL OPPORTUNITIES, AND JOB TRAINING; CONNECTION WITH LEGAL SERVICES FOR PURSUIT OF IMMIGRATION RELIEF AND PREPARATION TO APPLY FOR LEGAL STATUS; ASSISTANCE WITH TRANSPORTATION AND CHILDCARE; HEALTH NEEDS INCLUDING MEDICAL, DENTAL, VISION, AND MENTAL HEALTH CARE; AND OBTAINING IDENTIFICATION DOCUMENTS.",NJ,NJ31470,252,department-of-justice,ASST_NON_15POVC22GG03720HT_015,True
231635097,15POVC22GG03712HT,"HEARTLAND HUMAN CARE SERVICES, INC.",2022-10-01,2026-09-30,800000.0,Department of Justice,Office of Justice Programs,16.320,"HEARTLAND HUMAN CARE SERVICES (HHCS)  WILL PROVIDE TRAUMA-INFORMED, SURVIVOR-CENTERED HOUSING ASSISTANCE THROUGH TWO MAIN COMPONENTS: 2 EMERGENCY HOUSING UNITS AND 11 TRANSITIONAL HOUSING UNITS FOR FOREIGN-BORN AND DOMESTIC SURVIVORS OF HUMAN TRAFFICKING. THESE SERVICES WILL BE PROVIDED IN COOK, WILL, DUPAGE, AND LAKE COUNTIES IN ILLINOIS. HHCS IS A SUBCONTRACTED AGENCY ADMINISTERING THE DEPARTMENT OF HEALTH AND HUMAN SERVICES’ (HHS) NATIONAL HUMAN TRAFFICKING VICTIM ASSISTANCE PROGRAM WITH USCRI (WASHINGTON, DC) —PROVIDING AND COORDINATING COMPREHENSIVE CASE MANAGEMENT SERVICES TO FOREIGN NATIONAL SURVIVORS OF HUMAN TRAFFICKING.",IL,IL14000,252,department-of-justice,ASST_NON_15POVC22GG03712HT_015,True
231635096,15POVC22GG03709HT,THE FORMATION PROJECT,2022-10-01,2026-03-31,800000.0,Department of Justice,Office of Justice Programs,16.320,"THE FORMATION PROJECT (TFP) IS A SURVIVOR-LED NON-PROFIT IN CHARLESTON, SOUTH CAROLINA THAT PROVIDES HOUSING SERVICES, PEER SUPPORT, AND CASE MANAGEMENT TO SURVIVORS OF HUMAN TRAFFICKING. THIS GRANT WILL PROVIDE SAFE, STABLE HOUSING AND APPROPRIATE TRAUMA-INFORMED, VICTIM-CENTERED SERVICES TO VICTIMS OF TRAFFICKING, IN COLLABORATION WITH LOCAL RESOURCES, IN ORDER TO INCREASE AUTONOMY, SELF-SUFFICIENCY, SAFETY AND WELL-BEING FOR SURVIVORS. THIS INCLUDES PROVIDING SURVIVORS WITH EMERGENCY AND TRANSITIONAL HOUSING OPTIONS, RENTAL ASSISTANCE, SUPPORT FOR LOCATING/OBTAINING HOUSING FROM A HOUSING NAVIGATOR, AND DEVELOPING AND INCORPORATING POLICIES/TRAINING IN SUPPORT OF COLLABORATIVE APPROACHES THAT ARE VICTIM-CENTERED, TRAUMA INFORMED, AND REDUCE BARRIERS TO SURVIVORS ACCESSING HOUSING.",SC,SC50875,252,department-of-justice,ASST_NON_15POVC22GG03709HT_015,True
231635095,15POVC22GG03706HT,AMBASSADORS FOR CHRIST YOUTH MINISTRIES,2022-10-01,2025-09-29,800000.0,Department of Justice,Office of Justice Programs,16.320,"THE AMBASSADORS FOR CHRIST YOUTH MINISTRIES' (AFC) PATH FORWARD PROGRAM WILL SERVE 50 UNDUPLICATED AFRICAN AMERICAN AND HISPANIC VICTIMS OF HUMAN TRAFFICKING BETWEEN THE AGES OF 18-24 IN ONE OF THE MOST UNDERSERVED MINORITY COMMUNITIES (WESTWOOD) IN HOUSTON, TEXAS. THE PATH FORWARD PROGRAM WILL DEDICATE FOUR 2-BEDROOM APARTMENT HOMES FOR TRANSITIONAL HOUSING ASSISTANCE AND/OR SHORT-TERM HOUSING ASSISTANCE, AND SUPPORT SERVICES (E.G., CASE MANAGEMENT, EMPLOYMENT COUNSELING, JOB READINESS, TRANSPORTATION, CHILDCARE SERVICES, AND OTHER ASSISTANCE) TO ELIGIBLE PROGRAM PARTICIPANTS, FOR A MINIMUM OF 6 MONTHS AND NO MORE THAN 24 MONTHS, IN ORDER TO HELP VICTIMS TRANSITION TO INDEPENDENT LIVING INCLUDING SAFE, PERMANENT HOUSING.",TX,TX63332,252,department-of-justice,ASST_NON_15POVC22GG03706HT_015,True
231635093,15POVC22GG03702HT,MIAMI-DADE COUNTY,2022-10-01,2026-03-31,800000.0,Department of Justice,Office of Justice Programs,16.320,"MIAMI-DADE COUNTY, FLORIDA’S COMMUNITY ACTION AND HUMAN SERVICES DEPARTMENT, VIOLENCE PREVENTION AND INTERVENTION DIVISION (VPID), WILL OFFER HOUSING PLACEMENT ASSISTANCE, RELATED LEGAL COUNSEL, AND EMPLOYABILITY SERVICES TO ADULTS AND MINOR SEX AND LABOR VICTIMS OF HUMAN TRAFFICKING IN MIAMI-DADE COUNTY, FLORIDA. THE VPID WILL COLLABORATE WITH CAREER SOURCE SOUTH FLORIDA (CSSF) AND CABA PRO BONO PROJECT, INC. (CABA) TO IMPLEMENT THE PROJECT ACTIVITIES. THE VPID WILL PROVIDE TRANSITIONAL HOUSING ASSISTANCE TO HUMAN TRAFFICKING VICTIMS FOR UP TO SIX MONTHS AND WORK WITH LANDLORDS IN THE COMMUNITY TO ENSURE VICTIMS ARE PLACED IN SAFE AND STABLE HOUSING.  CABA PRO BONO PROJECT, INC. WILL PROVIDE FREE LEGAL SERVICES AND COURT REPRESENTATION TO VICTIMS WITH THE INTENT OF HELPING THEM LOCATE AND SECURE HOUSING AND WITH LIMITED IMMIGRATION MATTERS THAT AFFECT THE VICTIMS’ ABILITY TO SECURE HOUSING. CSSF WILL PROVIDE EMPLOYABILITY SERVICES USING WORKFORCE INNOVATION RESOURCES THAT PROMOTE ECONOMIC SELF-SUFFICIENCY. VPID WILL ALSO PROVIDE FOLLOW-UP SUPPORT SERVICES DURING THE GRANT CYCLE OF 36 MONTHS. THE TARGETED POPULATION WILL ALSO RECEIVE ADDITIONAL ADVOCACY SERVICES AT COORDINATED VICTIMS ASSISTANCE CENTER (CVAC), THE COUNTY’S ONE-STOP CENTER FOR VICTIMS FEATURING 39 ON-SITE PARTNERS.",FL,FL45000,252,department-of-justice,ASST_NON_15POVC22GG03702HT_015,True
231635089,15POVC22GG03694HT,"YOUNG WOMEN'S CHRISTIAN ASSOCIATION, KALAMAZOO MICHIGAN",2022-10-01,2025-09-30,800000.0,Department of Justice,Office of Justice Programs,16.320,"YWCA KALAMAZOO’S RAPID REHOUSING FOR UNDERSERVED SURVIVORS OF HUMAN TRAFFICKING PROJECT WILL ADDRESS UNMET NEEDS OF HUMAN TRAFFICKING SURVIVORS AS THEY SEEK IMMEDIATE SAFETY AND AFFORDABLE PERMANENT HOUSING. THROUGH THIS PROJECT, YWCA WILL PROVIDE SEVERAL HOUSING OPTIONS TO MEET SURVIVORS WHERE THEY ARE WITH THE GOAL OF RAPID REHOUSING THROUGH A HOUSING FIRST MODEL, INCLUDING IMMEDIATE EMERGENCY HOUSING, TRANSITIONAL HOUSING FOR UP TO TWO YEARS, AND/OR SHORT-TERM HOUSING ASSISTANCE TO SUPPORT SURVIVORS IN REALIZING PERMANENT HOUSING. THIS PROJECT WILL SPECIFICALLY BUILD THE CAPACITY OF PARTNER ORGANIZATIONS THROUGHOUT THE STATE OF MICHIGAN TO DELIVER AND EXPAND HOUSING OPTIONS FOR LABOR TRAFFICKING SURVIVORS AND CHRONICALLY HOMELESS SURVIVORS (PERSONS HOMELESS FOR TWO OR MORE YEARS), AND POPULATIONS WHO HAVE HISTORICALLY BEEN EXCLUDED FROM SAFE HOUSING, CRITICAL SERVICES, AND LIFELINES TO SAFETY DUE TO REDLINING AND OTHER DISCRIMINATORY HOUSING PRACTICES THROUGH THE HIRING OF A HOUSING NAVIGATOR. SERVICES WILL BE AVAILABLE TO SURVIVORS OF SEX AND LABOR TRAFFICKING OF ALL GENDER IDENTITIES AND THEIR NON-OFFENDING IMMEDIATE FAMILY MEMBERS WHO RESIDE IN SOUTHWEST MICHIGAN OR WHO HAVE BEEN RELOCATED TO SOUTHWEST MICHIGAN FOR THEIR SAFETY.",MI,MI42160,252,department-of-justice,ASST_NON_15POVC22GG03694HT_015,True
231635087,15POVC22GG03691HT,"YOUNG MENS CHRISTIAN ASSOCIATION OF THE GREATER HOUSTON AREA, INC",2022-10-01,2026-09-30,800000.0,Department of Justice,Office of Justice Programs,16.320,"THE YMCA OF GREATER HOUSTON (YMCA HOUSTON) WILL PROVIDE HOUSING INTERVENTIONS AND APPROPRIATE TRAUMA-INFORMED, VICTIM-CENTERED SUPPORT SERVICES THAT WILL HELP CLIENT VICTIMS OF HUMAN TRAFFICKING ACHIEVE SAFE, STABLE HOUSING IN THE GREATER HOUSTON AREA (HARRIS, FORT BEND, MONTGOMERY, GALVESTON, WALLER, BRAZORIA, LIBERTY, AUSTIN, AND CHAMBERS COUNTIES). THE PROGRAM’S ULTIMATE GOAL IS TO PROVIDE VICTIMS CASE MANAGEMENT AND EMERGENCY/TRANSITIONAL HOUSING SUPPORT SERVICES TO ACHIEVE HOUSING STABILITY, ECONOMIC SECURITY, AND THE SOCIAL-EMOTIONAL SUPPORT THEY NEED TO THRIVE. THROUGH THE PROPOSED TRAFFICKED PERSONS HOUSING ASSISTANCE PROGRAM, VICTIMS OF HUMAN TRAFFICKING WILL WORK WITH A YMCA HOUSTON HOUSING SPECIALIST TO DETERMINE A HOUSING PLAN THAT MEETS VICTIMS' NEEDS.  A YMCA HOUSTON EMPLOYMENT CASE MANAGER MAY BE ASSIGNED TO HELP VICTIMS LOCATE POTENTIAL JOB OPPORTUNITIES AND PREPARE THEM FOR FULL EMPLOYMENT. YMCA HOUSTON WILL WORK WITH A  DIVERSE COALITION OF PARTNERS TO PROVIDE TRANSITIONAL HOUSING AND VICTIM-CENTERED, CULTURALLY RESPONSIVE SUPPORT SERVICES, AS WELL AS  ENGLISH AS A SECOND LANGUAGE CLASSES, CULTURAL ORIENTATION CLASSES, JOB READINESS TRAINING, AND VOCATIONAL TRAINING.",TX,TX35000,252,department-of-justice,ASST_NON_15POVC22GG03691HT_015,True
231635081,15POVC22GG03680HT,RUBY'S PLACE,2022-10-01,2026-03-31,800000.0,Department of Justice,Office of Justice Programs,16.320,"RUBY'S PLACE IS A SURVIVOR-LED VICTIM’S SERVICES AGENCY LOCATED IN ALAMEDA COUNTY, CALIFORNIA. THROUGH ITS  HOUSE OF ACCEPTANCE PROGRAM, RUBY'S PLACE WILL PROVIDE SAFE, STABLE HOUSING AND APPROPRIATE TRAUMA-INFORMED, VICTIM-CENTERED SERVICES IN A COLLABORATIVE, COORDINATED AND COMPREHENSIVE SERVICES MODEL.  HOUSE OF ACCEPTANCE OFFERS TRANSITIONAL HOUSING UP TO 24 MONTHS FOR TRANSGENDER WOMEN WHO HAVE BEEN VICTIMS OF HUMAN TRAFFICKING. VICTIMS RESIDING AT HOUSE OF ACCEPTANCE ARE OFFERED SUPPORT IN SECURING PERMANENT HOUSING, SECURING EMPLOYMENT OR FURTHER EDUCATION, AND SUPPORTIVE SERVICES SUCH AS CASE MANAGEMENT, NO-COST CLINICAL MENTAL HEALTH SUPPORT, TRANSPORTATION, CHILDCARE SERVICES, MEANINGFUL ACCESS TO LANGUAGE ASSISTANCE, AND OTHER SUPPORTS AS REQUIRED. UNDER THIS FUNDING, RUBY'S PLACE SEEKS TO CONTINUE TO OPERATE THIS SUCCESSFUL AND NEEDED PROGRAM, TO EXPAND ITS SIZE FROM FOUR TO EIGHT BEDS, AND TO ENHANCE SUPPORTIVE SERVICES WITH AN ON-SITE LGBTQ SPECIALIST CLINICIAN.",CA,CA11964,252,department-of-justice,ASST_NON_15POVC22GG03680HT_015,True
231635080,15POVC22GG03678HT,LIFE-LINK INC,2022-10-01,2025-09-30,800000.0,Department of Justice,Office of Justice Programs,16.320,"THE LIFE LINK IS A COMMUNITY MENTAL HEALTH CENTER IN SANTA FE, NEW MEXICO, THAT WORKS EXTENSIVELY WITH HUMAN TRAFFICKING (HT) SURVIVORS. THROUGH ITS SOJOURN HOME PROGRAM, A RAPID REHOUSING MODEL WILL BE IMPLEMENTED IN WHICH HT VICTIMS THROUGHOUT NEW MEXICO WILL BE PROVIDED WITH HOUSING ASSISTANCE VIA EMERGENCY SHELTER (SAFE HOUSE APARTMENTS) AND TRANSITIONAL HOUSING, AS WELL AS SUPPORTIVE SERVICES TO PROVIDE STABILITY AND MOVE AS QUICKLY AS POSSIBLE INTO PERMANENT HOUSING.  SURVIVORS OF SEX AND LABOR TRAFFICKING WILL BE SERVED USING VICTIM-CENTERED, TRAUMA-INFORMED, AND RIGHTS-BASED APPROACHES. COMPREHENSIVE SERVICES WILL BE OFFERED THROUGH IN-HOUSE SERVICES AND COLLABORATIVE, COORDINATED COMMUNITY PARTNERSHIPS TO ADDRESS THE FULL SPECTRUM NEEDS OF SURVIVORS IN ORDER TO INCREASE AUTONOMY, SELF-SUFFICIENCY, AND INCREASED SAFETY AND WELL-BEING.",NM,NM70500,252,department-of-justice,ASST_NON_15POVC22GG03678HT_015,True
231635077,15POVC22GG03672HT,ALASKA HOUSING FINANCE CORP,2022-10-01,2026-09-30,800000.0,Department of Justice,Office of Justice Programs,16.320,"ALASKA HOUSING FINANCE CORPORATION (AHFC) WILL CONTINUE THE DEVELOPMENT OF A RURAL RESPONSE TO HUMAN TRAFFICKING IN ALASKA. AHFC WILL PARTNER WITH INTERIOR ALASKA CENTER FOR NONVIOLENT LIVING (IAC) IN FAIRBANKS AND MAT-SU YOUTH HOUSING (MYH) IN WASILLA TO SERVE ADULT AND YOUTH VICTIMS OF HUMAN TRAFFICKING. ADDITIONALLY, AHFC WILL WORK WITH MYH AND IAC TO ESTABLISH COMMUNITY AWARENESS AND RESPONSES TO HUMAN TRAFFICKING IN OTHER RURAL AREAS OF THE STATE. FINALLY AHFC WILL USE GRANT FUNDS TO HIRE A THIRD RURAL HOUSING NAVIGATOR TO RESPOND TO SMALL COMMUNITY REQUESTS USING REMOTE ASSISTANCE AND LOCAL CONNECTIONS TO HELP VICTIMS WHERE THEY ARE WITHOUT THE NEED FOR THE VICTIMS TO TRAVEL TO A HUB COMMUNITY.",AK,AK03000,252,department-of-justice,ASST_NON_15POVC22GG03672HT_015,True
231635074,15POVC22GG03666MINO,SAN DIEGO YOUTH SERVICES,2022-10-01,2025-09-30,800000.0,Department of Justice,Office of Justice Programs,16.320,"SAN DIEGO YOUTH SERVICES WILL PROVIDE FLEXIBLE SHORT TERM HOUSING ASSISTANCE (STHA) AND TRANSITIONAL HOUSING (TH) WITH CULTURALLY APPROPRIATE, SURVIVOR-CENTERED SERVICES FOR TRANSITIONAL AGE YOUTH WHO HAVE EXPERIENCED SEX TRAFFICKING/COMMERCIAL SEXUAL EXPLOITATION (ST/CSE), EMPHASIZING UNDERSERVED REFUGEE POPULATIONS, ESPECIALLY THOSE FROM EAST AFRICAN, MIDDLE EASTERN, CENTRAL AND SOUTH ASIAN, SLAVIC, AND HAITIAN BACKGROUNDS, IN SAN DIEGO COUNTY. IN PARTNERSHIP SAN DIEGO REFUGEE COMMUNITIES COALITION (SDRCC), A COLLECTIVE OF 12 ETHNIC-COMMUNITY BASED ORGANIZATIONS SERVING REFUGEES, ASYLUM SEEKERS, AND THEIR FAMILIES, SAN DIEGO YOUTH SERVICES WILL PROVIDE: 1)  FLEXIBLE, HYBRID STHA AND TH FOR 24  SURVIVORS BETWEEN 16- TO 25-YEARS-OLD WITH CULTURALLY APPROPRIATE, STRENGTHS-BASED, SURVIVOR-DRIVEN ASSESSMENTS, SERVICE PLANS, CASE MANAGEMENT, LINKAGES, AND FOLLOW-UP SUPPORT;  2) LINKAGES TO COMMUNITY RESOURCES AND SERVICES, INCLUDING SDRCC-MEMBER CULTURALLY SPECIFIC SUPPORTS, EMPLOYMENT AND EDUCATION SERVICES, AND PERMANENT HOUSING; 3) ASSESSMENT OF REFUGEE COMMUNITIES RISKS AND NEEDS FOR HUMAN TRAFFICKING (HT) TO DEVELOP A SAN DIEGO-SPECIFIC REFUGEE HT CURRICULA DELIVERED TO 360 INDIVIDUALS; 4) TRAIN SDRCC MEMBER STAFF ON SCREENING, ASSESSMENT, AND REFERRALS OF ST/CSE SURVIVORS; SDRCC WILL TRAIN SDYS ON REFUGEE NEEDS, STRENGTHS, AND CULTURAL RESOURCES; 5) LANGUAGE-SPECIFIC TRAFFICKING MATERIALS (RUSSIAN, HAITIAN CREOLE, ARABIC, BURMESE/KAREN, DARI/PASHTO).",CA,CA66000,252,department-of-justice,ASST_NON_15POVC22GG03666MINO_015,True
231634653,15POVC21GG04230HT,"ASCENTRIA COMMUNITY SERVICES, INC",2021-10-01,2025-03-31,800000.0,Department of Justice,Office of Justice Programs,16.320,ENHANCED SERVICES FOR VICTIMS OF HUMAN TRAFFICKING PROGRAM,MA,MA82000,252,department-of-justice,ASST_NON_15POVC21GG04230HT_015,True
231634651,15POVC21GG04225HT,THE SALVATION ARMY,2021-10-01,2025-09-30,800000.0,Department of Justice,Office of Justice Programs,16.320,ENHANCING SERVICES TO SURVIVORS OF HUMAN TRAFFICKING,NY,NY80599,252,department-of-justice,ASST_NON_15POVC21GG04225HT_015,True
231634648,15POVC21GG04219HT,COALITION TO ABOLISH SLAVERY & TRAFFICKING,2021-10-01,2024-09-30,800000.0,Department of Justice,Office of Justice Programs,16.320,MEETING THE COMPREHENSIVE SERVICE NEEDS OF VICTIMS OF HUMAN TRAFFICKING IN LOS ANGELES,CA,CA44000,252,department-of-justice,ASST_NON_15POVC21GG04219HT_015,True
231634641,15POVC21GG04206HT,COMMONSPIRIT HEALTH,2021-10-01,2024-09-30,800000.0,Department of Justice,Office of Justice Programs,16.320,MEDICAL SAFE HAVEN PROGRAM FOR SURVIVORS OF HUMAN TRAFFICKING,IL,IL14000,252,department-of-justice,ASST_NON_15POVC21GG04206HT_015,True
231634640,15POVC21GG04204HT,UNIVERSITY OF MIAMI,2021-10-01,2024-09-30,800000.0,Department of Justice,Office of Justice Programs,16.320,SURVIVOR MOTHERS Â AN ENHANCED THRIVE MODEL OF CARE FOR SURVIVOR MOTHERS AND INFANTS,FL,FL45000,252,department-of-justice,ASST_NON_15POVC21GG04204HT_015,True
231635138,15POVC22GG03880HT,"KRISTI HOUSE, INC.",2022-10-01,2026-03-31,799999.0,Department of Justice,Office of Justice Programs,16.320,"KRISTI HOUSE, INC., WHICH OPERATES PROJECT GOLD FOR GIRLS AND YOUNG WOMEN IN MIAMI-DADE COUNTY OVERCOMING SEX TRAFFICKING, PROPOSES EXPANSION AND ENHANCEMENT OF ITS EDUCATION, JOB TRAINING AND CAREER DEVELOPMENT TRACK, BRIDGES TO THE FUTURE. THROUGH THIS PROJECT, THE ORGANIZATION WILL USE A MULTI-PRONGED APPROACH TO EXPOSE PROGRAM PARTICIPANTS TO THE PEOPLE AND PLACES INVOLVED IN JOBS AND CAREERS OF INTEREST. SPECIAL EMPHASIS WILL BE PLACED ON PROVIDING UNIQUE OPPORTUNITIES FOR INTERACTION, AS WELL PARTICIPATION IN JOB/CAREER FAIRS, CAMPUS AND COMPANY TOURS, AND INTERNSHIP OPPORTUNITIES. MANY DIVERSE WOMEN LEADERS AND PROFESSIONALS WILL ASSIST IN ENABLING PARTICIPANTS TO LEARN ABOUT CAREERS FIRSTHAND THROUGH PRESENTATIONS AND DIALOG. THE ORGANIZATION WILL OFFER TRAINING ON COMMERCIAL EXPLOITATION OF CHILDREN AND HUMAN TRAFFICKING TO COMMUNITY SERVICE PROVIDERS. THE ORGANIZATION WILL ALSO PROVIDE SPECIALIZED TRAINING ON HUMAN TRAFFICKING OF BOYS AND MEN AND LGBTQ+ INDIVIDUALS. THE ORGANIZATION ANTICIPATES A MINIMUM OF 100 FEMALE SURVIVORS, PRIMARILY AGES 16 TO 24, WILL PARTICIPATE IN BRIDGES TO THE FUTURE PROGRAM, AND AT LEAST 7,500 PROFESSIONALS FROM SERVICE PROVIDER AGENCIES AND LOCAL PARTNERS WILL PARTICIPATE IN HUMAN TRAFFICKING EDUCATION AND TRAINING PROGRAMS.",FL,FL45000,252,department-of-justice,ASST_NON_15POVC22GG03880HT_015,True
231635091,15POVC22GG03698HT,MOUNTAIN-PLAINS YOUTH SERVICES COALITION,2022-10-01,2025-09-30,799998.0,Department of Justice,Office of Justice Programs,16.320,"MOUNTAIN PLAINS YOUTH SERVICES, INC. (DBA YOUTHWORKS) PROVIDES ANTI-TRAFFICKING SERVICES THROUGHOUT NORTH DAKOTA TO RUNAWAY, HOMELESS, TRAFFICKED AND STREET YOUTH (RHTSY). UNDER THIS GRANT, YOUTHWORKS WILL OFFER A SPECIALIZED HOUSING PROGRAM FOR IDENTIFIED SURVIVORS OF HUMAN TRAFFICKING, AGED 18-24. ANNUALLY, THE PROJECT WILL PROVIDE 15 YOUTH SURVIVORS WITH RAPID RE-HOUSING AND SUPPORTIVE SERVICES AND 10 YOUTH SURVIVORS WILL BE HOUSED IN TRANSITIONAL HOUSING. THE PROGRAM DESIGN WILL INCLUDE: TWO HUMAN TRAFFICKING HOUSING NAVIGATOR (HTHN) POSITIONS AND TRANSITIONAL HOUSING UNITS IN BISMARCK AND FARGO. HTHNS WILL BE RESPONSIBLE FOR INTAKE, ELIGIBILITY SCREENING AND ASSESSMENT, AND SUPPORT SERVICES TO ENABLE SURVIVORS OF HUMAN TRAFFICKING AND THEIR DEPENDENTS TO LOCATE AND SECURE PERMANENT HOUSING AND EMPLOYMENT, AND INTEGRATE INTO THE COMMUNITY.",ND,ND07200,252,department-of-justice,ASST_NON_15POVC22GG03698HT_015,True
231635710,15POVC23GG04084HT,COALITION TO ABOLISH SLAVERY & TRAFFICKING,2023-10-01,2026-09-30,799967.0,Department of Justice,Office of Justice Programs,16.320,"THE COALITION TO ABOLISH SLAVERY AND TRAFFICKING (CAST) WILL PROVIDE COMPREHENSIVE LEGAL SERVICES TO SURVIVORS IN LOS ANGELES COUNTY IN CALIFORNIA. THE PROJECT GOAL IS TO ENSURE THAT CAST AND ITS PARTNERS HAVE THE CAPACITY AND SKILLS TO RESPOND TO THE SPECIALIZED, COMPREHENSIVE LEGAL NEEDS OF VICTIMS OF ALL FORM OF HUMAN TRAFFICKING IN LOS ANGELES. THE OBJECTIVES ARE TO PROVIDE COMPREHENSIVE LEGAL SERVICES TO VICTIMS OF HUMAN TRAFFICKING; COLLABORATE WITH FEDERAL, STATE, AND LOCAL LAW ENFORCEMENT, LOCAL SERVICE PROVIDERS, AND COMMUNITY- AND FAITH-BASED ORGANIZATIONS TO ENSURE TRAFFICKING VICTIMS ARE IDENTIFIED AND REFERRED FOR APPROPRIATE SERVICES; AND CONDUCT TRAINING FOR COMPLEMENTARY SERVICE PROVIDERS AND PRO BONO PARTNERS TO IMPROVE THEIR KNOWLEDGE OF HUMAN TRAFFICKING AND THEIR ABILITY TO IDENTIFY AND RESPOND TO VICTIMS. CAST HAS EXPERIENCE WORKING WITH DIVERSE POPULATIONS OF TRAFFICKING VICTIMS, PROMOTING RACIAL EQUITY, AND CONTRIBUTING TO ACCESS TO SERVICES FOR COMMUNITIES THAT HAVE BEEN HISTORICALLY UNDERSERVED, MARGINALIZED, AND ADVERSELY AFFECTED BY INEQUALITY.CAST ALSO OFFERS EXTENSIVE TRAINING TO ITS STAFF ON DELIVERING SERVICES WITH THE GOAL OF RACIAL EQUITY AND BUILDS PARTNERSHIPS WITH GRASSROOTS ORGANIZATIONS IN COMMUNITIES OF COLOR TO INCREASE THE RATE OF VICTIM IDENTIFICATION AMONG THEM.",CA,CA44000,252,department-of-justice,ASST_NON_15POVC23GG04084HT_015,True
231634639,15POVC21GG04202HT,"INTERNATIONAL RESCUE COMMITTEE, INC.",2021-10-01,2025-03-31,799949.0,Department of Justice,Office of Justice Programs,16.320,IRC IN MIAMI'S ANTI-TRAFFICKING PROGRAM,FL,FL45000,252,department-of-justice,ASST_NON_15POVC21GG04202HT_015,True
231634633,15POVC21GG04186HT,"INTERNATIONAL RESCUE COMMITTEE, INC.",2021-10-01,2025-09-30,799945.0,Department of Justice,Office of Justice Programs,16.320,IRC SEATTLE ENHANCING SERVICES FOR VICTIMS OF HUMAN TRAFFICKING,WA,WA63000,252,department-of-justice,ASST_NON_15POVC21GG04186HT_015,True
231635134,15POVC22GG03819HT,"UNIVERSITY OF MARYLAND, BALTIMORE",2022-10-01,2026-09-30,799878.0,Department of Justice,Office of Justice Programs,16.320,"THE GOAL OF THE SAFE CENTER’S SIRV MODEL IMPLEMENTATION: ESTABLISHING A COMPREHENSIVE HUMAN TRAFFICKING RESPONSE AND SERVICE REFERRAL PATHWAY IN FIVE UNITS OF UNIVERSITY OF MARYLAND CAPITAL REGION MEDICAL CENTER (UM CRMC) IS TO IMPROVE IDENTIFICATION AND RESPONSE TO VICTIMS OF SEX AND LABOR TRAFFICKING IN THE LARGEST NOT-FOR-PROFIT HEALTHCARE SYSTEM IN PRINCE GEORGE’S COUNTY (PG CO) AND SECOND BUSIEST TRAUMA CENTER IN MARYLAND. IN 2019, THE SAFE CENTER PARTNERED WITH THE MARYLAND HOSPITAL ASSOCIATION AND FORENSIC NURSES ACROSS THE STATE TO WRITE AND RELEASE HUMAN TRAFFICKING: GUIDELINES FOR HEALTH CARE PROVIDERS. THE GUIDELINES OUTLINE THE SERVE, IDENTIFY, RESPOND, AND EVALUATE (SIRV) MODEL, WHICH OFFERS BEST PRACTICES TO SCREEN, IDENTIFY, AND SUPPORT VICTIMS OF SEX AND LABOR TRAFFICKING IN A MEDICAL SETTING. THE PROPOSED PROJECT WILL APPLY THE SIRV MODEL TO THE EMERGENCY DEPARTMENT, DOMESTIC VIOLENCE/SEXUAL ASSAULT CENTER, OB/GYN, BEHAVIORAL HEALTH, AND AMBULATORY UNITS OF UM CRMC TO IMPROVE CARE AND OUTCOMES FOR VICTIMS OF SEX AND LABOR TRAFFICKING. THIS PROJECT WILL BENEFIT INDIVIDUALS WHO ARE HIGH-RISK OR HAVE EXPERIENCED TRAFFICKING BY EMPOWERING HEALTHCARE WORKERS AT UM CRMC TO IDENTIFY TRAFFICKING RISK AND OFFER EVIDENCE-BASED, TRAUMA-INFORMED, PATIENT-CENTERED, AND CULTURALLY APPROPRIATE SUPPORT AND SERVICES. THE PROJECT ACTIVITIES WILL INCLUDE COMPREHENSIVE TRAINING ON THE SIRV MODEL, CREATING TRAFFICKING POLICIES AND PROTOCOLS, BUILDING PARTNERSHIPS AND A ROBUST COMMUNITY REFERRAL NETWORK, AND RIGOROUS PROGRAM EVALUATION. THE PROJECT WILL SERVE AS A PILOT FOR THE IMPLEMENTATION OF THE SIRV MODEL, WITH THE INTENTION OF SCALING THE MODEL TO OTHER MARYLAND HOSPITALS.",MD,MD04000,252,department-of-justice,ASST_NON_15POVC22GG03819HT_015,True
231634065,15PNIJ23GG01926HT,RESEARCH TRIANGLE INSTITUTE,2024-01-01,2026-12-31,799859.0,Department of Justice,Office of Justice Programs,16.320,"TWENTY YEARS AFTER PASSAGE OF THE TRAFFICKING VICTIMS PROTECTION ACT, THE FIELD OF HUMAN TRAFFICKING (HT) STILL LACKS EVIDENCE-BASED SERVICE MODELS TO SUPPORT VICTIMS AND SURVIVORS OF HT. THERE REMAINS A CRITICAL NEED FOR OUTCOME EVALUATIONS THAT CAN ADVANCE THE EVIDENCE BASE GUIDING POLICY AND PRACTICE. RTI INTERNATIONAL DEVELOPED THE OUTCOMES FOR HUMAN TRAFFICKING SURVIVORS (OHTS) INSTRUMENT IN RESPONSE TO THE URGENT NEED FOR OUTCOME EVALUATIONS OF HT SERVICES. THE OHTS IS THE MOST RIGOROUSLY DEVELOPED AND TESTED INSTRUMENT AVAILABLE TO EVALUATE HT SERVICE MODELS. 

THE CALIFORNIA OFFICE OF EMERGENCY SERVICES HUMAN TRAFFICKING VICTIM ASSISTANCE (HTVA) GRANT PROGRAM FUNDS 31 ORGANIZATIONS TO PROVIDE COMPREHENSIVE SERVICES TO SEX AND LABOR TRAFFICKING VICTIMS. HTVA GRANTEES ARE REQUIRED TO COLLECT QUARTERLY CLIENT-LEVEL PROCESS AND OUTCOME DATA USING THE OHTS INSTRUMENT. 

THIS PROPOSED STUDY LEVERAGES RTIS PREVIOUS NATIONAL INSTITUTE OF JUSTICEFUNDED WORK TO CONDUCT A MULTI-METHOD, MULTI-SITE PROGRAM EVALUATION OF THREE HT SERVICE MODELS (I.E., COMPREHENSIVE SERVICE MODEL, COORDINATED CARE SERVICE MODEL, AND HOUSING FIRST SERVICE MODEL). FIRST, RTI WILL CONDUCT A PROCESS DESIGNED TO DESCRIBE HTVA GRANTEE PROGRAM FUNCTIONING AND CAPACITY; SERVICE MODELS; SERVICE RECEIPT CHARACTERISTICS, COMMUNITY PARTNERSHIPS, OHTS IMPLEMENTATION EXPERIENCES; TRAFFICKING VICTIMIZATION EXPERIENCES; AND DEMOGRAPHICS. SECOND, RTI WILL CONDUCT A RIGOROUS QUASI-EXPERIMENTAL OUTCOME EVALUATION DESIGNED TO TEST THE IMPACT OF THREE SERVICE MODELS AND SERVICE RECEIPT CHARACTERISTICS ON OHTS CLIENT OUTCOMES; EXPLORE LONGITUDINAL SURVIVOR OUTCOME TRAJECTORIES; AND ASSESS RACE EQUITY DISPARITIES IN SERVICES AND OUTCOMES. THIRD, RTI WILL CONDUCT A SURVIVOR EQUITY AND ACCESS STUDY TO EXAMINE SYSTEMIC, PERSONAL, AND LOGISTICAL BARRIERS TO SERVICE AND REFERRAL ACCESS AND UPTAKE AMONG HUMAN TRAFFICKING CLIENTS AND SURVIVORS. FINALLY, RTI WILL TRANSLATE RESEARCH TO PRACTICE BY DEVELOPING AND DISSEMINATING USER-FRIENDLY PRODUCTS, INCLUDING CALIFORNIA STATE- AND SITE-LEVEL REPORTS, AND AN HT EVALUATION TOOLKIT EACH DESIGNED TO SUPPORT POLICY, RESEARCH, AND PRACTICE.
THIS STUDY WILL ESTABLISH A FOUNDATION FOR EVIDENCE-BASED SERVICE MODELS THAT ARE URGENTLY NEEDED TO ADDRESS SURVIVORS NEEDS AND SUPPORT THE CRIMINAL JUSTICE SYSTEM RESPONSE TO HT. CONCURRENTLY, IT WILL PRODUCE THE LARGEST AND MOST COMPREHENSIVE ASSESSMENT TO DATE OF SURVIVOR OUTCOMES OVER TIME, ADDRESSING IMMEDIATE INFORMATION NEEDS AMONG HT COMPREHENSIVE SERVICE PROGRAMS. THE OHTS WILL SUPPORT THE RIGOROUS RESEARCH AND EVALUATION DESIGNS NEEDED TO IDENTIFY LONGITUDINAL ASSOCIATIONS BETWEEN PROGRAM PARTICIPATION AND OUTCOMES. THESE FINDINGS CAN, IN TURN, GUIDE PROGRAM INVESTMENTS AND POLICY DEVELOPMENT WITHIN CALIFORNIA, THE OFFICE FOR VICTIMS OF CRIME, AND OTHER PUBLIC AND PRIVATE ENTITIES ADDRESSING HT.",NC,NC19000,252,department-of-justice,ASST_NON_15PNIJ23GG01926HT_015,True
231635099,15POVC22GG03718MINO,"CAPITAL CITY YOUTH SERVICES, INC.",2022-10-01,2026-09-30,799855.0,Department of Justice,Office of Justice Programs,16.320,"CAPITAL CITY YOUTH SERVICES (CCYS) SERVES HOMELESS, RUNAWAY, AND SEXUALLY EXPLOITED YOUTH (AGED 11-24). THROUGH SIX CORE PROGRAMS, CCYS PROVIDES EMERGENCY SHELTER, CRISIS INTERVENTION, STREET BASED OUTREACH, DROP-IN CENTER SERVICES, MENTAL HEALTH COUNSELING, AS WELL AS SHORT AND LONG-TERM HOUSING RELATED SUPPORT TO YOUTH AND FAMILIES RESIDING IN – OR TRAVELING THROUGH – THE BIG BEND REGION IN THE STATE OF FLORIDA. FUNDING WILL 1) PROVIDE TRANSITIONAL HOUSING TO 60 UNDUPLICATED YOUTH (AGED 11-17), AND RAPID REHOUSING TO 20 YOUTH (AGED 18-24) WHO HAVE BEEN VICTIMIZED BY HUMAN TRAFFICKING; 2) OFFER NINE TRAININGS ON HUMAN TRAFFICKING TO REACH 1200 COMMUNITY PROVIDERS AND STAKEHOLDERS; 3) PROVIDE SUPPORT SERVICES AND REFERRALS TO 100 UNDUPLICATED YOUTH VICTIMS OF HUMAN TRAFFICKING; 4) DEVELOP A POLICY-FOCUSED HUMAN TRAFFICKING COMMITTEE, INCREASING AND IMPROVING RESOURCES AVAILABLE TO VICTIMS IN THE BIG BEND REGION; 5) PROVIDE FEDERAL, STATE, AND LOCAL AGENCIES WITH OUTCOMES, BEST PRACTICES THROUGH ONGOING COLLABORATION WITH THE LOCAL CONTINUUM OF CARE, HUMAN TRAFFICKING COALITION, AND ALLIED PROFESSIONALS.",FL,FL70600,252,department-of-justice,ASST_NON_15POVC22GG03718MINO_015,True
231635082,15POVC22GG03682MINO,UNDER 21,2022-10-01,2025-09-30,799835.0,Department of Justice,Office of Justice Programs,16.320,"COVENANT HOUSE NEW YORK (CHNY) WILL PROVIDE 6 TO 24 MONTHS OF TRANSITIONAL HOUSING TO YOUTH EXPERIENCING HOMELESSNESS WHO HAVE EXPERIENCED TRAFFICKING, AND/OR ARE AT RISK OF EXPLOITATION, WITH A FOCUS ON EDUCATION AND EMPLOYMENT SERVICES, HOUSING SEARCH AND ASSISTANCE. YOUTH IN THIS PROGRAM WILL HAVE ACCESS TO CHNY’S OTHER SUPPORTIVE SERVICES, INCLUDING MEDICAL AND MENTAL HEALTH CARE, AND YOUTH DEVELOPMENT SUPPORT, AS WELL AS PERMANENCY PLANNING SERVICES, WORKING CLOSELY WITH HOUSING SPECIALISTS ACROSS CHNY’S HOUSING CONTINUUM. ALL SERVICES WILL BE DELIVERED AT CHNY’S MAIN SERVICE CENTER IN MIDTOWN MANHATTAN, OR AT ONE OF THEIR BRONX SATELLITE SITES. CHNY EXPECTS TO SCREEN OVER 1,000 YOUNG PEOPLE, PROVIDING COMPREHENSIVE SERVICES TO APPROXIMATELY 150 VICTIMS OF HUMAN TRAFFICKING OVER THE TERM OF THE GRANT PERIOD, IN-HOUSE AND VIA COLLABORATIONS WITH OTHER SERVICE PROVIDERS.  ADDITIONALLY, CHNY WILL PROVIDE TRAINING AND TECHNICAL ASSISTANCE TO PARTNER PROVIDERS IN THE COMMUNITY TO RAISE AWARENESS OF AND IMPROVE SERVICES TO HUMAN TRAFFICKING VICTIMS IN NEW YORK CITY AND BEYOND.",NY,NY51000,252,department-of-justice,ASST_NON_15POVC22GG03682MINO_015,True
231635141,15POVC22GG03897HT,"AO: ADVOCATING OPPORTUNITY, INC.",2022-10-01,2026-09-30,799355.0,Department of Justice,Office of Justice Programs,16.320,"ADVOCATING OPPORTUNITY (AO) WILL PROVIDE HOLISTIC LEGAL SERVICES, SUPPORT, AND ADVOCACY FOR TRAFFICKED AND EXPLOITED PEOPLE BASED ON A TRAUMA-RESPONSIVE LEGAL AND HUMAN RIGHTS-BASED FRAMEWORK. FOR THIS PROJECT, LUCAS AND FRANKLIN COUNTIES, OHIO WILL BE THE PRIMARY GEOGRAPHIC AREAS; HOWEVER, SERVICES ARE PROVIDED IN A MANNER THAT IS CONVENIENT AND TAILORED TO SURVIVORS, AND AO WILL TRAVEL TO THEIR CLIENTS MEETING THEIR NEEDS WHERE THEY ARE. THE GOAL OF THE PROJECT IS TO DEVELOP, EXPAND, AND STRENGTHEN TRAUMA-RESPONSIVE, VICTIM SERVICES AND, SPECIFICALLY, TO INCREASE THE QUALITY AND QUANTITY OF LEGAL SERVICES TO ASSIST ALL VICTIMS OF ALL FORMS OF HUMAN TRAFFICKING. THE PROJECT OBJECTIVE IS TO ACHIEVE INCREASED SAFETY, SELF-SUFFICIENCY, AND WELL-BEING FOR HUMAN TRAFFICKING VICTIMS, AS WELL AS TO BREAK THE CYCLE OF INTER-GENERATIONAL TRAUMA AND REDUCE THE RISK OF REVICTIMIZATION. PROJECT ACTIVITIES WILL INCLUDE: 1) PROVIDE SERVICES MEETING INDIVIDUAL NEEDS OF ALL HUMAN TRAFFICKING VICTIMS WITH A FOCUS ON FOREIGN NATIONAL HUMAN TRAFFICKING VICTIMS AND LABOR TRAFFICKING VICTIMS; 2) COLLABORATE WITH, AND PROVIDE TRAININGS FOR, LOCAL PARTNERS TO ENSURE THAT ALL HUMAN TRAFFICKING VICTIMS ARE PROPERLY IDENTIFIED, REFERRED FOR APPROPRIATE SERVICES, AND STRENGTHEN THE SERVICE CAPACITIES AND SUPPORT CAPACITIES OF THOSE LOCAL PARTNERS; 3) PROVIDE REFERRALS TO OTHER ESSENTIAL SERVICES FOR HUMAN TRAFFICKING VICTIMS; AND 4) DATA COLLECTION AND PARTICIPATION IN EVALUATION ACTIVITIES TO DETERMINE IF THE PROGRAM IS MEETING STATED GOALS AND OBJECTIVES.",OH,OH77000,252,department-of-justice,ASST_NON_15POVC22GG03897HT_015,True
231634662,15POVC21GG04247HT,THE SALVATION ARMY,2021-10-01,2025-09-30,798623.74,Department of Justice,Office of Justice Programs,16.320,TSA WPA SERVICES FOR VICTIMS OF HUMAN TRAFFICKING,NY,NY80599,252,department-of-justice,ASST_NON_15POVC21GG04247HT_015,True
231635085,15POVC22GG03688HT,"RESTORE NYC, INC",2022-10-01,2025-09-30,797135.1,Department of Justice,Office of Justice Programs,16.320,"RESTORE NYC SERVES SURVIVORS OF HUMAN TRAFFICKING IN THE FIVE BOROUGHS OF NYC. RESTORE’S CORE POPULATION IS ADULT, FEMALE-IDENTIFIED U.S. CITIZENS, PERMANENT RESIDENTS (GREEN CARD HOLDERS), AND FOREIGN NATIONALS. RESTORE OPERATES UNDER A HOUSING FIRST PHILOSOPHY AND PRACTICES A LOW-BARRIER AND STRENGTHS-BASED APPROACH IN ORDER TO CONNECT SURVIVORS AS QUICKLY AND EFFICIENTLY AS POSSIBLE TO SUSTAINABLE HOUSING. SERVICES ARE SURVIVOR-CENTERED, CULTURALLY SENSITIVE, AND TRAUMA-INFORMED. SURVIVORS WILL BE OFFERED A RANGE OF HOUSING OPTIONS, INCLUDING EMERGENCY, TRANSITIONAL, RAPID REHOUSING, AND/OR FLEXIBLE FUNDING TO FACILITATE SELF-SUFFICIENCY AND TRANSITION INTO SAFE, AFFORDABLE, AND SUSTAINABLE HOUSING.",NY,NY51000,252,department-of-justice,ASST_NON_15POVC22GG03688HT_015,True
231634647,15POVC21GG04217HT,THE IMMIGRANT AND REFUGEE COMMUNITY ORGANIZATION,2021-10-01,2024-09-30,795783.38,Department of Justice,Office of Justice Programs,16.320,IMMIGRANT AND REFUGEE COMMUNITY ORGANIZATION (IRCO) SERVICES FOR VICTIMS OF HUMAN TRAFFICKING PROJECT,OR,OR59000,252,department-of-justice,ASST_NON_15POVC21GG04217HT_015,True
231634645,15POVC21GG04214HT,"YOUNG WOMEN'S CHRISTIAN ASSOCIATION OF WHEELING, W. VA.",2021-10-01,2025-09-30,795000.0,Department of Justice,Office of Justice Programs,16.320,THE YOUNG WOMEN'S CHRISTIAN ASSOCIATION OF WHEELING WV SURVIVORS OF TRAFFICKING EMPOWERMENT PROGRAM,WV,WV86452,252,department-of-justice,ASST_NON_15POVC21GG04214HT_015,True
231634631,15POVC21GG04181HT,"HEARTLAND HUMAN CARE SERVICES, INC.",2021-10-01,2025-09-30,791385.98,Department of Justice,Office of Justice Programs,16.320,HEARTLAND HUMAN CARE SERVICES - ENHANCED SCOPE OF SERVICES FOR HUMAN TRAFFICKING VICTIMS,IL,IL14000,252,department-of-justice,ASST_NON_15POVC21GG04181HT_015,True
231635136,15POVC22GG03855HT,YOUTHCARE,2022-10-01,2025-09-30,781339.05,Department of Justice,Office of Justice Programs,16.320,"THROUGH THIS PROJECT, YOUTHCARE WILL BE ABLE TO ENHANCE ITS EDUCATION AND EMPLOYMENT SERVICES TO THOSE WHO ARE VICTIMS AND SURVIVORS OF HUMAN TRAFFICKING. YOUTHCARE WILL CONTINUE TO PROVIDE COMPREHENSIVE SERVICES TO VICTIMS AND SURVIVORS OF LABOR OR SEX TRAFFICKING IN SEATTLE/KING COUNTY, WHO ARE 12- 24 YEARS OLD, INCLUDING MALES, FEMALES AND YOUTH/YOUNG ADULTS WHO IDENTIFY AS GENDER NON- CONFORMING/NON-BINARY, INCLUDING US CITIZENS, FOREIGN NATIONALS, LEGAL PERMANENT RESIDENTS, AND MINORS. THE MAIN OUTCOME OF THIS PROPOSAL IS TO SUPPORT YOUTH IN ACHIEVING ECONOMIC EMPOWERMENT AND INDEPENDENCE THROUGH THE ADVANCEMENT OF EDUCATION AND ATTAINMENT OF EMPLOYMENT AND EMPLOYABLE SKILLS. STAFF MEMBERS WILL OFFER OPTIONS OF SERVICES TO THE CLIENT AFTER COMPLETING AN ASSESSMENT ON EDUCATION AND JOB READINESS. THE PROPOSED PROJECT ALSO SUPPORTS COMMUNITY TRAINING ACTIVITIES WITH LOCAL LAW ENFORCEMENT, SCHOOLS, JUVENILE JUSTICE, AND OTHER STAKEHOLDERS. THESE TRAININGS WILL INCREASE THE REGIONAL CAPACITY TO IDENTIFY YOUTH AND YOUNG ADULT VICTIMS OF TRAFFICKING, PROVIDE DEVELOPMENTALLY APPROPRIATE INTERVENTIONS, AND REFER VICTIMS TO YOUTHCARE.",WA,WA63000,252,department-of-justice,ASST_NON_15POVC22GG03855HT_015,True
231635102,15POVC22GG03745HT,UNITED MIGRANT OPPORTUNITY SERVICES/UMOS INC.,2022-10-01,2026-09-30,777693.0,Department of Justice,Office of Justice Programs,16.320,"THE UNITED MIGRANT OPPORTUNITY SERVICES/UMOS, INC. (UMOS), THROUGH ITS LATINA RESOURCE CENTER (LRC), WILL CONTINUE OPERATING AND STRENGTHEN ITS WISCONSIN REGIONAL ANTI-HUMAN TRAFFICKING PROGRAM (WRAP) TO PROVIDE SERVICES TO VICTIMS OF HUMAN TRAFFICKING IN THE FOLLOWING16 EAST/EAST CENTRAL WISCONSIN COUNTIES: BROWN, DODGE, FOND DU LAC, GREEN LAKE, MANITOWOC, MARATHON, MILWAUKEE, OZAUKEE, PORTAGE, RACINE, SHEBOYGAN, WALWORTH, WASHINGTON, WAUKESHA, WAUPACA, AND WAUSHARA. UMOS WILL ENGAGE FOUR FORMAL PARTNERS AND SEVERAL INFORMAL PARTNERS WHICH INCLUDE HOUSING, LEGAL, AND HEALTH SERVICE PROVIDERS, LAW ENFORCEMENT, PROSECUTORS, STATE AGENCIES, AND COMMUNITY/FAITH-BASED ORGANIZATIONS THAT OPERATE IN THE TARGET REGION. THIS PROJECT WILL PROMOTE RACIAL EQUITY AND BARRIER REMOVAL FOR THE FOLLOWING HISTORICALLY UNDERSERVED, MARGINALIZED AND ADVERSELY AFFECTED COMMUNITIES THAT UMOS WILL TARGET: MIGRANT WORKERS WHO ARE GUEST WORKERS UNDER THE H-2A AND H-2B VISA PROGRAMS, UNDOCUMENTED WORKERS, HISPANICS, AND LIMITED ENGLISH SPEAKERS. THE WRAP’S PRIMARY ACTIVITIES INCLUDE INCREASING AND PROVIDING COMPREHENSIVE, DIRECT SERVICES TO VICTIMS AND RAISING AWARENESS ABOUT HUMAN TRAFFICKING IN WISCONSIN, WITH EMPHASIS ON LABOR TRAFFICKING. OVER THE 3-YEAR GRANT PERIOD, UMOS INTENDS TO CONDUCT 80 OUTREACH EVENTS TO UNDERSERVED COMMUNITIES; REACH 600 POTENTIAL AND/OR CONFIRMED VICTIMS; PROVIDE SERVICES TO MORE THAN 100 VICTIMS; CONDUCT 36 TRAININGS TO PARTNERS; AND TRAIN 260 PROFESSIONALS ON HOW TO IDENTIFY/SCREEN VICTIMS AND HOW/WHERE TO ACCESS COMPREHENSIVE SERVICES FOR VICTIMS, INCLUDING FOOD, HOUSEHOLD ESSENTIALS, TRANSPORTATION, EMERGENCY LODGING/SHELTER, LEGAL SERVICES, EMOTIONAL SUPPORT, AND HEALTH SERVICES. EXPECTED OUTCOMES INCLUDE HEIGHTENED AWARENESS OF THE HUMAN TRAFFICKING PROBLEM IN WISCONSIN, ESPECIALLY AROUND LABOR TRAFFICKING, AMONG LAW ENFORCEMENT, STATE/LOCAL AGENCIES, AND SERVICE PROVIDER ORGANIZATIONS; A STRONGER RESPONSE TO HUMAN TRAFFICKING THAT FOSTERS VICTIM EMPOWERMENT TO ACCESSING AND RECEIVING SERVICES; INCREASED PROVIDER CAPACITY AND COORDINATION TO PROVIDE COMPREHENSIVE SERVICES TO VICTIMS BY REMOVING BARRIERS TO ACCESS DUE TO INEQUALITY AND DISCRIMINATION; AND IMPROVED ACCESS TO CULTURALLY RESPONSIVE SERVICES AS VICTIMS TRANSITION TO SAFETY, INDEPENDENCE, AND SELF-SUFFICIENCY.",WI,WI53000,252,department-of-justice,ASST_NON_15POVC22GG03745HT_015,True
231635078,15POVC22GG03674HT,CLACKAMAS WOMEN'S SERVICES,2022-10-01,2025-09-30,773978.84,Department of Justice,Office of Justice Programs,16.320,"CLACKAMAS WOMEN'S SERVICES, THROUGH ITS HOUSING ASSISTANCE FOR SURVIVORS OF HUMAN TRAFFICKING (HASHT) PROJECT, WILL PROVIDE SAFE STABLE HOUSING AND TRAUMA-INFORMED, VICTIM-CENTERED SERVICES TO VICTIMS OF HUMAN TRAFFICKING, LEADING TO INCREASED AUTONOMY, SELF-SUFFICIENCY, SAFETY, AND WELL-BEING. IN ADDITION, THIS PROJECT WILL PROVIDE CULTURALLY RESPONSIVE SERVICES AND COORDINATION TO REMOVE BARRIERS OF ACCESS FOR UNDERSERVED POPULATIONS WITH A FOCUS ON THE LARGEST LIMITED ENGLISH PROFICIENCY POPULATION IN THE COUNTY, THOSE WHO IDENTIFY AS LATINX. CLACKAMAS WOMEN’S SERVICES WILL SERVE AS THE LEAD APPLICANT, SAFETY COMPASS AS A SUBRECIPIENT, A SAFE PLACE FAMILY JUSTICE CENTER PROVIDING SPACE, AND NORTHWEST FAMILY SERVICES’ CASA ESPERANZA (HOUSE OF HOPE) AND A VILLAGE FOR ONE AS PRIORITIZED REFERRAL PARTNERS.",OR,OR55200,252,department-of-justice,ASST_NON_15POVC22GG03674HT_015,True
231634634,15POVC21GG04190HT,"INTERNATIONAL RESCUE COMMITTEE, INC.",2021-10-01,2024-09-30,772104.4,Department of Justice,Office of Justice Programs,16.320,IRC IN TALLAHASSEE'S ANTI-TRAFFICKING PROGRAM,GA,GA04000,252,department-of-justice,ASST_NON_15POVC21GG04190HT_015,True
231635123,15POVC22GG03776HT,LAKE FAMILY RESOURCE CENTER,2022-10-01,2026-04-30,772000.0,Department of Justice,Office of Justice Programs,16.320,"THE PURPOSE OF THE PROJECT IS TO CONTINUE PROVIDING SERVICES TO VICTIMS OF HUMAN TRAFFICKING IN LAKE COUNTY, CALIFORNIA. PRIMARY ACTIVITIES INCLUDE PROVISION OF SUPPORTIVE SERVICES, INCLUDING EMERGENCY SHELTER, PSYCHOTHERAPY, SOCIAL ADVOCACY, AND SAFETY PLANNING TO TRAFFICKED VICTIMS, AND PARTICIPATING IN COMMUNITY OUTREACH, PROVIDING TRAINING FOR LOCAL LAW ENFORCEMENT, PARTNERS, EDUCATORS, TRIBAL MEMBERS, AND THE PUBLIC. ENHANCEMENTS INCLUDE EXPANDING REACH TO UNDERSERVED TRIBAL POPULATIONS, PROVIDING PROFESSIONAL LIFE COACHING, AND CREATING A WORKING RELATIONSHIP WITH PEOPLE SERVICES, INC. TO BETTER ASSIST THOSE WITH DISABILITIES. LAKE FAMILY RESOURCE CENTER WILL REMOVE BARRIERS TO ACCESSING SERVICES TO THE TRIBAL COMMUNITIES, WHICH ARE HISTORICALLY UNDERSERVED, MARGINALIZED, AND ADVERSELY AFFECTED BY INEQUALITY. EXPECTED OUTCOMES ARE INDIVIDUAL DIRECT SERVICES WILL INCREASE AND NEW COLLABORATIVE PARTNERSHIPS WILL BE FORMED. IT IS ANTICIPATED THAT OVER 5,000 UNDUPLICATED SERVICES WILL BE PROVIDED WITHIN THE LIFE OF THE 36-MONTH GRANT. AS A RESULT OF NEW COLLABORATION WITH PARTICIPATING TRIBES, THE PROJECT WILL SERVE, AT A MINIMUM, 10 NATIVE AMERICAN VICTIMS PRIOR TO COMPLETION OF THE AWARD. DUE TO OVERALL OUTREACH AND EDUCATION PRESENTATIONS, AN ADDITIONAL 500 INDIVIDUALS WILL KNOW MORE ABOUT HUMAN TRAFFICKING AND ITS EFFECT ON COMMUNITIES.",CA,CA38044,252,department-of-justice,ASST_NON_15POVC22GG03776HT_015,True
234950437,2020VTBXK026,CENTER FOR PREVENTION OF ABUSE,2020-10-01,2024-09-30,758920.0,Department of Justice,Office of Justice Programs,16.320,SUPPORT FOR ENHANCED COLLABORATIVE MODEL TASK FORCE TO COMBAT HUMAN TRAFFICKING,IL,IL59000,252,department-of-justice,ASST_NON_2020VTBXK026_015,True
231635771,15POVC23GK02750HT,DEPARTMENT OF PUBLIC SAFETY ARKANSAS,2023-10-01,2026-09-30,750000.0,Department of Justice,Office of Justice Programs,16.320,"THE PURPOSE OF THIS PROGRAM IS TO START A MULTIDISCIPLINARY TASK FORCE AND ESTABLISH A STRONG FOUNDATION OF TASK FORCE CO-LEADERSHIP STRUCTURE, CLEAR ROLES AND RESPONSIBILITIES, AND INTERNAL PROCESSES AND PROTOCOLS. THIS FUNDING WILL SUPPORT A FORMALIZE TASK FORCE STRUCTURE; DEVELOP OPERATIONAL PROCEDURES; ACCESS PROFESSIONAL DEVELOPMENT AND TRAINING OPPORTUNITIES, DELIVER TRAINING FOR KEY STAKEHOLDERS; AND CONDUCT A COMMUNITY ASSESSMENT TO IDENTIFY POTENTIAL AREAS OF THE COMMUNITY WHERE SEX AND LABOR TRAFFICKING MAY BE OCCURRING.

ARKANSAS COVERS 53,179 SQUARE MILES, WITH A 2020 ESTIMATED POPULATION OF 3,013,756 PEOPLE  WITH 1,235,640 OR 41% OF ITS POPULATION LIVING IN RURAL ARKANSAS. AMONG THE 75 ARKANSAS COUNTIES, 13 (23.5%) ARE CLASSIFIED AS METROPOLITAN (URBAN) AND 62 (82.66%) ARE CLASSIFIED AS NONMETROPOLITAN (RURAL), BASED ON 2021 UNIVERSITY OF ARKANSAS RURAL PROFILE OF ARKANSAS. THE WORK OF THE ARKANSAS HUMAN TRAFFICKING TASK FORCE WILL BENEFIT THE ENTIRE STATE.",AR,AR41000,252,department-of-justice,ASST_NON_15POVC23GK02750HT_015,True
231635770,15POVC23GK02749HT,ARKANSAS DEPARTMENT OF HUMAN SERVICES,2023-10-01,2026-09-30,750000.0,Department of Justice,Office of Justice Programs,16.320,"THE PURPOSE OF THIS PROGRAM IS TO START A MULTIDISCIPLINARY TASK FORCE AND ESTABLISH A STRONG FOUNDATION OF TASK FORCE CO-LEADERSHIP STRUCTURE, CLEAR ROLES AND RESPONSIBILITIES, AND INTERNAL PROCESSES AND PROTOCOLS. THIS FUNDING WILL SUPPORT A FORMALIZE TASK FORCE STRUCTURE; DEVELOP OPERATIONAL PROCEDURES; ACCESS PROFESSIONAL DEVELOPMENT AND TRAINING OPPORTUNITIES, DELIVER TRAINING FOR KEY STAKEHOLDERS; AND CONDUCT A COMMUNITY ASSESSMENT TO IDENTIFY POTENTIAL AREAS OF THE COMMUNITY WHERE SEX AND LABOR TRAFFICKING MAY BE OCCURRING.

ARKANSAS COVERS 53,179 SQUARE MILES, WITH A 2020 ESTIMATED POPULATION OF 3,013,756 PEOPLE  WITH 1,235,640 OR 41% OF ITS POPULATION LIVING IN RURAL ARKANSAS. AMONG THE 75 ARKANSAS COUNTIES, 13 (23.5%) ARE CLASSIFIED AS METROPOLITAN (URBAN) AND 62 (82.66%) ARE CLASSIFIED AS NONMETROPOLITAN (RURAL), BASED ON 2021 UNIVERSITY OF ARKANSAS RURAL PROFILE OF ARKANSAS. THE WORK OF THE ARKANSAS HUMAN TRAFFICKING TASK FORCE WILL BENEFIT THE ENTIRE STATE.",AR,AR41000,252,department-of-justice,ASST_NON_15POVC23GK02749HT_015,True
231635769,15POVC23GK02747HT,TARRANT COUNTY,2023-10-01,2026-09-30,750000.0,Department of Justice,Office of Justice Programs,16.320,"UNBOUND NOW AND THE TARRANT COUNTY SHERIFFS OFFICE PROPOSE TO CONTINUE TO IMPLEMENT THE ENHANCED COLLABORATIVE MODEL TASK FORCE TO COMBAT HUMAN TRAFFICKING PROJECT AS PURPOSE AREA 2 GRANT APPLICANTS. THE PURPOSE IS TO EXPAND AND STRENGTHEN THE TARRANT COUNTY HUMAN TRAFFICKING TASK FORCE TO BETTER RESPOND TO SEX AND LABOR TRAFFICKING IN TARRANT COUNTY AND THE SURROUNDING AREAS. POTENTIAL AND CONFIRMED VICTIMS OF HUMAN TRAFFICKING (SEX AND LABOR) AS DEFINED BY TRAFFICKING VICTIM PROTECTION ACT ARE THE INTENDED BENEFICIARIES OF THE PROJECT. SURVIVOR LEADER CONSULTANTS WILL BE PAID AS SUBRECIPIENTS FOR THEIR CONSULTATION WORK. 

PROJECT ACTIVITIES INCLUDE FURTHER DEVELOPMENT OF THE LEADERSHIP STRUCTURE AND SUBCOMMITTEES, PROVIDING VICTIMS ACCESS TO ADVOCACY AND SERVICES, DISCIPLINE-SPECIFIC AND CROSS-DISCIPLINARY TRAININGS, INCREASING SEX AND LABOR TRAFFICKING IDENTIFICATION, INVESTIGATING TRAFFICKING CASES, PROSECUTING TRAFFICKERS, AND USING DATA TO MORE EFFECTIVELY IDENTIFY GAPS AND INFORM RESPONSES IN OUR COMMUNITY. UNBOUND NOW SERVED 395 HUMAN TRAFFICKING VICTIMS IN TARRANT COUNTY AND SURROUNDING AREAS WITH ECM TF FUNDING (53 IN YEAR 1; 243 IN YEAR 2; AND 99 IN YEAR 3 TO DATE). THERE WERE 350 HUMAN TRAFFICKING INVESTIGATIONS (122 IN YEAR 1; 141 IN YEAR 2; AND 87 IN YEAR 3) AND 128 CASES SUBMITTED FOR PROSECUTIONS (42 IN YEAR 1; 33 IN YEAR 2; AND 53 IN YEAR 3) IN TARRANT COUNTY OVER THE LAST THREE YEARS.

AS A RESULT OF THESE ACTIVITIES, THE TARRANT COUNTY HUMAN TRAFFICKING TASK FORCE EXPECTS THE FOLLOWING OUTCOMES: FURTHER DEVELOPMENT OF MULTI-DISCIPLINARY RELATIONSHIPS AT THE LOCAL, STATE, AND FEDERAL LEVELS; MULTIPLE TRAININGS PER YEAR THAT ARE RELEVANT TO AND OPEN TO ALL TASK FORCE PARTNERS; FURTHER DEVELOPMENT OF THE MODEL OF VICTIM ENGAGEMENT IN LAW-ENFORCEMENT OPERATIONS AND INVESTIGATIONS, PROSECUTION CASE DEVELOPMENT, AND VICTIM SERVICES THAT PLACES EMPHASIS ON TRAUMA-INFORMED AND VICTIM-CENTERED PRACTICES; REEVALUATION OF EXISTING PROTOCOLS FOLLOWED BY EXPANSION OR ADJUSTMENTS AS NEEDED; INCREASED ROBUSTNESS IN TARRANT COUNTYS RESPONSE TO LABOR TRAFFICKING; AND CONTINUED PROVISION OF FINANCIAL ASSISTANCE TO VICTIMS AS WELL AS ACCESS TO ADVOCACY AND SERVICES.",TX,TX27000,252,department-of-justice,ASST_NON_15POVC23GK02747HT_015,True
231635768,15POVC23GK02744HT,UNBOUND NOW,2023-10-01,2026-09-30,750000.0,Department of Justice,Office of Justice Programs,16.320,"UNBOUND NOW AND THE TARRANT COUNTY SHERIFFS OFFICE PROPOSE TO CONTINUE TO IMPLEMENT THE ENHANCED COLLABORATIVE MODEL TASK FORCE TO COMBAT HUMAN TRAFFICKING PROJECT AS PURPOSE AREA 2 GRANT APPLICANTS. THE PURPOSE IS TO EXPAND AND STRENGTHEN THE TARRANT COUNTY HUMAN TRAFFICKING TASK FORCE TO BETTER RESPOND TO SEX AND LABOR TRAFFICKING IN TARRANT COUNTY AND THE SURROUNDING AREAS. POTENTIAL AND CONFIRMED VICTIMS OF HUMAN TRAFFICKING (SEX AND LABOR) AS DEFINED BY TRAFFICKING VICTIM PROTECTION ACT ARE THE INTENDED BENEFICIARIES OF THE PROJECT. SURVIVOR LEADER CONSULTANTS WILL BE PAID AS SUBRECIPIENTS FOR THEIR CONSULTATION WORK. 

PROJECT ACTIVITIES INCLUDE FURTHER DEVELOPMENT OF THE LEADERSHIP STRUCTURE AND SUBCOMMITTEES, PROVIDING VICTIMS ACCESS TO ADVOCACY AND SERVICES, DISCIPLINE-SPECIFIC AND CROSS-DISCIPLINARY TRAININGS, INCREASING SEX AND LABOR TRAFFICKING IDENTIFICATION, INVESTIGATING TRAFFICKING CASES, PROSECUTING TRAFFICKERS, AND USING DATA TO MORE EFFECTIVELY IDENTIFY GAPS AND INFORM RESPONSES IN OUR COMMUNITY. UNBOUND NOW SERVED 395 HUMAN TRAFFICKING VICTIMS IN TARRANT COUNTY AND SURROUNDING AREAS WITH ECM TF FUNDING (53 IN YEAR 1; 243 IN YEAR 2; AND 99 IN YEAR 3 TO DATE). THERE WERE 350 HUMAN TRAFFICKING INVESTIGATIONS (122 IN YEAR 1; 141 IN YEAR 2; AND 87 IN YEAR 3) AND 128 CASES SUBMITTED FOR PROSECUTIONS (42 IN YEAR 1; 33 IN YEAR 2; AND 53 IN YEAR 3) IN TARRANT COUNTY OVER THE LAST THREE YEARS.

AS A RESULT OF THESE ACTIVITIES, THE TARRANT COUNTY HUMAN TRAFFICKING TASK FORCE EXPECTS THE FOLLOWING OUTCOMES: FURTHER DEVELOPMENT OF MULTI-DISCIPLINARY RELATIONSHIPS AT THE LOCAL, STATE, AND FEDERAL LEVELS; MULTIPLE TRAININGS PER YEAR THAT ARE RELEVANT TO AND OPEN TO ALL TASK FORCE PARTNERS; FURTHER DEVELOPMENT OF THE MODEL OF VICTIM ENGAGEMENT IN LAW-ENFORCEMENT OPERATIONS AND INVESTIGATIONS, PROSECUTION CASE DEVELOPMENT, AND VICTIM SERVICES THAT PLACES EMPHASIS ON TRAUMA-INFORMED AND VICTIM-CENTERED PRACTICES; REEVALUATION OF EXISTING PROTOCOLS FOLLOWED BY EXPANSION OR ADJUSTMENTS AS NEEDED; INCREASED ROBUSTNESS IN TARRANT COUNTYS RESPONSE TO LABOR TRAFFICKING; AND CONTINUED PROVISION OF FINANCIAL ASSISTANCE TO VICTIMS AS WELL AS ACCESS TO ADVOCACY AND SERVICES.",TX,TX76000,252,department-of-justice,ASST_NON_15POVC23GK02744HT_015,True
231635767,15POVC23GK02742HT,CITY OF ANAHEIM,2023-10-01,2027-09-30,750000.0,Department of Justice,Office of Justice Programs,16.320,"ORANGE COUNTY HAS DEVELOPED AN INNOVATIVE MULTIDISCIPLINARY, ANTI-HUMAN TRAFFICKING MODEL DESIGNED TO COMBAT HUMAN TRAFFICKING. THIS MODEL PROJECT, THE ORANGE COUNTY HUMAN TRAFFICKING TASK FORCE (OCHTTF), IS DESIGNED TO LEVERAGE THE EXPERTISE OF LOCAL SERVICE PROVIDERS AND LAW ENFORCEMENT TO ENSURE THAT VICTIMS ARE IDENTIFIED AND SUPPORTED AND PERPETRATORS ARE HELD ACCOUNTABLE. 

THE OCHTTF PROPOSES TO IMPLEMENT THE ENHANCED COLLABORATIVE PROJECT THROUGH THE CO-LEADERSHIP OF THE ANAHEIM POLICE DEPARTMENT (APD) AND WAYMAKERS. THE PURPOSE IS TO ENHANCE THE MULTIDISCIPLINARY, CO-LEADERSHIP APPROACH TO INCREASING VICTIM IDENTIFICATION OF ALL FORMS OF HUMAN TRAFFICKING, SUPPORTING VICTIMS WITH A TRAUMA-INFORMED APPROACH, AND SEEKING JUSTICE ON THEIR BEHALF THROUGH A VICTIM-CENTERED LENS. PROJECT ACTIVITIES INCLUDE CONDUCTING PROACTIVE INVESTIGATIONS INTO SEX AND LABOR TRAFFICKING CRIMES, PROSECUTING PERPETRATORS, AND PROVIDING COMPREHENSIVE, CULTURALLY RELEVANT SERVICES TO VICTIMS OF ALL FORMS OF HUMAN TRAFFICKING. PROJECT ACTIVITIES WILL INCLUDE A DIVERSE SET OF APPROACHES, INFORMED BY A COLLABORATION OF KEY STAKEHOLDERS INCLUDING LAW ENFORCEMENT, VICTIM SERVICES, PROSECUTION, SURVIVORS, AND THE COMMUNITY. EXPECTED OUTCOMES INCLUDE AN INCREASE IN THE NUMBER OF TOTAL VICTIMS IDENTIFIED AND SERVED, AN INCREASE IN THE PERCENTAGE OF VICTIMS OF LABOR TRAFFICKING BEING SERVED, AND AN INCREASE IN THE NUMBER OF LABOR TRAFFICKING CASES BEING INVESTIGATED. THE GEOGRAPHIC AREA TO BE SERVED IS THE ENTIRE COUNTY OF ORANGE IN CALIFORNIA, REPRESENTING 3,155,816 PEOPLE IN AN AREA OF 791 SQUARE MILES.",CA,CA02000,252,department-of-justice,ASST_NON_15POVC23GK02742HT_015,True
231635766,15POVC23GK02740HT,THE BARBARA SINATRA CHILDREN'S CENTER AT EISENHOWER,2023-10-01,2026-09-30,750000.0,Department of Justice,Office of Justice Programs,16.320,"RIVERSIDE COUNTY IS THE FOURTH LARGEST COUNTY IN CALIFORNIA IN POPULATION SIZE AND GEOGRAPHICAL LANDMASS AND THE 10TH LARGEST COUNTY IN THE NATION. HUMAN TRAFFICKING, BOTH FOR LABOR AND SEX, IS A COMPLEX AND PERVASIVE ISSUE THAT POSES SIGNIFICANT CHALLENGES FOR IDENTIFYING, INVESTIGATING, AND PROSECUTING CASES IN RIVERSIDE COUNTY. BARBARA SINATRA CHILDRENS CENTER AT EISENHOWER (BSCC) AND THE RIVERSIDE COUNTY SHERIFFS DEPARTMENT (RCSD) ARE LOCATED IN RIVERSIDE COUNTY, CALIFORNIA. RCAHT IS SEEKING $750,000 ON BEHALF OF THE RIVERSIDE COUNTY SHERIFFS DEPARTMENT, THE LEAD LAW ENFORCEMENT AGENCY, AND $750,000 ON BEHALF OF THE BARBARA SINATRA CHILDRENS CENTER AT EISENHOWER, THE LEAD VICTIM SERVICE PROVIDER.

OF THE APPROXIMATELY 400 TIPS TO THE RIVERSIDE COUNTY ANTI HUMAN TRAFFICKING TASKFORCE ANNUALLY, ONLY THREE PERCENT ARE REPORTS OF LABOR TRAFFICKING. VICTIMS OF HUMAN TRAFFICKING OFTEN ARE AFRAID TO COME FORWARD. MEMBERS OF RCAHT HAVE THE PASSION, DEDICATION, AND CAPABILITY TO INVESTIGATE INCIDENTS OF LABOR TRAFFICKING. THE CHALLENGE LIES IN IDENTIFYING INCIDENTS THROUGHOUT THE VAST GEOGRAPHY OF RIVERSIDE COUNTY. VICTIM SERVICE PROVIDERS HAVE SERVED OVER 574 HUMAN TRAFFICKING VICTIMS SINCE OCTOBER 2019, WHILE RCAHT INVESTIGATIVE PERSONNEL HAVE WORKED ON OVER 473 LABOR TRAFFICKING AND SEX TRAFFICKING INVESTIGATIONS, WITH 46 CRIMINAL PROSECUTIONS OF TRAFFICKERS.

RCAHT BELIEVES A VICTIM-CENTERED APPROACH PUTS THE SURVIVORS NEEDS AND INTERESTS AT THE CENTER OF ALL WE DO AS A TASK FORCE. THIS INCLUDES AVOIDING THE ARREST, CHARGE, OR PROSECUTION OF HUMAN TRAFFICKING VICTIMS FOR ANY OFFENSE THAT IS THE DIRECT RESULT OF THEIR VICTIMIZATION. RCAHT WILL NEVER REQUIRE A VICTIM OF HUMAN TRAFFICKING TO COLLABORATE WITH LAW ENFORCEMENT AS A CONDITION OF ACCESS TO COMPREHENSIVE VICTIM SERVICES. RCAHT ACKNOWLEDGES THE NEED TO APPLY A DIVERSIFIED, MULTI-PRONGED APPROACH RELATED TO TRAINING AND OUTREACH TO INCREASE THE IDENTIFICATION AND REPORTING OF HUMAN TRAFFICKING IN ALL ITS FORMS. THIS PROPOSAL CREATES FIVE COORDINATED POSITIONS AS SUB-RECIPIENTS: A TASK FORCE COORDINATOR, LIVED EXPERIENCE ADVISORY BOARD, A BILINGUAL OUTREACH WORKER, AND RCAHT RESPONSE TEAM ADVOCATES. THIS GRANT PROPOSAL SEEKS TO EXPAND RCAHTS INTELLIGENCE NETWORK TO INCREASE THE IDENTIFICATION OF LABOR TRAFFICKING AND SEX TRAFFICKING VICTIMS AND ASSIST THEM TOWARDS SURVIVORSHIP.",CA,CA59500,252,department-of-justice,ASST_NON_15POVC23GK02740HT_015,True
231635765,15POVC23GK02738HT,WAYMAKERS,2023-10-01,2027-09-30,750000.0,Department of Justice,Office of Justice Programs,16.320,"ORANGE COUNTY HAS DEVELOPED AN INNOVATIVE MULTIDISCIPLINARY, ANTI-HUMAN TRAFFICKING MODEL DESIGNED TO COMBAT HUMAN TRAFFICKING. THIS MODEL PROJECT, THE ORANGE COUNTY HUMAN TRAFFICKING TASK FORCE (OCHTTF), IS DESIGNED TO LEVERAGE THE EXPERTISE OF LOCAL SERVICE PROVIDERS AND LAW ENFORCEMENT TO ENSURE THAT VICTIMS ARE IDENTIFIED AND SUPPORTED AND PERPETRATORS ARE HELD ACCOUNTABLE. 

THE OCHTTF PROPOSES TO IMPLEMENT THE ENHANCED COLLABORATIVE PROJECT THROUGH THE CO-LEADERSHIP OF THE ANAHEIM POLICE DEPARTMENT (APD) AND WAYMAKERS. THE PURPOSE IS TO ENHANCE THE MULTIDISCIPLINARY, CO-LEADERSHIP APPROACH TO INCREASING VICTIM IDENTIFICATION OF ALL FORMS OF HUMAN TRAFFICKING, SUPPORTING VICTIMS WITH A TRAUMA-INFORMED APPROACH, AND SEEKING JUSTICE ON THEIR BEHALF THROUGH A VICTIM-CENTERED LENS. PROJECT ACTIVITIES INCLUDE CONDUCTING PROACTIVE INVESTIGATIONS INTO SEX AND LABOR TRAFFICKING CRIMES, PROSECUTING PERPETRATORS, AND PROVIDING COMPREHENSIVE, CULTURALLY RELEVANT SERVICES TO VICTIMS OF ALL FORMS OF HUMAN TRAFFICKING. PROJECT ACTIVITIES WILL INCLUDE A DIVERSE SET OF APPROACHES, INFORMED BY A COLLABORATION OF KEY STAKEHOLDERS INCLUDING LAW ENFORCEMENT, VICTIM SERVICES, PROSECUTION, SURVIVORS, AND THE COMMUNITY. EXPECTED OUTCOMES INCLUDE AN INCREASE IN THE NUMBER OF TOTAL VICTIMS IDENTIFIED AND SERVED, AN INCREASE IN THE PERCENTAGE OF VICTIMS OF LABOR TRAFFICKING BEING SERVED, AND AN INCREASE IN THE NUMBER OF LABOR TRAFFICKING CASES BEING INVESTIGATED. THE GEOGRAPHIC AREA TO BE SERVED IS THE ENTIRE COUNTY OF ORANGE IN CALIFORNIA, REPRESENTING 3,155,816 PEOPLE IN AN AREA OF 791 SQUARE MILES.",CA,CA36770,252,department-of-justice,ASST_NON_15POVC23GK02738HT_015,True
231635762,15POVC23GK02732HT,CITY OF NAMPA,2023-10-01,2026-09-30,750000.0,Department of Justice,Office of Justice Programs,16.320,"IN 2020, HOMELAND SECURITY INVESTIGATIONS AND IDAHO COMMUNITY OUTREACH BEHAVIORAL SERVICES LAUNCHED IDAHOS FIRST ANTI-HUMAN TRAFFICKING TASK FORCE. THE TREASURE VALLEY HUMAN TRAFFICKING TASK FORCE (TVHTTF) HAS GROWN, BUT REMAINS IN INFANCY, LACKING RESOURCES, FUNDING, AND THE FOUNDATION TO SUSTAIN AN EFFECTIVE MULTIDISCIPLINARY TASK FORCE. WITH A FOCUS ON SEX TRAFFICKING, THE TVHTTF HAS LACKED A PROPER RESPONSE TO LABOR TRAFFICKING. FEDERAL FUNDING HAS EXPANDED IDAHOS RESPONSE THROUGH DIRECT VICTIM SERVICES, BUT IDAHO NEEDS AN EFFECTIVE TASK FORCE TO COMBAT HUMAN TRAFFICKING. THIS PROJECT WILL ADDRESS THESE ISSUES BY CREATING A FORMAL TASK FORCE IN THE TREASURE VALLEY TO INCLUDE THE ESTABLISHMENT OF FORMAL LEADERSHIP STRUCTURE, WRITTEN PROTOCOLS, EXPANSION OF PARTNERSHIPS, DATA COLLECTION AND TRACKING, AND COORDINATED RESOURCES AND RESPONSES THROUGH A VICTIM-CENTERED, TRAUMA-INFORMED, AND SURVIVOR-INFORMED APPROACH. 

TOGETHER, IDAHO STATE POLICE (ISP) AND THE NAMPA FAMILY JUSTICE CENTER (NFJC), AN ACCREDITED FAMILY JUSTICE CENTER THAT PROMOTES SAFETY, SELF-SUFFICIENCY, HOPE, AND HEALING TO THOSE AFFECTED BY ABUSE, WILL HEAD THIS INITIATIVE. THE TVHTTF WILL FOCUS ON THE COUNTIES OF ADA, CANYON, GEM, PAYETTE, BOISE, ELMORE, VALLEY, ADAMS, WASHINGTON, OWYHEE, HOWEVER, WILL PROVIDE REGIONAL TRAININGS ON A STATE-WIDE LEVEL.THE NFJC CURRENTLY HOLDS FEDERAL FUNDING FOR DIRECT VICTIM SERVICES THAT INCLUDES PARTNERSHIPS WITH OTHER LOCAL NONGOVERNMENTAL ORGANIZATIONS. SINCE HOLDING THIS GRANT, THE NFJC HAS BEEN ABLE TO SIGNIFICANTLY INCREASE ITS REACH IN PROVIDING DIRECT VICTIM SERVICES TO TRAFFICKING VICTIMS. PRIOR TO THE START OF DIRECT SERVICES IMPLEMENTATION, THE NFJC SERVED ELEVEN VICTIMS OF HUMAN TRAFFICKING IN 2020 AND 2021. SINCE OCTOBER 2022, THE NFJC HAS PROVIDED SERVICES TO 46 VICTIMS OF HUMAN TRAFFICKING. ISP HAS CONDUCTED FOUR HUMAN TRAFFICKING INVESTIGATIONS AND NAMPA POLICE DEPARTMENT HAD 53 INVESTIGATIONS OF HUMAN TRAFFICKING OVER THE LAST THREE YEARS. MOST LOCAL LAW ENFORCEMENT DO NOT TRACK HUMAN TRAFFICKING AND CATEGORIZES THESE CASES AS OTHER CRIMES. THERE HAVE BEEN ZERO PROSECUTIONS OF HUMAN TRAFFICKING ON THE STATE LEVEL.",ID,ID56260,252,department-of-justice,ASST_NON_15POVC23GK02732HT_015,True
231635761,15POVC23GK02730HT,IDAHO STATE POLICE,2023-10-01,2026-09-30,750000.0,Department of Justice,Office of Justice Programs,16.320,"IN 2020, HOMELAND SECURITY INVESTIGATIONS AND IDAHO COMMUNITY OUTREACH BEHAVIORAL SERVICES LAUNCHED IDAHOS FIRST ANTI-HUMAN TRAFFICKING TASK FORCE. THE TREASURE VALLEY HUMAN TRAFFICKING TASK FORCE (TVHTTF) HAS GROWN, BUT REMAINS IN INFANCY, LACKING RESOURCES, FUNDING, AND THE FOUNDATION TO SUSTAIN AN EFFECTIVE MULTIDISCIPLINARY TASK FORCE. WITH A FOCUS ON SEX TRAFFICKING, THE TVHTTF HAS LACKED A PROPER RESPONSE TO LABOR TRAFFICKING. FEDERAL FUNDING HAS EXPANDED IDAHOS RESPONSE THROUGH DIRECT VICTIM SERVICES, BUT IDAHO NEEDS AN EFFECTIVE TASK FORCE TO COMBAT HUMAN TRAFFICKING. THIS PROJECT WILL ADDRESS THESE ISSUES BY CREATING A FORMAL TASK FORCE IN THE TREASURE VALLEY TO INCLUDE THE ESTABLISHMENT OF FORMAL LEADERSHIP STRUCTURE, WRITTEN PROTOCOLS, EXPANSION OF PARTNERSHIPS, DATA COLLECTION AND TRACKING, AND COORDINATED RESOURCES AND RESPONSES THROUGH A VICTIM-CENTERED, TRAUMA-INFORMED, AND SURVIVOR-INFORMED APPROACH. 

TOGETHER, IDAHO STATE POLICE (ISP) AND THE NAMPA FAMILY JUSTICE CENTER (NFJC), AN ACCREDITED FAMILY JUSTICE CENTER THAT PROMOTES SAFETY, SELF-SUFFICIENCY, HOPE, AND HEALING TO THOSE AFFECTED BY ABUSE, WILL HEAD THIS INITIATIVE. THE TVHTTF WILL FOCUS ON THE COUNTIES OF ADA, CANYON, GEM, PAYETTE, BOISE, ELMORE, VALLEY, ADAMS, WASHINGTON, OWYHEE, HOWEVER, WILL PROVIDE REGIONAL TRAININGS ON A STATE-WIDE LEVEL. THE NFJC CURRENTLY HOLDS FEDERAL FUNDING FOR DIRECT VICTIM SERVICES THAT INCLUDES PARTNERSHIPS WITH OTHER LOCAL NONGOVERNMENTAL ORGANIZATIONS. SINCE HOLDING THIS GRANT, THE NFJC HAS BEEN ABLE TO SIGNIFICANTLY INCREASE ITS REACH IN PROVIDING DIRECT VICTIM SERVICES TO TRAFFICKING VICTIMS. PRIOR TO THE START OF DIRECT SERVICES IMPLEMENTATION, THE NFJC SERVED ELEVEN VICTIMS OF HUMAN TRAFFICKING IN 2020 AND 2021. SINCE OCTOBER 2022, THE NFJC HAS PROVIDED SERVICES TO 46 VICTIMS OF HUMAN TRAFFICKING. ISP HAS CONDUCTED FOUR HUMAN TRAFFICKING INVESTIGATIONS AND NAMPA POLICE DEPARTMENT HAD 53 INVESTIGATIONS OF HUMAN TRAFFICKING OVER THE LAST THREE YEARS. MOST LOCAL LAW ENFORCEMENT DO NOT TRACK HUMAN TRAFFICKING AND CATEGORIZES THESE CASES AS OTHER CRIMES. THERE HAVE BEEN ZERO PROSECUTIONS OF HUMAN TRAFFICKING ON THE STATE LEVEL.",ID,ID52120,252,department-of-justice,ASST_NON_15POVC23GK02730HT_015,True
231635759,15POVC23GK02727HT,COUNTY OF PALM BEACH,2023-10-01,2027-09-30,750000.0,Department of Justice,Office of Justice Programs,16.320,"THE PALM BEACH COUNTY SHERIFFS OFFICE (PBSO), THE LEAD LAW ENFORCEMENT APPLICANT, AND CATHOLIC CHARITIES DIOCESE OF PALM BEACH (CCDPB), THE LEAD VICTIM SERVICE PROVIDER APPLICANT, ARE EACH REQUESTING $750,000 UNDER PURPOSE AREA 2: EXPANSION OF LOCAL HUMAN TRAFFICKING OR TRIBAL ECM HUMAN TRAFFICKING TASK FORCES. THE COMBINED $1,500,000 WILL SUPPORT CONTINUED AND EXPANDED ACTIVITIES THROUGH THE PALM BEACH COUNTY HUMAN TRAFFICKING TASK FORCE (TASK FORCE) DURING THE NEXT 36- MONTH PROJECT PERIOD. THE TASK FORCE WAS FORMED IN 2017, AS PART OF A 2016 ECM GRANT AWARD FROM BJA AND OVC TO COMBAT ALL FORMS OF HUMAN TRAFFICKING IN PBC. THROUGH A 2019 ECM AWARD, THE TASK FORCE WAS ABLE TO STRENGTHEN AND EVOLVE.

THE TASK FORCE IS COMPRISED OF A DIVERSE MEMBERSHIP JOINED THROUGH A FORMAL MEMORANDUM OF UNDERSTANDING. CURRENT MEMBERS OF THE TASK FORCE INCLUDE: PBSO, THE UNITED STATES ATTORNEYS OFFICE (USAO), CCDPB; PBC VICTIM SERVICES (PBCVS), FEDERAL BUREAU OF INVESTIGATION (FBI), THE DEPARTMENT OF HOMELAND SECURITY INVESTIGATIONS (HSI), OFFICE OF THE STATE ATTORNEY, 15TH JUDICIAL CIRCUIT (SAO), THE OFFICE OF STATEWIDE PROSECUTION (OSP), THE FLORIDA DEPARTMENT OF LAW ENFORCEMENT (FDLE), THE FLORIDA DEPARTMENT OF CHILDREN AND FAMILIES (DCF), ST. LUCIE COUNTY SHERIFFS OFFICE (SLCSO), THE CITY OF WEST PALM BEACH POLICE DEPARTMENT (WPBPD), THE CITY OF BOYNTON BEACH POLICE DEPARTMENT (BBPD), THE TOWN OF PALM BEACH POLICE DEPARTMENT (PBPD), THE CITY OF DELRAY BEACH POLICE DEPARTMENT (DBPD), PALM BEACH GARDENS POLICE DEPARTMENT (PBG), THE HT COALITION OF THE PALM BEACHES (HTCPB), THE LORDS PLACE (TLP), HOPE FOR FREEDOM, SOUTHEAST FLORIDA BEHAVIORAL HEALTH NETWORK (SEFBHN), THE COALITION FOR INDEPENDENT LIVING OPTIONS (CILO), COMPASS, INC., RESCUE UPSTREAM, NATIONAL COUNCIL OF JEWISH WOMEN (NCJW), THE SALVATION ARMY, AND BARRY UNIVERSITY (BARRY). NEW MEMBERS ARE ADDED AS THE TASK FORCE EVOLVES.

PBC IS HOME TO A DIVERSE POPULATION OF APPROXIMATELY 1.51 MILLION RESIDENTS AND OVER 9 MILLION TOURIST VISITORS. THE COUNTY SPANS 1977 SQUARE MILES, WHICH INCLUDE AREAS OF UNPARALLELED WEALTH JUXTAPOSED BY AREAS OF POVERTY; COASTAL, SUBURBAN, AND RURAL/ AGRICULTURAL COMMUNITIES. THERE ARE SEVERAL FACTORS WHICH HAVE CONTRIBUTED TO THE PROLIFERATING CRIME OF HT IN OUR AREA, INCLUDING: ROBUST AGRICULTURE AND TOURISM INDUSTRIES, PROXIMITY TO KEY, STRATEGIC ENTRY POINTS (E.G., PB & MIAMI INTL AIRPORTS, INTL PORT OF PB); SIGNIFICANT DRUG EPIDEMIC, AND A SUBSTANTIAL IMMIGRANT POPULATION.",FL,FL76600,252,department-of-justice,ASST_NON_15POVC23GK02727HT_015,True
231635758,15POVC23GK02725HT,CATHOLIC CHARITIES OF THE DIOCESE OF PALM BEACH INC,2023-10-01,2027-09-30,750000.0,Department of Justice,Office of Justice Programs,16.320,"THE PALM BEACH COUNTY SHERIFFS OFFICE (PBSO), THE LEAD LAW ENFORCEMENT APPLICANT, AND CATHOLIC CHARITIES DIOCESE OF PALM BEACH (CCDPB), THE LEAD VICTIM SERVICE PROVIDER APPLICANT, ARE EACH REQUESTING $750,000 UNDER PURPOSE AREA 2: EXPANSION OF LOCAL HUMAN TRAFFICKING OR TRIBAL ECM HUMAN TRAFFICKING TASK FORCES. THE COMBINED $1,500,000 WILL SUPPORT CONTINUED AND EXPANDED ACTIVITIES THROUGH THE PALM BEACH COUNTY HUMAN TRAFFICKING TASK FORCE (TASK FORCE) DURING THE NEXT 36- MONTH PROJECT PERIOD. THE TASK FORCE WAS FORMED IN 2017, AS PART OF A 2016 ECM GRANT AWARD FROM BJA AND OVC TO COMBAT ALL FORMS OF HUMAN TRAFFICKING IN PBC. THROUGH A 2019 ECM AWARD, THE TASK FORCE WAS ABLE TO STRENGTHEN AND EVOLVE.

THE TASK FORCE IS COMPRISED OF A DIVERSE MEMBERSHIP JOINED THROUGH A FORMAL MEMORANDUM OF UNDERSTANDING. CURRENT MEMBERS OF THE TASK FORCE INCLUDE: PBSO, THE UNITED STATES ATTORNEYS OFFICE (USAO), CCDPB; PBC VICTIM SERVICES (PBCVS), FEDERAL BUREAU OF INVESTIGATION (FBI), THE DEPARTMENT OF HOMELAND SECURITY INVESTIGATIONS (HSI), OFFICE OF THE STATE ATTORNEY, 15TH JUDICIAL CIRCUIT (SAO), THE OFFICE OF STATEWIDE PROSECUTION (OSP), THE FLORIDA DEPARTMENT OF LAW ENFORCEMENT (FDLE), THE FLORIDA DEPARTMENT OF CHILDREN AND FAMILIES (DCF), ST. LUCIE COUNTY SHERIFFS OFFICE (SLCSO), THE CITY OF WEST PALM BEACH POLICE DEPARTMENT (WPBPD), THE CITY OF BOYNTON BEACH POLICE DEPARTMENT (BBPD), THE TOWN OF PALM BEACH POLICE DEPARTMENT (PBPD), THE CITY OF DELRAY BEACH POLICE DEPARTMENT (DBPD), PALM BEACH GARDENS POLICE DEPARTMENT (PBG), THE HT COALITION OF THE PALM BEACHES (HTCPB), THE LORDS PLACE (TLP), HOPE FOR FREEDOM, SOUTHEAST FLORIDA BEHAVIORAL HEALTH NETWORK (SEFBHN), THE COALITION FOR INDEPENDENT LIVING OPTIONS (CILO), COMPASS, INC., RESCUE UPSTREAM, NATIONAL COUNCIL OF JEWISH WOMEN (NCJW), THE SALVATION ARMY, AND BARRY UNIVERSITY (BARRY). NEW MEMBERS ARE ADDED AS THE TASK FORCE EVOLVES.

PBC IS HOME TO A DIVERSE POPULATION OF APPROXIMATELY 1.51 MILLION RESIDENTS AND OVER 9 MILLION TOURIST VISITORS. THE COUNTY SPANS 1977 SQUARE MILES, WHICH INCLUDE AREAS OF UNPARALLELED WEALTH JUXTAPOSED BY AREAS OF POVERTY; COASTAL, SUBURBAN, AND RURAL/ AGRICULTURAL COMMUNITIES. THERE ARE SEVERAL FACTORS WHICH HAVE CONTRIBUTED TO THE PROLIFERATING CRIME OF HT IN OUR AREA, INCLUDING: ROBUST AGRICULTURE AND TOURISM INDUSTRIES, PROXIMITY TO KEY, STRATEGIC ENTRY POINTS (E.G., PB & MIAMI INTL AIRPORTS, INTL PORT OF PB); SIGNIFICANT DRUG EPIDEMIC, AND A SUBSTANTIAL IMMIGRANT POPULATION.",FL,FL60975,252,department-of-justice,ASST_NON_15POVC23GK02725HT_015,True
231635757,15POVC23GK02723HT,"FAMILY AND COMMUNITY RESOURCES, INC",2023-10-01,2026-09-30,750000.0,Department of Justice,Office of Justice Programs,16.320,"THE PLYMOUTH COUNTY DISTRICT ATTORNEYS OFFICE (PCDAO) AND FAMILY AND COMMUNITY RESOURCES, INCORPORATED (FCR) ARE JOINTLY REQUESTING FUNDING TO ENHANCE THE EXISTING PLYMOUTH COUNTY HUMAN TRAFFICKING TASK FORCE (PCHTTF) AS A PURPOSE AREA 2 ENHANCED COLLABORATIVE MODEL (ECM) TASK FORCE TO COMBAT HUMAN TRAFFICKING.

THE PROJECT WILL STRENGTHEN THE PCHTTFS MULTIDISCIPLINARY APPROACH TO BETTER RESPOND TO HUMAN TRAFFICKING WITHIN PLYMOUTH COUNTY (MASSACHUSETTS), WITH A DEDICATED EFFORT ON ADDRESSING LABOR TRAFFICKING. THE OVERALL GOALS OF THE PROJECT ARE TO (1) IDENTIFY VICTIMS OF ALL FORMS OF HUMAN TRAFFICKING, (2) INCREASE ACCESS TO TRAUMA-INFORMED SERVICES, AND (3) PROACTIVELY INVESTIGATE AND PROSECUTE TRAFFICKERS. TO ACCOMPLISH THESE GOALS, THE PCHTTF WILL FOCUS ON MEANINGFUL SURVIVOR ENGAGEMENT, STRENGTHENED PARTNERSHIPS WITH CULTURALLY SPECIFIC ORGANIZATIONS AND OTHER AGENCIES WORKING WITH VULNERABLE POPULATIONS, SPECIALIZED IN-DEPTH TRAINING FOR MULTIDISCIPLINARY PARTNERS, AND INCREASED OUTREACH EFFORTS TO VULNERABLE COMMUNITIES.",MA,MA09000,252,department-of-justice,ASST_NON_15POVC23GK02723HT_015,True
231635756,15POVC23GK02720HT,PLYMOUTH CO DSTRICT ATTORNEY,2023-10-01,2027-09-30,750000.0,Department of Justice,Office of Justice Programs,16.320,"THE PLYMOUTH COUNTY DISTRICT ATTORNEYS OFFICE (PCDAO) AND FAMILY AND COMMUNITY RESOURCES, INCORPORATED (FCR) ARE JOINTLY REQUESTING FUNDING TO ENHANCE THE EXISTING PLYMOUTH COUNTY HUMAN TRAFFICKING TASK FORCE (PCHTTF) AS A PURPOSE AREA 2 ENHANCED COLLABORATIVE MODEL (ECM) TASK FORCE TO COMBAT HUMAN TRAFFICKING.

THE PROJECT WILL STRENGTHEN THE PCHTTFS MULTIDISCIPLINARY APPROACH TO BETTER RESPOND TO HUMAN TRAFFICKING WITHIN PLYMOUTH COUNTY (MASSACHUSETTS), WITH A DEDICATED EFFORT ON ADDRESSING LABOR TRAFFICKING. THE OVERALL GOALS OF THE PROJECT ARE TO (1) IDENTIFY VICTIMS OF ALL FORMS OF HUMAN TRAFFICKING, (2) INCREASE ACCESS TO TRAUMA-INFORMED SERVICES, AND (3) PROACTIVELY INVESTIGATE AND PROSECUTE TRAFFICKERS. TO ACCOMPLISH THESE GOALS, THE PCHTTF WILL FOCUS ON MEANINGFUL SURVIVOR ENGAGEMENT, STRENGTHENED PARTNERSHIPS WITH CULTURALLY SPECIFIC ORGANIZATIONS AND OTHER AGENCIES WORKING WITH VULNERABLE POPULATIONS, SPECIALIZED IN-DEPTH TRAINING FOR MULTIDISCIPLINARY PARTNERS, AND INCREASED OUTREACH EFFORTS TO VULNERABLE COMMUNITIES.",MA,MA09000,252,department-of-justice,ASST_NON_15POVC23GK02720HT_015,True
231635682,15POVC23GG04055HT,"CAMILLUS HOUSE, INC.",2023-10-01,2027-09-30,750000.0,Department of Justice,Office of Justice Programs,16.320,"CAMILLUS HOUSE, LOCATED IN MIAMI-DATE COUNTY, FLORIDA, WILL PROVIDE TRANSITIONAL HOUSING AND PROGRAM EXPANSION TO SHORT-TERM RENTAL ASSISTANCE USING A RAPID-REHOUSING MODEL OF DEESCALATING SUPPORT. TRANSITIONAL HOUSING WILL PROVIDE 16 BEDS OF LOW DEMAND SUPPORTIVE SERVICES DESIGNED TO BE VICTIM-ORIENTED AND TRAUMA-INFORMED TO ADDRESS INDIVIDUAL NEEDS OF TRAFFICKING VICTIMS WITH SERVICES FOR UP TO SIX MONTHS (EXTENDED AS NEEDED) FOR APPROXIMATELY 40 PERSONS EACH YEAR. POST TRANSITIONAL HOUSING, CLIENTS WILL RECEIVE SHORT-TERM RENTAL ASSISTANCE UTILIZING A RAPID-REHOUSING MODEL OF DEESCALATING RENTAL SUPPORT FOR A PERIOD OF 6 MONTHS (EXTENDED AS NEEDED). HOUSING NAVIGATION SERVICES WILL FIND AND SECURE UNITS THROUGH NEGOTIATIONS WITH LANDLORDS, IN KEEPING WITH CLIENT CHOICE. CLIENTS WILL BE SUPPORTED WITH FIRST AND LAST MONTHS RENT AND SECURITY DEPOSIT AS WELL AS MOVE-IN EXPENSES.",FL,FL45000,252,department-of-justice,ASST_NON_15POVC23GG04055HT_015,True
231635220,15POVC22GK03713HT,FAMILY SAFETY CENTER INCORPORATED,2022-10-01,2026-09-30,750000.0,Department of Justice,Office of Justice Programs,16.320,"SINCE 2013, OKLAHOMA COALITION AGAINST HUMAN TRAFFICKING (OCAT) HAS BEEN WORKING TO ADVANCE A MULTI-DISCIPLINARY RESPONSE FOR HUMAN TRAFFICKING PREVENTION, PROTECTION, AND PROSECUTION IN NORTHEAST OKLAHOMA AS AN UNFUNDED TASK FORCE. UNDER THE LEADERSHIP OF THE FAMILY SAFETY CENTER (FSC), 37 AGENCIES WORK TOGETHER TO BUILD PROGRAMS AND PARTNERSHIPS TO BETTER SUPPORT THE PREVENTION OF HUMAN TRAFFICKING, PROTECTION OF ITS VICTIMS, AND PROSECUTION OF THE OFFENDERS.  GREATER STRIDES CAN BE MADE IN ASSISTING HUMAN TRAFFICKING VICTIMS BY GROWING AND FORMALIZING THE STRUCTURE OF THE COALITION.

 

THE PURPOSE OF THE PROJECT WILL ALLOW THE OCAT, WITH TULSA POLICE AS IT’S LAW ENFORCEMENT PARTNER, TO BATTLE THE DISTURBING CRIMES OF HUMAN TRAFFICKING MORE EFFECTIVELY IN THE TULSA AREA. THE PRIMARY ACTIVITIES WILL INCLUDE RESCUING AND PROTECTING VICTIMS FROM THEIR ABUSERS, PROVIDING GREATER SERVICES TO VICTIMS, IMPROVING SHARING AND COMMUNITY OUTREACH, ENHANCING PROSECUTORIAL SUCCESS, CREATING GREATER VICTIM CENTERED AND COLLABORATIVE APPROACHES TO ADDRESSING HUMAN TRAFFICKING, PROTECTING UNDERSERVED COMMUNITIES, AND ENHANCING DATA COLLECTION.

 

THE FORMAL NAME OF THE HUMAN TRAFFICKING TASK FORCE WILL BE THE OKLAHOMA COALITION AGAINST TRAFFICKING AND SERVE THE GREATER AREA OF NORTHEASTERN OKLAHOMA.  THE LAW ENFORCEMENT AGENCY PARTNERED WITH OCAT IS THE TULSA POLICE DEPARTMENT (TPD); THE SERVICE PROVIDER APPLICANT PARTNER IS THE FAMILY SAFETY CENTER.  THE FUNDS RECEIVED FROM THIS GRANT WILL STRENGTHEN THE COLLABORATION BETWEEN THE ENTITIES IN FIGHTING HUMAN TRAFFICKING AND BRINGING HEALING TO VICTIMS.  TPD IS REQUESTING $672,088 IN FUNDS AND THE FAMILY SAFETY CENTER IS REQUESTING $750,000.00.

 

TPD HAS HAD MANY HUMAN TRAFFICKING INVESTIGATIONS AND PROSECUTIONS INVOLVING THE TULSA COUNTY DISTRICT ATTORNEY’S OFFICE AND THE NORTHERN DISTRICT OF OKLAHOMA’S FEDERAL PROSECUTORS.  FROM 2019 THROUGH 2021 THE NORTHERN DISTRICT HAS PROSECUTED SEVEN HUMAN TRAFFICKING CASES, THE TULSA COUNTY DISTRICT ATTORNEY’S OFFICE PROSECUTED 60 CASES, AND TPD INVESTIGATED 73 CASES.  OCAT AND THE FSC SERVICED MANY HUMAN TRAFFICKING VICTIMS IN THE TULSA AREA.  FROM 2019-2021 THE FSC PROVIDED SERVICES TO 17,482 CLIENTS; 18 OF THESE WERE SPECIFIC TO HUMAN TRAFFICKING. FSC PARTNERS SERVED 340 VICTIMS OR PERSONS IN NEED OF HUMAN TRAFFICKING ASSISTANCE. WITH THIS GRANT, OCAT WILL BECOME MORE EFFECTIVE AT UNCOVERING, RESCUING, AND PROVIDING HEALING RESOURCES TO VICTIMS OF HUMAN TRAFFICKING THROUGHOUT THE TULSA AREA.",OK,OK75000,252,department-of-justice,ASST_NON_15POVC22GK03713HT_015,True
231635219,15POVC22GK03710HT,COUNTY OF STANISLAUS,2022-10-01,2025-09-30,750000.0,Department of Justice,Office of Justice Programs,16.320,"PROPOSAL ABSTRACT

 

LEGAL NAME OF LEAD APPLICANTS


	HAVEN WOMEN’S CENTER OF STANISLAUS
	STANISLAUS COUNTY SHERIFF’S OFFICE


 

TASKFORCE NAME: STANISLAUS TASKFORCE AGAINST HUMAN TRAFFICKING (STAHT)

 

AMOUNT OF FEDERAL FUNDING REQUESTED


	HAVEN WOMEN’S CENTER OF STANISLAUS: $750,000
	STANISLAUS COUNTY SHERIFF’S OFFICE: $750,000


 

DESCRIPTION OF STATE/GEOGRAPHIC AREA WHERE TASKFORCE ACTIVITIES WILL BE FOCUSED:

STANISLAUS COUNTY, CA (POPULATION 552,999, CA-10) INCLUDES MODESTO, TURLOCK, OAKDALE, RIVERBANK, PATTERSON, NEWMAN, AND CERES, PLUS OTHER RURAL HAMLETS AND UNINCORPORATED AREAS OF THE COUNTY.

 

THE NUMBER OF HUMAN TRAFFICKING INVESTIGATIONS AND PROSECUTIONS IN THE LAST THREE YEARS:

INVESTIGATIONS: IN 2019 THE DEPARTMENT INITIATED 7 CASES WITH HUMAN TRAFFICKING ELEMENTS, 14 TOTAL CASES WITH PIMPING AND PANDERING; IN 2020 THE DEPARTMENT INITIATED 36 CASES WITH HUMAN TRAFFICKING ELEMENTS, 52 TOTAL CASES WITH PIMPING AND PANDERING; IN 2021 THE DEPARTMENT INITIATED 56 CASES WITH HUMAN TRAFFICKING ELEMENTS, 88 TOTAL CASES WITH PIMPING AND PANDERING.

 

THE NUMBER OF TRAFFICKING VICTIMS SERVED BY HAVEN IN THE LAST THREE YEARS: 161 VICTIMS OF SEX AND/OR LABOR TRAFFICKING SERVED IN THE LAST THREE YEARS (JANUARY 2019 TO DECEMBER 2021)

 

SUMMARY:

THE STANISLAUS TASKFORCE AGAINST HUMAN TRAFFICKING (STAHT) IS A MULTIDISCIPLINARY, CO-LEADERSHIP TASK FORCE THAT WILL TAKE THE INITIATIVE TO DEVELOP APPROACHES TO IDENTIFY VICTIMS OF ALL FORMS OF HUMAN TRAFFICKING, PROVIDE ACCESS TO SERVICES, AND INVESTIGATE AND PROSECUTE TRAFFICKERS IN STANISLAUS COUNTY. MEMBERS INCLUDE STANISLAUS COUNTY SHERIFF’S OFFICE, HAVEN WOMEN’S CENTER OF STANISLAUS, AND HSI. ADDITIONAL MEMBERS WILL BE RECRUITED FROM THE DISTRICT ATTORNEY’S OFFICE, AND VICTIM SERVICE UNIT, AMONG OTHER COLLABORATIVE PARTNERS. STAHT WILL WORK TOGETHER TO UPDATE, DISCUSS, AND COLLABORATE ON TRAFFICKING INCIDENCES, INVESTIGATIONS, AND VICTIM SERVICES; SHARE CASE INFORMATION AS A MULTI-DISCIPLINARY TEAM OF PROVIDERS; AND CONDUCT PROACTIVE INVESTIGATIONS AND PROSECUTIONS. MAJOR SERVICES THAT ARE PROVIDED TO VICTIMS INCLUDE ADVOCACY, BASIC NEEDS, COUNSELING, CRISIS INTERVENTION, LAW ENFORCEMENT AND PROSECUTION, LEGAL ASSISTANCE, AND LANGUAGE ACCESS JUSTICE. STAHT WILL USE A VICTIM-CENTERED AND TRAUMA-INFORMED APPROACH FOR ALL PROJECT ACTIVITIES, FOCUSING ON VICTIM NEEDS, SAFETY, AND AUTONOMY. THIS PROJECT IS REQUESTING PRIORITY CONSIDERATION FOR PRIORITY AREA A. THIS PROJECT WILL PROMOTE RACIAL EQUITY AND THE REMOVAL OF BARRIERS TO ACCESS TO SERVICES FOR HISTORICALLY MARGINALIZED COMMUNITIES WITHIN STANISLAUS COUNTY.",CA,CA48354,252,department-of-justice,ASST_NON_15POVC22GK03710HT_015,True
231635218,15POVC22GK03707HT,HEALTHY ALTERNATIVES TO VIOLENT ENVIRONMENTS,2022-10-01,2026-05-31,750000.0,Department of Justice,Office of Justice Programs,16.320,"LEGAL NAME OF LEAD APPLICANTS


	HAVEN WOMEN’S CENTER OF STANISLAUS
	STANISLAUS COUNTY SHERIFF’S OFFICE


 

TASKFORCE NAME: STANISLAUS TASKFORCE AGAINST HUMAN TRAFFICKING (STAHT)

 

AMOUNT OF FEDERAL FUNDING REQUESTED


	HAVEN WOMEN’S CENTER OF STANISLAUS: $750,000
	STANISLAUS COUNTY SHERIFF’S OFFICE: $750,000


 

DESCRIPTION OF STATE/GEOGRAPHIC AREA WHERE TASKFORCE ACTIVITIES WILL BE FOCUSED:

STANISLAUS COUNTY, CA (POPULATION 552,999, CA-10) INCLUDES MODESTO, TURLOCK, OAKDALE, RIVERBANK, PATTERSON, NEWMAN, AND CERES, PLUS OTHER RURAL HAMLETS AND UNINCORPORATED AREAS OF THE COUNTY.

 

THE NUMBER OF HUMAN TRAFFICKING INVESTIGATIONS AND PROSECUTIONS IN THE LAST THREE YEARS:

INVESTIGATIONS: IN 2019 THE DEPARTMENT INITIATED 7 CASES WITH HUMAN TRAFFICKING ELEMENTS, 14 TOTAL CASES WITH PIMPING AND PANDERING; IN 2020 THE DEPARTMENT INITIATED 36 CASES WITH HUMAN TRAFFICKING ELEMENTS, 52 TOTAL CASES WITH PIMPING AND PANDERING; IN 2021 THE DEPARTMENT INITIATED 56 CASES WITH HUMAN TRAFFICKING ELEMENTS, 88 TOTAL CASES WITH PIMPING AND PANDERING.

 

THE NUMBER OF TRAFFICKING VICTIMS SERVED BY HAVEN IN THE LAST THREE YEARS: 161 VICTIMS OF SEX AND/OR LABOR TRAFFICKING SERVED IN THE LAST THREE YEARS (JANUARY 2019 TO DECEMBER 2021)

 

SUMMARY:

THE STANISLAUS TASKFORCE AGAINST HUMAN TRAFFICKING (STAHT) IS A MULTIDISCIPLINARY, CO-LEADERSHIP TASK FORCE THAT WILL TAKE THE INITIATIVE TO DEVELOP APPROACHES TO IDENTIFY VICTIMS OF ALL FORMS OF HUMAN TRAFFICKING, PROVIDE ACCESS TO SERVICES, AND INVESTIGATE AND PROSECUTE TRAFFICKERS IN STANISLAUS COUNTY. MEMBERS INCLUDE STANISLAUS COUNTY SHERIFF’S OFFICE, HAVEN WOMEN’S CENTER OF STANISLAUS, AND HSI. ADDITIONAL MEMBERS WILL BE RECRUITED FROM THE DISTRICT ATTORNEY’S OFFICE, AND VICTIM SERVICE UNIT, AMONG OTHER COLLABORATIVE PARTNERS. STAHT WILL WORK TOGETHER TO UPDATE, DISCUSS, AND COLLABORATE ON TRAFFICKING INCIDENCES, INVESTIGATIONS, AND VICTIM SERVICES; SHARE CASE INFORMATION AS A MULTI-DISCIPLINARY TEAM OF PROVIDERS; AND CONDUCT PROACTIVE INVESTIGATIONS AND PROSECUTIONS. MAJOR SERVICES THAT ARE PROVIDED TO VICTIMS INCLUDE ADVOCACY, BASIC NEEDS, COUNSELING, CRISIS INTERVENTION, LAW ENFORCEMENT AND PROSECUTION, LEGAL ASSISTANCE, AND LANGUAGE ACCESS JUSTICE. STAHT WILL USE A VICTIM-CENTERED AND TRAUMA-INFORMED APPROACH FOR ALL PROJECT ACTIVITIES, FOCUSING ON VICTIM NEEDS, SAFETY, AND AUTONOMY. THIS PROJECT IS REQUESTING PRIORITY CONSIDERATION FOR PRIORITY AREA A. THIS PROJECT WILL PROMOTE RACIAL EQUITY AND THE REMOVAL OF BARRIERS TO ACCESS TO SERVICES FOR HISTORICALLY MARGINALIZED COMMUNITIES WITHIN STANISLAUS COUNTY.",CA,CA48354,252,department-of-justice,ASST_NON_15POVC22GK03707HT_015,True
231635217,15POVC22GK03703HT,LAS VEGAS METROPOLITAN POLICE DEPARTMENT,2022-10-01,2026-09-30,750000.0,Department of Justice,Office of Justice Programs,16.320,"THE LAS VEGAS METROPOLITAN POLICE DEPARTMENT (LVMPD) AND COMMUNITY ACTION AGAINST RAPE DBA SIGNS OF HOPE (SOH) THROUGH ITS RISE PROGRAM (RESOURCES AND INTEGRATION FOR SURVIVOR EMPOWERMENT) ARE EACH REQUESTING $750,000 TO SUPPORT THE SOUTHERN NEVADA HUMAN TRAFFICKING TASK FORCE (SNHTTF). ITS OVERALL MISSION IS TO PREVENT ALL FORMS OF HUMAN TRAFFICKING, PROTECT VICTIMS, PROSECUTE OFFENDERS THROUGH PARTNERSHIP WITH COMMUNITY ORGANIZATIONS, AND PROVIDE AN ARRAY OF SURVIVOR-INFORMED SERVICES IMPLEMENTING A TRAUMA-INFORMED, VICTIM-CENTERED LENS.  

THE SNHTTF SERVES CLARK COUNTY, NEVADA, COMPRISED OF 8,061 SQUARE MILES BORDERING ARIZONA AND CALIFORNIA, WITH AN ESTIMATED POPULATION OF 2,388,515 MILLION. PER THE LAS VEGAS CONVENTION AND VISITORS AUTHORITY, THERE WERE 32,230,600 VISITORS IN 2021.

CURRENTLY, THERE ARE 942 HUMAN TRAFFICKING CASES UNDER INVESTIGATION. OVER THE LAST THREE YEARS:  

•    539 - SEX AND LABOR TRAFFICKING VICTIMS WERE IDENTIFIED BY LAW ENFORCEMENT.
•    152 -  CASES WERE PROSECUTED.  
•    35,770 - SERVICES PROVIDED BY SOH TO 526 VICTIMS OF ALL FORMS OF HUMAN TRAFFICKING.

THE PRIMARY GOALS OF THIS PROJECT ARE TO:

1)    SUSTAIN EFFECTIVE LEADERSHIP STRUCTURE AND REVIEW OPERATIONAL PROTOCOLS ENSURING GROWTH AND COMMUNITY ENGAGEMENT
2)    EMPLOY DATA-DRIVEN DECISIONS INFORMING EVIDENCE-BASED PRACTICES
3)    CONDUCT VICTIM-CENTERED, TRAUMA-INFORMED INVESTIGATIONS OF ALL FORMS OF HUMAN TRAFFICKING TO APPREHEND AND PROSECUTE PERPETRATORS
4)    ENSURE A COMPREHENSIVE ARRAY OF SERVICES TO ALL VICTIMS
5)    CONTINUE DEVELOPING AND DELIVERING TRAINING, OUTREACH, AND AWARENESS PROGRAMS TO IMPROVE COMMUNITY RESPONSE TO ALL FORMS OF HUMAN TRAFFICKING  
6)    CONTINUE PROVIDING RESOURCES AND STRATEGIES FOR LONG-TERM SUSTAINABILITY OF TASK FORCE OPERATIONS

THE SNHTTF WORKS WITH LOCAL, STATE, AND FEDERAL LAW ENFORCEMENT AND PROSECUTORS AND COMMUNITY AGENCIES TO INFORM AND SUPPORT INVESTIGATIVE AND PROSECUTORIAL PRACTICES, TRAIN, AND ENSURE ACCESS TO WRAPAROUND SERVICES FOR VICTIMS OF ALL FORMS OF HUMAN TRAFFICKING.  COMMUNITY PARTNERSHIPS, INCLUDING THE SCHOOL DISTRICT, MENTAL HEALTH ORGANIZATIONS, AND MEDICAL PROFESSIONALS, PROVIDE COMPREHENSIVE SERVICES FOR VICTIMS. THE SNHTTF ALSO MAINTAINS PARTNERSHIPS WITH TRIBAL POLICE, BUSINESSES, HOSPITALITY, SECURITY, TRANSPORTATION, AND LICENSING BOARDS TO EXPAND RESOURCES TO IDENTIFY VICTIMS OF ALL FORMS OF HUMAN TRAFFICKING.

THROUGH LEADERSHIP, COLLABORATION, COMMITTEES, AND MULTIDISCIPLINARY TRAINING, THE SNHTTF CONTINUES TO STRENGTHEN THEIR PRESENCE IN THE COMMUNITY AND WILL ALLOW FOR INCREASED FOCUS ON LABOR TRAFFICKING. CONSISTENT DATA COLLECTION AND EVALUATION SUPPORT USING  BEST PRACTICES AND ENSURE A VICTIM-CENTERED AND TRAUMA-INFORMED APPROACH IS IMPLEMENTED IN SERVICE, ADVOCACY, POLICING, AND PROSECUTION.",NV,NV40000,252,department-of-justice,ASST_NON_15POVC22GK03703HT_015,True
231635216,15POVC22GK03700HT,"CENTRAL CALIFORNIA FAMILY CRISIS CENTER, INC.",2022-10-01,2026-09-30,750000.0,Department of Justice,Office of Justice Programs,16.320,"THE COUNTY OF TULARE IS SEEKING FUNDING THROUGH THE OVC FY 22 ENHANCED COLLABORATIVE MODEL (ECM) TASK FORCE TO COMBAT HUMAN TRAFFICKING SOLICITATION, UNDER PURPOSE AREA 2- EXPANSION OF ESTABLISHED ECM HUMAN TRAFFICKING TASK FORCES. THIS FUNDING WILL SUPPORT THE TULARE COUNTY HUMAN TRAFFICKING TASK FORCE (TCHTTF). THE TULARE COUNTY DISTRICT ATTORNEY (TCDA) IS THE APPLICANT AND LEAD LAW ENFORCEMENT AGENCY, AND IS REQUESTING $747,722 IN FEDERAL FUNDING AND WILL MATCH $249,241WITH IN-KIND FUNDING WITH A TOTAL OF $996,963 FOR THE PROGRAM. THE CO-APPLICANT AS VICTIM SERVICE PROVIDER IS CENTRAL CALIFORNIA FAMILY CRISIS CENTER INC. (CCFCC) AND IS REQUESTING $750,000 IN FEDERAL FUNDING AND WILL MATCH $250,000 IN KIND FUNDING FOR 2022 ECM TO COMBAT HUMAN TRAFFICKING PROGRAM.

DR. SANDRA MORGAN, DIRECTOR OF VANGUARD UNIVERSITY’S GLOBAL CENTER FOR WOMEN AND JUSTICE, HAS CONDUCTED ASSESSMENT ACTIVITIES THAT HAVE GUIDED THE TCHTTF IN IMPROVING ITS PERFORMANCE AND PROCESSES THROUGHOUT PREVIOUS ECM PROGRAMS. ALONG WITH THE GCWJ’S ASSISTANT DIRECTOR, DEREK MARSH, DR. MORGAN WILL CONTINUE TO ASSESS THE TCHTTF THROUGHOUT THE 2022 ECM PROGRAM AS A SUB-RECIPIENT WITH A FOCUS ON ACTION RESEARCH. THE TCHTTF SERVES TULARE COUNTY, AN AREA WITH A POPULATION OF 463,955 IN THE HEART OF CENTRAL CALIFORNIA. TULARE COUNTY HAS SOME HALLMARKS OF AN AREA WHERE LABOR TRAFFICKING OCCURS IN THIS AGRICULTURAL-BASED REGION, INCLUDING 86,000 IMMIGRANTS FROM MEXICO RESIDING AND A
MEDIAN HOUSEHOLD INCOME AT 33% BELOW THE STATE AVERAGE.

SINCE FUNDING BEGAN THE TASK FORCE HAS COLLECTIVELY IDENTIFIED 14 VICTIMS IN 2019, 25 IN 2020 AND 51 IN 2021 FOR A TOTAL OF 90 INDIVIDUALS SERVED. THERE WERE 11 INVESTIGATIONS IN YEAR ONE, 9 IN YEAR TWO AND 2 SO FAR IN OUR CURRENT YEAR 3. THROUGH 2022 ECM FUNDING, THE TCHTTF WILL CONTINUE ITS COLLABORATIVE EFFORTS TO PROVIDE INCREASED ACCESS TO SERVICES FOR SURVIVORS, AND COMBAT HUMAN TRAFFICKING. EXPECTED OUTCOMES FOR THE 2022 PROGRAM INCLUDE: 1) REFINE CURRENT PROTOCOLS AND DEVELOP NEW PROTOCOLS TO SUPPORT TASK FORCE OPERATIONS; 2) STRENGTHEN AND EXPAND COLLABORATIVE PARTNERSHIPS; 3) WORK COLLABORATIVELY WITH EACH OTHER AND THE FULL-TIME TASK FORCE COORDINATOR; 4) IDENTIFY AND CONDUCT A RANGE OF PROACTIVE APPROACHES FOR VICTIM IDENTIFICATION AND PROSECUTION; 5) PROVIDE AN ARRAY OF COMPREHENSIVE SERVICES TO VICTIMS; 6) JOINTLY PROVIDE TARGETED TRAINING TO NUMEROUS COMMUNITY GROUPS SPECIFICALLY WITHIN STRATEGIC AREAS OF NEED; 7) HOLD FREQUENT, REGULARLY SCHEDULED TASK FORCE MEETINGS; AND 8) SUPPORT THE TULARE COUNTY COALITION AGAINST HUMAN TRAFFICKING(TCAHT).",CA,CA58240,252,department-of-justice,ASST_NON_15POVC22GK03700HT_015,True
231635215,15POVC22GK03695HT,COMMUNITY ACTION AGAINST RAPE,2022-10-01,2026-09-30,750000.0,Department of Justice,Office of Justice Programs,16.320,"THE LAS VEGAS METROPOLITAN POLICE DEPARTMENT (LVMPD) AND COMMUNITY ACTION AGAINST RAPE DBA SIGNS OF HOPE (SOH) THROUGH ITS RISE PROGRAM (RESOURCES AND INTEGRATION FOR SURVIVOR EMPOWERMENT) ARE EACH REQUESTING $750,000 TO SUPPORT THE SOUTHERN NEVADA HUMAN TRAFFICKING TASK FORCE (SNHTTF). ITS OVERALL MISSION IS TO PREVENT ALL FORMS OF HUMAN TRAFFICKING, PROTECT VICTIMS, PROSECUTE OFFENDERS THROUGH PARTNERSHIP WITH COMMUNITY ORGANIZATIONS, AND PROVIDE AN ARRAY OF SURVIVOR-INFORMED SERVICES IMPLEMENTING A TRAUMA-INFORMED, VICTIM-CENTERED LENS. 

THE SNHTTF SERVES CLARK COUNTY, NEVADA, COMPRISED OF 8,061 SQUARE MILES BORDERING ARIZONA AND CALIFORNIA, WITH AN ESTIMATED POPULATION OF 2,388,515 MILLION [1]. PER THE LAS VEGAS CONVENTION AND VISITORS AUTHORITY, THERE WERE 32,230,600 [2] VISITORS IN 2021.

CURRENTLY, THERE ARE 942 HUMAN TRAFFICKING CASES UNDER INVESTIGATION. OVER THE LAST THREE YEARS: 


	539 - SEX AND LABOR TRAFFICKING VICTIMS WERE IDENTIFIED BY LAW ENFORCEMENT.
	152 -  CASES WERE PROSECUTED. 
	35,770 - SERVICES PROVIDED BY SOH TO 526 VICTIMS OF ALL FORMS OF HUMAN TRAFFICKING.


THE PRIMARY GOALS OF THIS PROJECT ARE TO:


	SUSTAIN EFFECTIVE LEADERSHIP STRUCTURE AND REVIEW OPERATIONAL PROTOCOLS ENSURING GROWTH AND COMMUNITY ENGAGEMENT
	EMPLOY DATA-DRIVEN DECISIONS INFORMING EVIDENCE-BASED PRACTICES
	CONDUCT VICTIM-CENTERED, TRAUMA-INFORMED INVESTIGATIONS OF ALL FORMS OF HUMAN TRAFFICKING TO APPREHEND AND PROSECUTE PERPETRATORS
	ENSURE A COMPREHENSIVE ARRAY OF SERVICES TO ALL VICTIMS
	CONTINUE DEVELOPING AND DELIVERING TRAINING, OUTREACH, AND AWARENESS PROGRAMS TO IMPROVE COMMUNITY RESPONSE TO ALL FORMS OF HUMAN TRAFFICKING 
	CONTINUE PROVIDING RESOURCES AND STRATEGIES FOR LONG-TERM SUSTAINABILITY OF TASK FORCE OPERATIONS


THE SNHTTF WORKS WITH LOCAL, STATE, AND FEDERAL LAW ENFORCEMENT AND PROSECUTORS AND COMMUNITY AGENCIES TO INFORM AND SUPPORT INVESTIGATIVE AND PROSECUTORIAL PRACTICES, TRAIN, AND ENSURE ACCESS TO WRAPAROUND SERVICES FOR VICTIMS OF ALL FORMS OF HUMAN TRAFFICKING.  COMMUNITY PARTNERSHIPS, INCLUDING THE SCHOOL DISTRICT, MENTAL HEALTH ORGANIZATIONS, AND MEDICAL PROFESSIONALS, PROVIDE COMPREHENSIVE SERVICES FOR VICTIMS. THE SNHTTF ALSO MAINTAINS PARTNERSHIPS WITH TRIBAL POLICE, BUSINESSES, HOSPITALITY, SECURITY, TRANSPORTATION, AND LICENSING BOARDS TO EXPAND RESOURCES TO IDENTIFY VICTIMS OF ALL FORMS OF HUMAN TRAFFICKING.

THROUGH LEADERSHIP, COLLABORATION, COMMITTEES, AND MULTIDISCIPLINARY TRAINING, THE SNHTTF CONTINUES TO STRENGTHEN THEIR PRESENCE IN THE COMMUNITY AND WILL ALLOW FOR INCREASED FOCUS ON LABOR TRAFFICKING. CONSISTENT DATA COLLECTION AND EVALUATION SUPPORT USING  BEST PRACTICES AND ENSURE A VICTIM-CENTERED AND TRAUMA-INFORMED APPROACH IS IMPLEMENTED IN SERVICE, ADVOCACY, POLICING, AND PROSECUTION. 

 


1. POPULATION FIGURES PROVIDED BY THE NEVADA STATE DEMOGRAPHER – JANUARY 2022



2. TOURISM FIGURES PROVIDED BY THE LAS VEGAS CONVENTION AND VISITORS AUTHORITY – DECEMBER 2021",NV,NV40000,252,department-of-justice,ASST_NON_15POVC22GK03695HT_015,True
231635214,15POVC22GK03693HT,"SUFFOLK, COUNTY OF",2022-10-01,2026-09-30,750000.0,Department of Justice,Office of Justice Programs,16.320,"THE PROPOSED PROJECT IS A COLLABORATIVE EFFORT BETWEEN THE SUFFOLK COUNTY POLICE DEPARTMENT (SCPD) AND VICTIMS INFORMATION BUREAU OF SUFFOLK (VIBS).  THE TASK FORCE HAS BEEN ACTIVE IN SUFFOLK COUNTY, NY SINCE 2018 AND WILL CONTINUE TO ADDRESS ISSUES SURROUNDING HUMAN TRAFFICKING IN THE COUNTY THROUGH A ROBUST MULTI-AGENCY TASK FORCE, THE SUFFOLK COUNTY ANTI-TRAFFICKING INITIATIVE (SCATI). SUFFOLK COUNTY IS ON THE EASTERN END OF LONG ISLAND AND IS A GEOGRAPHICAL AREA OF OVER 900 SQUARE MILES CONTAINING BOTH RURAL AND SUBURBAN AREAS. THE WESTERN EDGE OF THE COUNTY IS ONLY 20 MILES FROM NEW YORK CITY.

UNDER THE 2018 OVC ENHANCED COLLABORATIVE MODEL TASK FORCE TO COMBAT HUMAN TRAFFICKING GRANT, SCPD AND ECLI-VIBS ESTABLISHED AND CO-LED THE SCATI, A TRULY COLLABORATIVE TASK FORCE MADE UP OF A MULTIDISCIPLINARY TEAM OF LAW ENFORCEMENT, SOCIAL SERVICE PROVIDERS, NGOS, FAITH-BASED PARTNERS, EDUCATORS, COMMUNITY LEADERS, AND TRAFFICKING SURVIVORS. BETWEEN DECEMBER 2018 AND MAY 2022, SCATI PARTNERS WORKED TOGETHER TO PROVIDE AT LEAST 19,095 UNITS OF SERVICES (APPROXIMATELY 4,773 HOURS) TO 296 TRAFFICKING VICTIMS (271 SEX AND 25 LABOR TRAFFICKING VICTIMS), CONDUCT 127 INVESTIGATIONS AND 110 PROSECUTIONS, TRAIN 5,075 PROFESSIONALS ABOUT HUMAN TRAFFICKING, HOLD 83 OUTREACH EVENTS, SHARE DATA ACROSS AGENCIES, CREATE 3 PROFESSIONAL RESEARCH REPORTS, AND START AN ACTIVE, INSPIRATIONAL SURVIVOR ADVISORY BOARD (SAB). THE PROSECUTORIAL EFFORTS RESULTED IN 22 ARRESTS AND 15 INVESTIGATIONS IN 2018, 15 ARRESTS AND 11 INVESTIGATIONS IN 2019, AND 21 ARRESTS AND 15 INVESTIGATIONS IN 2020. ECLI-VIBS PROVIDED SERVICES TO 84 TRAFFICKING VICTIMS IN 2019 (INCLUDING 1 LABOR VICTIM), 91 VICTIMS 2020 (6 LABOR VICTIMS), 129 VICTIMS IN 2021 (18 LABOR VICTIMS), AND 120 VICTIMS IN THE FIRST 5 MONTHS OF 2022 (23 LABOR VICTIMS).

 

THE SCPD IS REQUESTING $750,000 AND VIBS IS REQUESTING $750,000 IN FEDERAL FUNDING. THIS CRITICAL FUNDING WILL TO CONTINUE TO STRENGTHEN EXISTING COLLABORATIVE TASK FORCE PARTNERSHIPS, EXPAND PARTNERSHIPS, CONTINUE COLLABORATIONS TO INVESTIGATE AND PROSECUTE TRAFFICKERS, CREATE SUSTAINABLE SYSTEMS OF HELPING VICTIMS ACROSS AGENCIES, EXPAND TO HELP MORE LABOR TRAFFICKING VICTIMS, FURTHER EXPAND DATA SHARING ACROSS AGENCIES, CONTINUE PROVIDING COLLABORATIVE COMMUNITY EDUCATION WITH THE HELP OF OUR SAB, AND PROVIDE MORE FORMALIZED PEER SUPPORT TO NEWER TASK FORCES.",NY,NY32732,252,department-of-justice,ASST_NON_15POVC22GK03693HT_015,True
231635211,15POVC22GK03684HT,BRAZOS COUNTY TEXAS,2022-10-01,2026-02-28,750000.0,Department of Justice,Office of Justice Programs,16.320,"BRAZOS VALLEY HUMAN TRAFFICKING TASK FORCE PROJECT ABSTRACT

TASK FORCE NAME: BRAZOS VALLEY HUMAN TRAFFICKING TASK FORCE (BVHTTF) 

LAW ENFORCEMENT APPLICANT: BRAZOS COUNTY SHERIFF'S OFFICE 

FUNDING REQUESTED BY LAW ENFORCEMENT APPLICANT: $750,000.00 

VICTIM SERVICE PROVIDER APPLICANT: UNBOUND GLOBAL, CARRIED OUT BY UNBOUND BRYAN COLLEGE STATION LOCATION

FUNDING REQUESTED BY VICTIM SERVICE PROVIDER APPLICANT: $750,000.00 

THE BRAZOS VALLEY IS A RAPIDLY GROWING REGION DIRECTLY LOCATED IN THE TEXAS TRIANGLE, WHICH LINKS SAN ANTONIO, DALLAS/FORT WORTH, AND HOUSTON THROUGH MAJOR HIGHWAYS. THE TEXAS TRIANGLE IS ESTIMATED TO BE AN AREA WHERE HUMAN TRAFFICKING IS EXTREMELY PREVALENT. THE ANCHORING CITIES OF THE REGION ARE BRYAN AND COLLEGE STATION. COLLEGE STATION HOUSES THE 2ND LARGEST UNIVERSITY IN THE COUNTRY, TEXAS A&M. THE NINE COUNTY SERVICE AREA HAS A POPULATION OF OVER 463,000 INDIVIDUALS WITHOUT INCLUDING THE 71,000 STUDENTS ENROLLED AT TEXAS A&M. BRAZOS COUNTY IS RAPIDLY GROWING WITH A 1.4% GROWTH RATE COMPARED TO THE NATIONAL GROWTH RATE OF ONLY 0.1%. BRAZOS COUNTY HAS AN EXTREMELY HIGH POVERTY RATE OF 22.3%, WHICH NEARLY DOUBLES THE NATIONAL POVERTY RATE OF 11.4%. THE LOCATION, HIGH POVERTY RATE, AND HIGH POPULATION GROWTH RATE HAVE MADE HUMAN TRAFFICKING PREVALENT IN THE BRAZOS VALLEY AND INCREASE THE NEED FOR A COLLABORATIVE TASK FORCE.

THE BRAZOS VALLEY HUMAN TRAFFICKING TASK FORCE WILL BE A NEWLY FORMED HUMAN TRAFFICKING TASK FORCE FOCUSED ON DEVELOPING COLLABORATIVE WORKING RELATIONSHIPS AMONG LOCAL, STATE, AND FEDERAL LAW ENFORCEMENT AGENCIES, VICTIM SERVICE PROVIDERS, AND A VARIETY OF OTHER COMMUNITY PARTNERS IN THE BRAZOS VALLEY TO ADDRESS HUMAN TRAFFICKING. THE TASK FORCE'S MISSION AND GOALS ARE TO: 1) IDENTIFY VICTIMS OF ALL TYPES OF HUMAN TRAFFICKING WITHIN THE BRAZOS VALLEY, 2) DEVELOP AN EFFECTIVE AND SUSTAINABLE MULTIDISCIPLINARY TASK FORCE WHO PROACTIVELY INVESTIGATES AND PROSECUTES SEX AND LABOR TRAFFICKING CASES, 3) IMPLEMENT VICTIM-CENTERED APPROACHES TO ADDRESS INDIVIDUALIZED NEEDS OF IDENTIFIED VICTIMS THROUGH COMPREHENSIVE SERVICES. 

LISTED BELOW IS STATISTICAL DATA FROM BRAZOS VALLEY LAW ENFORCEMENT AGENCIES AND THE LEAD VICTIM SERVICE PROVIDER. THE NUMBER OF HUMAN TRAFFICKING CASES INVESTIGATED IN THE PAST THREE YEARS: 2019 = 8, 2020 = 13, 2021 = 23. THE NUMBER OF HUMAN TRAFFICKING CLIENTS SERVED BY UNBOUND BRYAN COLLEGE STATION IN THE PAST THREE YEARS: 2019 = 8, 2020 = 18, 2021 = 40. THE NUMBER OF HUMAN TRAFFICKING RELATED CASES PROSECUTED IN THE PAST THREE YEARS: 2019 = 2, 2020 = 2, 2021 = 4.",TX,TX10912,252,department-of-justice,ASST_NON_15POVC22GK03684HT_015,True
231635209,15POVC22GK03681HT,UNBOUND NOW,2022-10-01,2025-10-31,750000.0,Department of Justice,Office of Justice Programs,16.320,"TASK FORCE NAME: BRAZOS VALLEY HUMAN TRAFFICKING TASK FORCE (BVHTTF) 



LAW ENFORCEMENT APPLICANT: BRAZOS COUNTY SHERIFF'S OFFICE 

FUNDING REQUESTED BY LAW ENFORCEMENT APPLICANT: $750,000.00 

VICTIM SERVICE PROVIDER APPLICANT: UNBOUND GLOBAL, CARRIED OUT BY UNBOUND BRYAN COLLEGE STATION LOCATION

FUNDING REQUESTED BY VICTIM SERVICE PROVIDER APPLICANT: $750,000.00 

THE BRAZOS VALLEY IS A RAPIDLY GROWING REGION DIRECTLY LOCATED IN THE TEXAS TRIANGLE, WHICH LINKS SAN ANTONIO, DALLAS/FORT WORTH, AND HOUSTON THROUGH MAJOR HIGHWAYS. THE TEXAS TRIANGLE IS ESTIMATED TO BE AN AREA WHERE HUMAN TRAFFICKING IS EXTREMELY PREVALENT. THE ANCHORING CITIES OF THE REGION ARE BRYAN AND COLLEGE STATION. COLLEGE STATION HOUSES THE 2ND LARGEST UNIVERSITY IN THE COUNTRY, TEXAS A&M. THE NINE COUNTY SERVICE AREA HAS A POPULATION OF OVER 463,000 INDIVIDUALS WITHOUT INCLUDING THE 71,000 STUDENTS ENROLLED AT TEXAS A&M. BRAZOS COUNTY IS RAPIDLY GROWING WITH A 1.4% GROWTH RATE COMPARED TO THE NATIONAL GROWTH RATE OF ONLY 0.1%. BRAZOS COUNTY HAS AN EXTREMELY HIGH POVERTY RATE OF 22.3%, WHICH NEARLY DOUBLES THE NATIONAL POVERTY RATE OF 11.4%. THE LOCATION, HIGH POVERTY RATE, AND HIGH POPULATION GROWTH RATE HAVE MADE HUMAN TRAFFICKING PREVALENT IN THE BRAZOS VALLEY AND INCREASE THE NEED FOR A COLLABORATIVE TASK FORCE.

THE BRAZOS VALLEY HUMAN TRAFFICKING TASK FORCE WILL BE A NEWLY FORMED HUMAN TRAFFICKING TASK FORCE FOCUSED ON DEVELOPING COLLABORATIVE WORKING RELATIONSHIPS AMONG LOCAL, STATE, AND FEDERAL LAW ENFORCEMENT AGENCIES, VICTIM SERVICE PROVIDERS, AND A VARIETY OF OTHER COMMUNITY PARTNERS IN THE BRAZOS VALLEY TO ADDRESS HUMAN TRAFFICKING. THE TASK FORCE'S MISSION AND GOALS ARE TO: 1) IDENTIFY VICTIMS OF ALL TYPES OF HUMAN TRAFFICKING WITHIN THE BRAZOS VALLEY, 2) DEVELOP AN EFFECTIVE AND SUSTAINABLE MULTIDISCIPLINARY TASK FORCE WHO PROACTIVELY INVESTIGATES AND PROSECUTES SEX AND LABOR TRAFFICKING CASES, 3) IMPLEMENT VICTIM-CENTERED APPROACHES TO ADDRESS INDIVIDUALIZED NEEDS OF IDENTIFIED VICTIMS THROUGH COMPREHENSIVE SERVICES. 

LISTED BELOW IS STATISTICAL DATA FROM BRAZOS VALLEY LAW ENFORCEMENT AGENCIES AND THE LEAD VICTIM SERVICE PROVIDER. THE NUMBER OF HUMAN TRAFFICKING CASES INVESTIGATED IN THE PAST THREE YEARS: 2019 = 8, 2020 = 13, 2021 = 23. THE NUMBER OF HUMAN TRAFFICKING CLIENTS SERVED BY UNBOUND BRYAN COLLEGE STATION IN THE PAST THREE YEARS: 2019 = 8, 2020 = 18, 2021 = 40. THE NUMBER OF HUMAN TRAFFICKING RELATED CASES PROSECUTED IN THE PAST THREE YEARS: 2019 = 2, 2020 = 2, 2021 = 4.",TX,TX27000,252,department-of-justice,ASST_NON_15POVC22GK03681HT_015,True
231635208,15POVC22GK03679HT,"VICTIMS INFORMATION BUREAU OF SUFFOLK, INC",2022-10-01,2026-09-30,750000.0,Department of Justice,Office of Justice Programs,16.320,"THE PROPOSED PROJECT IS A COLLABORATIVE EFFORT BETWEEN THE SUFFOLK COUNTY POLICE DEPARTMENT (SCPD) AND VICTIMS INFORMATION BUREAU OF SUFFOLK (VIBS).  THE TASK FORCE HAS BEEN ACTIVE IN SUFFOLK COUNTY, NY SINCE 2018 AND WILL CONTINUE TO ADDRESS ISSUES SURROUNDING HUMAN TRAFFICKING IN THE COUNTY THROUGH OUR ROBUST MULTI-AGENCY TASK FORCE, THE SUFFOLK COUNTY ANTI-TRAFFICKING INITIATIVE (SCATI). SUFFOLK COUNTY IS ON THE EASTERN END OF LONG ISLAND AND IS A GEOGRAPHICAL AREA OF OVER 900 SQUARE MILES CONTAINING BOTH RURAL AND SUBURBAN AREAS. THE WESTERN EDGE OF THE COUNTY IS ONLY 20 MILES FROM NEW YORK CITY.

UNDER THE 2018 OVC ENHANCED COLLABORATIVE MODEL TASK FORCE TO COMBAT HUMAN TRAFFICKING GRANT, SCPD AND ECLI-VIBS ESTABLISHED AND CO-LED THE SCATI, A TRULY COLLABORATIVE TASK FORCE MADE UP OF A MULTIDISCIPLINARY TEAM OF LAW ENFORCEMENT, SOCIAL SERVICE PROVIDERS, NGOS, FAITH-BASED PARTNERS, EDUCATORS, COMMUNITY LEADERS, AND TRAFFICKING SURVIVORS. BETWEEN DECEMBER 2018 AND MAY 2022, SCATI PARTNERS WORKED TOGETHER TO PROVIDE AT LEAST 19,095 UNITS OF SERVICES (APPROXIMATELY 4,773 HOURS) TO 296 TRAFFICKING VICTIMS (271 SEX AND 25 LABOR TRAFFICKING VICTIMS), CONDUCT 127 INVESTIGATIONS AND 110 PROSECUTIONS, TRAIN 5,075 PROFESSIONALS ABOUT HUMAN TRAFFICKING, HOLD 83 OUTREACH EVENTS, SHARE DATA ACROSS AGENCIES, CREATE 3 PROFESSIONAL RESEARCH REPORTS, AND START AN ACTIVE, INSPIRATIONAL SURVIVOR ADVISORY BOARD (SAB). THE PROSECUTORIAL EFFORTS RESULTED IN 22 ARRESTS AND 15 INVESTIGATIONS IN 2018, 15 ARRESTS AND 11 INVESTIGATIONS IN 2019, AND 21 ARRESTS AND 15 INVESTIGATIONS IN 2020. ECLI-VIBS PROVIDED SERVICES TO 84 TRAFFICKING VICTIMS IN 2019 (INCLUDING 1 LABOR VICTIM), 91 VICTIMS 2020 (6 LABOR VICTIMS), 129 VICTIMS IN 2021 (18 LABOR VICTIMS), AND 120 VICTIMS IN THE FIRST 5 MONTHS OF 2022 (23 LABOR VICTIMS).

 

THIS FUNDING WILL EXPAND THE CRITICAL WORK OF THE TASK FORCE UNDER CATEGORY 2: EXPANDING HUMAN TRAFFICKING TASK FORCE EFFECTIVENESS. THE SCPD IS REQUESTING $750,000 AND VIBS IS REQUESTING $750,000 IN FEDERAL FUNDING. THIS CRITICAL FUNDING WILL CONTINUE TO STRENGTHEN EXISTING COLLABORATIVE TASK FORCE PARTNERSHIPS, EXPAND PARTNERSHIPS, CONTINUE COLLABORATIONS TO INVESTIGATE AND PROSECUTE TRAFFICKERS, CREATE SUSTAINABLE SYSTEMS OF HELPING VICTIMS ACROSS AGENCIES, EXPAND TO HELP MORE LABOR TRAFFICKING VICTIMS, FURTHER EXPAND DATA SHARING ACROSS AGENCIES, CONTINUE PROVIDING COLLABORATIVE COMMUNITY EDUCATION WITH THE HELP OF OUR SAB, AND PROVIDE MORE FORMALIZED PEER SUPPORT TO NEWER TASK FORCES.",NY,NY37840,252,department-of-justice,ASST_NON_15POVC22GK03679HT_015,True
231635207,15POVC22GK03677HT,INTERFACE COMMUNITY,2022-10-01,2026-09-30,750000.0,Department of Justice,Office of Justice Programs,16.320,"THE VENTURA COUNTY HUMAN TRAFFICKING TASK FORCE (VCHTTF), WHICH WAS ESTABLISHED IN 2019, IS CO-LED BY THE VENTURA COUNTY SHERIFF’S OFFICE (LAW ENFORCEMENT APPLICANT) AND INTERFACE CHILDREN & FAMILY SERVICES (VICTIM SERVICES PROVIDER APPLICANT). THE TASK FORCE WORKS CLOSELY TO ADDRESS HUMAN TRAFFICKING (SEX AND LABOR) THROUGHOUT VENTURA COUNTY, WHICH IS LOCATED IN SOUTHERN CALIFORNIA. DURING THE LAST THREE (3) YEARS, THE VCHTTF HAS CONDUCTED SIXTY-SEVEN (67) HUMAN TRAFFICKING INVESTIGATIONS, CONDUCTED FORTY (40) HUMAN TRAFFICKING PROSECUTIONS, AND PROVIDED SERVICES TO ONE HUNDRED SEVEN (107) HUMAN TRAFFICKING VICTIMS. THE REQUESTED GRANTS IN THE AMOUNT OF $750,000 FOR THE LAW ENFORCEMENT APPLICANT AND $750,000 FOR THE VICTIM SERVICES PROVIDER APPLICANT WILL EXPAND AND ENHANCE THE VENTURA COUNTY HUMAN TRAFFICKING TASK FORCE, AS WELL AS ENHANCE THE ABILITY OF THE TASK FORCE TO IDENTIFY, INVESTIGATE, AND PROSECUTE ALL TYPES OF HUMAN TRAFFICKERS IN VENTURA COUNTY AND RELATED CASES ACROSS CALIFORNIA AND THE NATION. IT WILL ALSO ENHANCE THE ABILITY OF THE TASK FORCE’S VICTIM SERVICES PROVIDERS TO CONTINUE TO PROVIDE COMPREHENSIVE, INTENSIVE, COORDINATED, AND INTEGRATED SERVICES FOR HUMAN TRAFFICKING (SEX AND LABOR) VICTIMS -- ALL SERVICES ARE PROVIDED IN A TRAUMA-INFORMED, VICTIM-CENTERED, AND CULTURALLY AFFIRMING MANNER. WHILE ALL HUMAN TRAFFICKING (SEX AND LABOR) VICTIMS ARE SERVED, THE MAJORITY OF VICTIMS, TO DATE, ARE ADULT WOMEN OF HISPANIC AND ASIAN-AMERICAN/PACIFIC ISLANDER DESCENT. THE OVERALL GOAL OF THE PROPOSED PROJECT IS TO EXPAND THE EXISTING CO-LED, MULTIDISCIPLINARY, AND SUSTAINABLE TASK FORCE AND ENHANCE THE IDENTIFICATION OF HUMAN TRAFFICKING (SEX AND LABOR) VICTIMS, PROVIDE IDENTIFIED VICTIMS WITH ACCESS TO HIGH-QUALITY SERVICES, AND INVESTIGATE/PROSECUTE HUMAN TRAFFICKERS AT THE APPROPRIATE LEVEL -- LOCAL, STATE, AND/OR FEDERAL. TO ACCOMPLISH THIS GOAL, THE TASK FORCE WILL: 1) ENHANCE, SUSTAIN, AND STRENGTHEN THE CO-LEADERSHIP STRUCTURE AND COORDINATION OF THE VCHTTF USING THE MULTIDISCIPLINARY COLLABORATIVE MODEL FOR ANTI-HUMAN TRAFFICKING TASK FORCES: DEVELOPMENT AND OPERATIONS ROADMAP AS A GUIDE; 2) REVISE VCHTTF PROTOCOLS; 3) CONTINUE TO IDENTIFY AND SERVE HUMAN TRAFFICKING (SEX AND LABOR) VICTIMS; 4) ENHANCE THE PROVISION OF TRAUMA-INFORMED, VICTIM-CENTERED, AND CULTURALLY AFFIMING SERVICES AND COLLABORATIVE APPROACHES BY DEVELOPING AND CONSISTENTLY IMPLEMENTING VCHTTF PROTOCOLS AND TRAINING; 5) CONTINUE TO INVESTIGATE AND PROSECUTE HUMAN TRAFFICKERS; 6) ASSIST HUMAN TRAFFICKING (SEX AND LABOR) VICTIMS ACHIEVE SAFETY, INDEPENDENCE, SELF-SUFFICIENCY, AND WELL-BEING THROUGH APPROPRIATE SERVICES; AND 7) CONDUCT ONGOING ASSESSMENT TO ASCERTAIN ACHIEVEMENT OF PROJECT-RELATED GOALS AND OBJECTIVES. THE VENTURA COUNTY HUMAN TRAFFICKING TASK FORCE SEEKS PRIORITY CONSIDERATION -- PRIORITY 1(A).",CA,CA10046,252,department-of-justice,ASST_NON_15POVC22GK03677HT_015,True
231635206,15POVC22GK03675HT,COUNTY OF VENTURA,2022-10-01,2025-09-30,750000.0,Department of Justice,Office of Justice Programs,16.320,"THE VENTURA COUNTY HUMAN TRAFFICKING TASK FORCE (VCHTTF), WHICH WAS ESTABLISHED IN 2019, IS CO-LED BY THE VENTURA COUNTY SHERIFF’S OFFICE (LAW ENFORCEMENT APPLICANT) AND INTERFACE CHILDREN & FAMILY SERVICES (VICTIM SERVICES PROVIDER APPLICANT). THE TASK FORCE WORKS CLOSELY TO ADDRESS HUMAN TRAFFICKING (SEX AND LABOR) THROUGHOUT VENTURA COUNTY, WHICH IS LOCATED IN SOUTHERN CALIFORNIA. DURING THE LAST THREE (3) YEARS, THE VCHTTF HAS CONDUCTED SIXTY-SEVEN (67) HUMAN TRAFFICKING INVESTIGATIONS, CONDUCTED FORTY (40) HUMAN TRAFFICKING PROSECUTIONS, AND PROVIDED SERVICES TO ONE HUNDRED SEVEN (107) HUMAN TRAFFICKING VICTIMS. THE REQUESTED GRANTS IN THE AMOUNT OF $750,000 FOR THE LAW ENFORCEMENT APPLICANT AND $750,000 FOR THE VICTIM SERVICES PROVIDER APPLICANT WILL EXPAND AND ENHANCE THE VENTURA COUNTY HUMAN TRAFFICKING TASK FORCE, AS WELL AS ENHANCE THE ABILITY OF THE TASK FORCE TO IDENTIFY, INVESTIGATE, AND PROSECUTE ALL TYPES OF HUMAN TRAFFICKERS IN VENTURA COUNTY AND RELATED CASES ACROSS CALIFORNIA AND THE NATION. IT WILL ALSO ENHANCE THE ABILITY OF THE TASK FORCE’S VICTIM SERVICES PROVIDERS TO CONTINUE TO PROVIDE COMPREHENSIVE, INTENSIVE, COORDINATED, AND INTEGRATED SERVICES FOR HUMAN TRAFFICKING (SEX AND LABOR) VICTIMS -- ALL SERVICES ARE PROVIDED IN A TRAUMA-INFORMED, VICTIM-CENTERED, AND CULTURALLY AFFIRMING MANNER. WHILE ALL HUMAN TRAFFICKING (SEX AND LABOR) VICTIMS ARE SERVED, THE MAJORITY OF VICTIMS, TO DATE, ARE ADULT WOMEN OF HISPANIC AND ASIAN-AMERICAN/PACIFIC ISLANDER DESCENT. THE OVERALL GOAL OF THE PROPOSED PROJECT IS TO EXPAND THE EXISTING CO-LED, MULTIDISCIPLINARY, AND SUSTAINABLE TASK FORCE AND ENHANCE THE IDENTIFICATION OF HUMAN TRAFFICKING (SEX AND LABOR) VICTIMS, PROVIDE IDENTIFIED VICTIMS WITH ACCESS TO HIGH-QUALITY SERVICES, AND INVESTIGATE/PROSECUTE HUMAN TRAFFICKERS AT THE APPROPRIATE LEVEL -- LOCAL, STATE, AND/OR FEDERAL. TO ACCOMPLISH THIS GOAL, THE TASK FORCE WILL: 1) ENHANCE, SUSTAIN, AND STRENGTHEN THE CO-LEADERSHIP STRUCTURE AND COORDINATION OF THE VCHTTF USING THE MULTIDISCIPLINARY COLLABORATIVE MODEL FOR ANTI-HUMAN TRAFFICKING TASK FORCES: DEVELOPMENT AND OPERATIONS ROADMAP AS A GUIDE; 2) REVISE VCHTTF PROTOCOLS; 3) CONTINUE TO IDENTIFY AND SERVE HUMAN TRAFFICKING (SEX AND LABOR) VICTIMS; 4) ENHANCE THE PROVISION OF TRAUMA-INFORMED, VICTIM-CENTERED, AND CULTURALLY AFFIRMING SERVICES AND COLLABORATIVE APPROACHES BY DEVELOPING AND CONSISTENTLY IMPLEMENTING VCHTTF PROTOCOLS AND TRAINING; 5) CONTINUE TO INVESTIGATE AND PROSECUTE HUMAN TRAFFICKERS; 6) ASSIST HUMAN TRAFFICKING (SEX AND LABOR) VICTIMS ACHIEVE SAFETY, INDEPENDENCE, SELF-SUFFICIENCY, AND WELL-BEING THROUGH APPROPRIATE SERVICES; AND 7) CONDUCT ONGOING ASSESSMENT TO ASCERTAIN ACHIEVEMENT OF PROJECT-RELATED GOALS AND OBJECTIVES. THE VENTURA COUNTY HUMAN TRAFFICKING TASK FORCE SEEKS PRIORITY CONSIDERATION -- PRIORITY 1(A).",CA,CA82282,252,department-of-justice,ASST_NON_15POVC22GK03675HT_015,True
231635205,15POVC22GK03673HT,GUAM COALITION AGAINST SEXUAL ASSAULT AND FAMILY VIOLENCE,2022-10-01,2026-09-30,750000.0,Department of Justice,Office of Justice Programs,16.320,"THE OFFICE OF THE ATTORNEY GENERAL (OAG) OF GUAM AND GUAM COALITION AGAINST SEXUAL ASSAULT AND FAMILY VIOLENCE (GCASAFV) ARE COLLABORATING ON PROJECT SETBE YAN PROTEHI, A JOINT APPLICATION FOR CONSIDERATION UNDER PURPOSE AREA 1 AND PRIORITY CONSIDERATION 1(A) OF THE OFFICE FOR VICTIMS OF CRIME, FY2022 ENHANCED COLLABORATIVE MODEL TASK FORCE TO COMBAT HUMAN TRAFFICKING GRANT SOLICITATION, OPPORTUNITY NUMBER: O-OVC-2022-171264, CFDA 16.320.

THE PROJECT SETBE YAN PROTEHI GOAL IS TO REESTABLISH THE MARIANAS HUMAN TRAFFICKING TASK FORCE (MHTTF) AND SUPPORT A SUSTAINABLE, MULTIDISCIPLINARY TASK FORCE TO COMBAT HUMAN TRAFFICKING ON GUAM WITH RESOURCES FOR STAFF, TRAINING, INVESTIGATIONS, PROSECUTIONS, AND SERVICES. THE OAG WILL SERVE AS THE LEAD LAW ENFORCEMENT APPLICANT AND WILL SUBMIT ITS APPLICATION FOR $750,000; GCASAFV WILL SERVE AS THE VICTIM SERVICE PROVIDER APPLICANT AND WILL SUBMIT FOR $750,000.

INVESTIGATIONS & PROSECUTIONS. DATA ON HUMAN TRAFFICKING CASES MAY NOT WARRANT ATTENTION AS A PRIORITY FOR GUAM’S LAW ENFORCEMENT. THE OAG INVESTIGATED ONE HUMAN TRAFFICKING CASE IN MAY 2022 AND REFERRED TO US CITIZENSHIP AND IMMIGRATION SERVICES DUE TO JURISDICTION RESTRAINTS. THE OAG INVESTIGATED A REPORT IN APRIL 2022 OF A SUSPECTED VICTIM POSTING ON TINDER; THE OAG REFERRED TO HOMELAND SECURITY INVESTIGATIONS (HIS) AND THE FEDERAL BUREAU OF INVESTIGATIONS. HIS REPORTED ONE INVESTIGATION IN 2020, IN 2019, AND IN 2018.

VICTIMS SERVED. THE BUREAU OF WOMEN’S AFFAIRS RECEIVED A CALL IN 2020 FROM A HUMAN TRAFFICKING VICTIM FOR ASSISTANCE. THE OAG FUNDED SIX SUBGRANTEES TO ASSIST TRAFFICKING VICTIMS – ONLY ONE LABOR TRAFFICKING CASE WAS REPORTED. HIS REPORTED TWO LABOR TRAFFICKING VICTIMS SERVED IN 2020; THREE VICTIMS OF LABOR/SEX TRAFFICKING SERVED IN 2019; AND FOUR SEX/LABOR TRAFFICKING VICTIMS SERVED IN 2018. VICTIM ADVOCATES REACHING OUT SERVED TWO SEX TRAFFICKING VICTIMS PLUS A MINOR CHILD AND ONE MINOR SEX TRAFFICKING VICTIM IN 2019.

PRIORITY CONSIDERATION. THE OAG AND GCASAFV ARE REQUESTING CONSIDERATION UNDER PRIORITY 1(A) IN SUPPORT OF EXECUTIVE ORDER 13985 . THE PROJECT SEEKS TO SERVE HUMAN TRAFFICKING VICTIMS, TARGETING UNDERSERVED COMMUNITIES SUCH AS MIGRANTS FROM THE FREELY ASSOCIATED STATES, TOURISTS, PERSONS WITH DISABILITIES, PERSONS WITH LOWER SOCIO-ECONOMIC STATUS, AND PERSONS WITH SUBSTANCE ABUSE DISORDERS. OF GUAM’S CURRENT POPULATION OF 169,086, 83% ARE ASIAN (34%) AND PACIFIC ISLANDERS (49%).

WITH GUAM'S STATUTE THAT CREATED THE MARIANAS HUMAN TRAFFICKING TASK FORCE, OVC FUNDING WILL AFFORD GUAM THE OPPORTUNITY TO STRENGTHEN A COORDINATED LAW ENFORCEMENT AND VICTIM SERVICES RESPONSE TO HUMAN TRAFFICKING AND IN THE REGION AS IT IMPACTS GUAM.",GU,GU**010,252,department-of-justice,ASST_NON_15POVC22GK03673HT_015,True
231635204,15POVC22GK03671HT,OFFICE OF THE ATTORNEY GENERAL,2022-10-01,2025-09-30,750000.0,Department of Justice,Office of Justice Programs,16.320,"THE OFFICE OF THE ATTORNEY GENERAL (OAG) OF GUAM AND GUAM COALITION AGAINST SEXUAL ASSAULT AND FAMILY VIOLENCE (GCASAFV) ARE COLLABORATING ON PROJECT SETBE YAN PROTEHI, A JOINT APPLICATION FOR CONSIDERATION UNDER PURPOSE AREA 1 AND PRIORITY CONSIDERATION 1(A) OF THE OFFICE FOR VICTIMS OF CRIME, FY2022 ENHANCED COLLABORATIVE MODEL TASK FORCE TO COMBAT HUMAN TRAFFICKING GRANT SOLICITATION, OPPORTUNITY NUMBER: O-OVC-2022-171264, CFDA 16.320.

THE PROJECT SETBE YAN PROTEHI GOAL IS TO REESTABLISH THE MARIANAS HUMAN TRAFFICKING TASK FORCE (MHTTF) AND SUPPORT A SUSTAINABLE, MULTIDISCIPLINARY TASK FORCE TO COMBAT HUMAN TRAFFICKING ON GUAM WITH RESOURCES FOR STAFF, TRAINING, INVESTIGATIONS, PROSECUTIONS, AND SERVICES. THE OAG WILL SERVE AS THE LEAD LAW ENFORCEMENT APPLICANT AND WILL SUBMIT ITS APPLICATION FOR $750,000; GCASAFV WILL SERVE AS THE VICTIM SERVICE PROVIDER APPLICANT AND WILL SUBMIT FOR $750,000.

INVESTIGATIONS & PROSECUTIONS. DATA ON HUMAN TRAFFICKING CASES MAY NOT WARRANT ATTENTION AS A PRIORITY FOR GUAM’S LAW ENFORCEMENT. THE OAG INVESTIGATED ONE HUMAN TRAFFICKING CASE IN MAY 2022 AND REFERRED TO US CITIZENSHIP AND IMMIGRATION SERVICES DUE TO JURISDICTION RESTRAINTS. THE OAG INVESTIGATED A REPORT IN APRIL 2022 OF A SUSPECTED VICTIM POSTING ON TINDER; THE OAG REFERRED TO HOMELAND SECURITY INVESTIGATIONS (HIS) AND THE FEDERAL BUREAU OF INVESTIGATIONS. HIS REPORTED ONE INVESTIGATION IN 2020, IN 2019, AND IN 2018.

VICTIMS SERVED. THE BUREAU OF WOMEN’S AFFAIRS RECEIVED A CALL IN 2020 FROM A HUMAN TRAFFICKING VICTIM FOR ASSISTANCE. THE OAG FUNDED SIX SUBGRANTEES TO ASSIST TRAFFICKING VICTIMS – ONLY ONE LABOR TRAFFICKING CASE WAS REPORTED. HIS REPORTED TWO LABOR TRAFFICKING VICTIMS SERVED IN 2020; THREE VICTIMS OF LABOR/SEX TRAFFICKING SERVED IN 2019; AND FOUR SEX/LABOR TRAFFICKING VICTIMS SERVED IN 2018. VICTIM ADVOCATES REACHING OUT SERVED TWO SEX TRAFFICKING VICTIMS PLUS A MINOR CHILD AND ONE MINOR SEX TRAFFICKING VICTIM IN 2019.

PRIORITY CONSIDERATION. THE OAG AND GCASAFV ARE REQUESTING CONSIDERATION UNDER PRIORITY 1(A) IN SUPPORT OF EXECUTIVE ORDER 13985 . THE PROJECT SEEKS TO SERVE HUMAN TRAFFICKING VICTIMS, TARGETING UNDERSERVED COMMUNITIES SUCH AS MIGRANTS FROM THE FREELY ASSOCIATED STATES, TOURISTS, PERSONS WITH DISABILITIES, PERSONS WITH LOWER SOCIO-ECONOMIC STATUS, AND PERSONS WITH SUBSTANCE ABUSE DISORDERS. OF GUAM’S CURRENT POPULATION OF 169,086, 83% ARE ASIAN (34%) AND PACIFIC ISLANDERS (49%).

WITH THE STATUTE THAT CREATED THE MARIANAS HUMAN TRAFFICKING TASK FORCE, OVC FUNDING WILL AFFORD GUAM THE OPPORTUNITY TO STRENGTHEN A COORDINATED LAW ENFORCEMENT AND VICTIM SERVICES RESPONSE TO HUMAN TRAFFICKING AND IN THE REGION AS IT IMPACTS GUAM.",GU,GU**010,252,department-of-justice,ASST_NON_15POVC22GK03671HT_015,True
231635203,15POVC22GK03669HT,COMMUNITY VIOLENCE SOLUTIONS,2022-10-01,2026-09-30,750000.0,Department of Justice,Office of Justice Programs,16.320,"CONTRA COSTA COUNTY, CALIFORNIA, THROUGH ITS OFFICE OF THE DISTRICT ATTORNEY (THE LAW ENFORCEMENT APPLICANT) AND COMMUNITY VIOLENCE SOLUTIONS (THE VICTIM SERVICES APPLICANT), IS APPLYING FOR CONTINUED FUNDING FOR THE OVC ENHANCED COLLABORATIVE MODEL TO COMBAT HUMAN TRAFFICKING.  

THE OFFICE OF THE DISTRICT ATTORNEY (DA) AND THE COMMUNITY VIOLENCE SOLUTIONS PROPOSE TO PARTNER TO UTILIZE OVC FUNDING, UNDER PURPOSE AREA 2, TO 1) CONDUCT A GAP ASSESSMENT AND REFINE EXISTING TASK FORCE PROTOCOLS TO REFLECT GROWTH AND EXPANSION; 2) STRENGTHEN AND EXPAND COLLABORATIVE PARTNERSHIPS AMONG FEDERAL, STATE, LOCAL, PROSECUTION, NONGOVERNMENTAL, LABOR, AND REGULATORY AGENCIES AND SYSTEM- AND COMMUNITY-BASED SERVICE PROVIDERS; 3) RETAIN A FULL-TIME COORDINATOR TO MANAGE THE HTTF; 4) IDENTIFY AND CONDUCT A RANGE OF PROACTIVE APPROACHES FOR VICTIM IDENTIFICATION AND PROSECUTIONS; 5) PROVIDE AND ARRAY OF VICTIM SERVICES TO SURVIVORS OF SEX AND LABOR TRAFFICKING TO ADDRESS THEIR NEEDS FOR SAFETY, SECURITY AND HEALING; 6) DELIVER TARGETED TRAINING AND PUBLIC AWARENESS MATERIALS ABOUT SEX AND LABOR TRAFFICKING; AND, AS REQUESTED BY OVC 7) PROVIDE PEER SUPPORT TO NEWER TASK FORCES.

NAME OF TASK FORCE:  CONTRA COSTA HUMAN TRAFFICKING TASK FORCE

GEOGRAPHIC AREA:  CONTRA COSTA COUNTY, CALIFORNIA

LAW ENFORCEMENT APPLICANT: OFFICE OF THE DISTRICT ATTORNEY, COUNTY OF CONTRA COSTA, CA

FUNDING REQUEST FOR LAW ENFORCEMENT APPLICANT:  $750,000

VICTIM SERVICE PROVIDER APPLICANT:  COMMUNITY VIOLENCE SOLUTIONS

FUNDING REQUEST FOR VICTIM SERVICES APPLICANT: $750,000

HUMAN TRAFFICKING CASES: CONTRA COSTA COUNTY DA CONDUCTED HT INVESTIGATIONS THE PAST THREE YEARS AS FOLLOWS—20 IN 2019, 50 IN 2020, AND 38 IN 2021.  THE DA CONDUCTED HT PROSECUTIONS THE PAST THREE YEARS AS FOLLOWS—15 IN 2019, 14 IN 2020 AND 13 IN 2021.

TRAFFICKING VICTIMS SERVED: CONTRA COSTA COUNTY, THROUGH ITS PARTNER VICTIM SERVICES PROVIDERS, SERVED HT VICTIMS OVER THE PAST THREE YEARS AS FOLLOWS:  70 IN 2019 (VICTIM SERVICES WERE APPROVED SEVERAL MONTHS INTO THE YEAR); 177 IN 2020, 115 IN 2021.

PRIORITY CONSIDERATION: THIS APPLICATION MEETS THE REQUIREMENTS OF PRIORITY 1(A).",CA,CA68294,252,department-of-justice,ASST_NON_15POVC22GK03669HT_015,True
231635202,15POVC22GK03667HT,MS DEPARTMENT OF PUBLIC SAFETY,2022-10-01,2026-09-30,750000.0,Department of Justice,Office of Justice Programs,16.320,"THE MISSISSIPPI HUMAN TRAFFICKING COUNCIL (FORMALLY KNOWN AS THE MISSISSIPPI HUMAN TRAFFICKING TASK FORCE TO COMBAT HUMAN TRAFFICKING). 

THE PURPOSE OF THIS PROGRAM IS TO DEVELOP, EXPAND, AND STRENGTHEN A MULTIDISCIPLINARY APPROACH TO FIGHT HUMAN TRAFFICKING (HT). THIS FUNDING WILL SUPPORT EXPANDED TASK FORCE PARTNERSHIPS, REFINEMENT AND IMPLEMENTATION OF NEW AND EXISTING PROTOCOLS, MEANINGFUL SURVIVOR ENGAGEMENT, AND IMPLEMENTATION OF PROACTIVE APPROACHES THAT ARE VICTIM-CENTERED AND SURVIVOR AND TRAUMA-INFORMED.  

MISSISSIPPI COVERS 46,907 SQUARE MILES, WITH A 2020 ESTIMATED POPULATION OF 2,961,279 PEOPLE – WITH 1,569,926 OR 51% OF ITS POPULATION LIVING IN RURAL MISSISSIPPI. AMONG THE 82 MS COUNTIES, 17 (20.7%) ARE CLASSIFIED AS METROPOLITAN (URBAN) AND 65 (79.3%) ARE CLASSIFIED AS NON-METROPOLITAN (RURAL), BASED ON 2020 NCHS URBAN-RURAL CLASSIFICATION SCHEME. ADDITIONALLY, THE MS BAND OF CHOCTAW INDIANS (THE ONLY FEDERALLY RECOGNIZED INDIAN TRIBE IN MS) WITH 10,000 MEMBERS AND 35,000 ACRES OF LAND ARE INCLUDED. THE WORK OF THE MISSISSIPPI HUMAN TRAFFICKING COUNCIL (TASK FORCE) WILL BENEFIT THE ENTIRE STATE. THE RELEVANT STATE AND FEDERAL AGENCIES AND SERVICES PROVIDERS ARE IN THIS AREA.   

(FY2022) THE MISSISSIPPI BUREAU OF INVESTIGATION (MBI), MISSISSIPPI DEPARTMENT OF PUBLIC SAFETY (MDPS) IS REQUESTING FUNDING IN THE AMOUNT OF $750,000.00 UNDER CATEGORY PURPOSE AREA 2 (COMPETITIVE ID: C-OVC-2022-00009-PROD) AND THE OFFICE AGAINST INTERPERSONAL VIOLENCE (OAIV), MISSISSIPPI STATE DEPARTMENT OF HEALTH (MSDH) IS THE SERVICE PROVIDER APPLICANT REQUESTING FUNDING IN THE AMOUNT OF $750,000.00.  

 


	
		
			
			HUMAN TRAFFICKING INVESTIGATION AND PROSECUTIONS 
			
		
		
			
			 
			
		
		
			
			MBI 

			CASES 
			
			
			NEW INVESTIGATIONS 
			
			
			ACTIVE INVESTIGATIONS 
			
			
			NUMBER ARRESTED FOR HT INCIDENT 
			
			
			CONFIRMED JUVENILE 

			VICTIMS 
			
			
			CONFIRMED ADULT VICTIMS 
			
			
			 MBI DATABASE 

			TIPS 
			
			
			MBI HT & RELATED PROSECUTIONS 
			
		
		
			
			2019",MS,MS36000,252,department-of-justice,ASST_NON_15POVC22GK03667HT_015,True
231635200,15POVC22GK03664HT,COUNTY OF CONTRA COSTA,2022-10-01,2026-09-30,750000.0,Department of Justice,Office of Justice Programs,16.320,"CONTRA COSTA COUNTY, CALIFORNIA, THROUGH ITS OFFICE OF THE DISTRICT ATTORNEY (THE LAW ENFORCEMENT APPLICANT) AND COMMUNITY VIOLENCE SOLUTIONS (THE VICTIM SERVICES APPLICANT), IS APPLYING FOR CONTINUED FUNDING FOR THE OVC ENHANCED COLLABORATIVE MODEL TO COMBAT HUMAN TRAFFICKING.  

THE OFFICE OF THE DISTRICT ATTORNEY (DA) AND THE COMMUNITY VIOLENCE SOLUTIONS PROPOSE TO PARTNER TO UTILIZE OVC FUNDING, UNDER PURPOSE AREA 2, TO 1) CONDUCT A GAP ASSESSMENT AND REFINE EXISTING TASK FORCE PROTOCOLS TO REFLECT GROWTH AND EXPANSION; 2) STRENGTHEN AND EXPAND COLLABORATIVE PARTNERSHIPS AMONG FEDERAL, STATE, LOCAL, PROSECUTION, NONGOVERNMENTAL, LABOR, AND REGULATORY AGENCIES AND SYSTEM- AND COMMUNITY-BASED SERVICE PROVIDERS; 3) RETAIN A FULL-TIME COORDINATOR TO MANAGE THE HTTF; 4) IDENTIFY AND CONDUCT A RANGE OF PROACTIVE APPROACHES FOR VICTIM IDENTIFICATION AND PROSECUTIONS; 5) PROVIDE AND ARRAY OF VICTIM SERVICES TO SURVIVORS OF SEX AND LABOR TRAFFICKING TO ADDRESS THEIR NEEDS FOR SAFETY, SECURITY AND HEALING; 6) DELIVER TARGETED TRAINING AND PUBLIC AWARENESS MATERIALS ABOUT SEX AND LABOR TRAFFICKING; AND, AS REQUESTED BY OVC 7) PROVIDE PEER SUPPORT TO NEWER TASK FORCES.

NAME OF TASK FORCE:  CONTRA COSTA HUMAN TRAFFICKING TASK FORCE

GEOGRAPHIC AREA:  CONTRA COSTA COUNTY, CALIFORNIA

LAW ENFORCEMENT APPLICANT: OFFICE OF THE DISTRICT ATTORNEY, COUNTY OF CONTRA COSTA, CA

FUNDING REQUEST FOR LAW ENFORCEMENT APPLICANT:  $750,000

VICTIM SERVICE PROVIDER APPLICANT:  COMMUNITY VIOLENCE SOLUTIONS

FUNDING REQUEST FOR VICTIM SERVICES APPLICANT: $750,000

HUMAN TRAFFICKING CASES: CONTRA COSTA COUNTY DA CONDUCTED HT INVESTIGATIONS THE PAST THREE YEARS AS FOLLOWS—20 IN 2019, 50 IN 2020, AND 38 IN 2021.  THE DA CONDUCTED HT PROSECUTIONS THE PAST THREE YEARS AS FOLLOWS—15 IN 2019, 14 IN 2020 AND 13 IN 2021.

TRAFFICKING VICTIMS SERVED: CONTRA COSTA COUNTY, THROUGH ITS PARTNER VICTIM SERVICES PROVIDERS, SERVED HT VICTIMS OVER THE PAST THREE YEARS AS FOLLOWS:  70 IN 2019 (VICTIM SERVICES WERE APPROVED SEVERAL MONTHS INTO THE YEAR); 177 IN 2020, 115 IN 2021.

PRIORITY CONSIDERATION: THIS APPLICATION MEETS THE REQUIREMENTS OF PRIORITY 1(A).",CA,CA46114,252,department-of-justice,ASST_NON_15POVC22GK03664HT_015,True
231635198,15POVC22GK03662HT,MISSISSIPPI STATE DEPARTMENT OF HEALTH,2022-10-01,2026-09-30,750000.0,Department of Justice,Office of Justice Programs,16.320,"THE MISSISSIPPI HUMAN TRAFFICKING COUNCIL (FORMALLY KNOWN AS THE MISSISSIPPI HUMAN TRAFFICKING TASK FORCE TO COMBAT HUMAN TRAFFICKING).WILL DEVELOP, EXPAND, AND STRENGTHEN A MULTIDISCIPLINARY APPROACH TO FIGHT HUMAN TRAFFICKING (HT). THIS FUNDING WILL SUPPORT EXPANDED TASK FORCE PARTNERSHIPS, REFINEMENT AND IMPLEMENTATION OF NEW AND EXISTING PROTOCOLS, MEANINGFUL SURVIVOR ENGAGEMENT, AND IMPLEMENTATION OF PROACTIVE APPROACHES THAT ARE VICTIM-CENTERED AND SURVIVOR AND TRAUMA-INFORMED. MISSISSIPPI COVERS 46,907 SQUARE MILES, WITH A 2020 ESTIMATED POPULATION OF 2,961,279 PEOPLE – WITH 1,569,926 OR 51% OF ITS POPULATION LIVING IN RURAL MISSISSIPPI. AMONG THE 82 MS COUNTIES, 17 (20.7%) ARE CLASSIFIED AS METROPOLITAN (URBAN) AND 65 (79.3%) ARE CLASSIFIED AS NON-METROPOLITAN (RURAL), BASED ON 2020 NCHS URBAN-RURAL CLASSIFICATION SCHEME. ADDITIONALLY, THE MS BAND OF CHOCTAW INDIANS (THE ONLY FEDERALLY RECOGNIZED INDIAN TRIBE IN MS) WITH 10,000 MEMBERS AND 35,000 ACRES OF LAND ARE INCLUDED. THE WORK OF THE MISSISSIPPI HUMAN TRAFFICKING COUNCIL (TASK FORCE) WILL BENEFIT THE ENTIRE STATE. THE RELEVANT STATE AND FEDERAL AGENCIES AND SERVICES PROVIDERS ARE IN THIS AREA. (FY2022) THE MISSISSIPPI BUREAU OF INVESTIGATION (MBI), MISSISSIPPI DEPARTMENT OF PUBLIC SAFETY (MDPS) IS REQUESTING FUNDING IN THE AMOUNT OF $750,000.00 UNDER CATEGORY PURPOSE AREA 2 (COMPETITIVE ID: C-OVC-2022-00009-PROD) AND THE OFFICE AGAINST INTERPERSONAL VIOLENCE (OAIV), MISSISSIPPI STATE DEPARTMENT OF HEALTH (MSDH) IS THE SERVICE PROVIDER APPLICANT REQUESTING FUNDING IN THE AMOUNT OF $750,000.00.
 


	
		
			
			HUMAN TRAFFICKING INVESTIGATION AND PROSECUTIONS 
			
		
		
			
			 
			
		
		
			
			MBI 

			CASES 
			
			
			NEW INVESTIGATIONS 
			
			
			ACTIVE INVESTIGATIONS 
			
			
			NUMBER ARRESTED FOR HT INCIDENT 
			
			
			CONFIRMED JUVENILE 

			VICTIMS 
			
			
			CONFIRMED ADULT VICTIMS 
			
			
			 MBI DATABASE 

			TIPS 
			
			
			MBI HT & RELATED PROSECUTIONS 
			
		
		
			
			2019",MS,MS36000,252,department-of-justice,ASST_NON_15POVC22GK03662HT_015,True
231635196,15POVC22GK03659HT,COMM OF MASS DEPT OF THE ATTORNEY GENERAL,2022-10-01,2026-09-30,750000.0,Department of Justice,Office of Justice Programs,16.320,"THE COMMONWEALTH’S ANTI-TRAFFICKING (CAT) TASK FORCE WAS CREATED UNDER PURPOSE AREA 1 ENHANCED COLLABORATIVE MODEL (ECM) TASK FORCE TO COMBAT HUMAN TRAFFICKING GRANTS FROM BOTH THE OFFICE FOR VICTIMS OF CRIME AND THE BUREAU OF JUSTICE ASSISTANCE IN OCTOBER 2019. SINCE THE INITIAL GRANT AWARD, THE CAT TASK FORCE HAS GROWN FROM A PROPOSAL TO THE ONLY STATEWIDE HUMAN TRAFFICKING TASK FORCE IN MASSACHUSETTS. THE CAT TASK FORCE IS CO-LED BY THE MASSACHUSETTS ATTORNEY GENERAL’S OFFICE’S (MAGO’S) HUMAN TRAFFICKING DIVISION (HTD) AS LEAD LAW ENFORCEMENT GRANTEE AND ITS VICTIM SERVICES DIVISION (VSD) AS LEAD VICTIM SERVICES GRANTEE. THE MAGO REQUESTS $750,000.00 IN FEDERAL AWARD FOR LAW ENFORCEMENT AND $749,999.02 IN FEDERAL AWARD FOR VICTIM SERVICES TO CONTINUE ITS WORK AS A PURPOSE AREA 2 TASK FORCE.

THE CAT TASK FORCE WILL LEVERAGE ITS CO-LEADERSHIP STRUCTURE TO CONTINUE TO DELIVER BOTH TRAUMA-INFORMED INVESTIGATIONS AND VICTIM-CENTERED SERVICES. THE TASK FORCE WILL ALSO FOCUS ON EXPANSION OF OPERATIONS AND PARTNERSHIPS WHILE REFINING ITS EXISTING PROTOCOLS. FOR LAW ENFORCEMENT ACTIVITIES, THE CAT TASK FORCE WILL CONTINUE FORMALIZED PARTNERSHIPS WITH THE MASSACHUSETTS STATE POLICE DETECTIVE UNIT ASSIGNED TO THE MAGO, THE MAGO’S FAIR LABOR DIVISION, THE U.S. ATTORNEY’S OFFICE FOR THE DISTRICT OF MASSACHUSETTS, HOMELAND SECURITY INVESTIGATIONS NEW ENGLAND, AND THE FEDERAL BUREAU OF INVESTIGATIONS. FOR THE PROVISION OF VICTIM SERVICES, THE CAT TASK FORCE INTENDS TO PROVIDE A NEW ROUND OF SUBAWARDS TO ITS CURRENT SUBGRANTEES:


	BOSTON UNIVERSITY SCHOOL OF LAW IMMIGRANTS' RIGHTS AND HUMAN TRAFFICKING PROGRAM
	THE EDUCATION, VISION, ADVOCACY CENTER PROJECT OF CASA MYRNA VAZQUEZ, INC.
	GARDEN OF HOPE
	LIVING IN FREEDOM TOGETHER, INC.
	THE MY LIFE MY CHOICE PROGRAM OF JUSTICE RESOURCE INSTITUTE, INC.
	SOJOURNER HOUSE, INC.’S THEIA PROJECT
	THE SUPPORT TO END EXPLOITATION NOW PROGRAM OF THE CHILDREN’S ADVOCACY CENTER OF SUFFOLK COUNTY


 

THE CAT TASK FORCE UNDERTOOK THE FOLLOWING NUMBER OF HUMAN TRAFFICKING INVESTIGATIONS AND PROSECUTIONS IN THE LAST THREE FEDERAL FISCAL YEARS:


	FY2020
	
		INVESTIGATIONS: 1
		PROSECUTIONS: 5
	
	
	FY2021
	
		INVESTIGATIONS: 8
		PROSECUTIONS: 5
	
	
	FY2022
	
		INVESTIGATIONS: 7
		PROSECUTIONS: 2
	
	


 

THE CAT TASK FORCE SERVED 29 TRAFFICKING VICTIMS OVER THE LAST THREE FEDERAL FISCAL YEARS. THE FOLLOWING IS A YEARLY BREAKDOWN OF VICTIMS RECEIVING SERVICES (BOTH ACTIVE AND NEW VICTIMS):


	FY2020: 6
	FY2021: 27
	FY2022: 29",MA,MA07000,252,department-of-justice,ASST_NON_15POVC22GK03659HT_015,True
231635193,15POVC22GK03656HT,COVENANT HOUSE NEW ORLEANS,2022-10-01,2026-09-30,750000.0,Department of Justice,Office of Justice Programs,16.320,"THE GREATER NEW ORLEANS HUMAN TRAFFICKING TASK FORCE (GNOHTTF) WILL EXPAND OPERATIONS AND PARTNERSHIPS, IMPLEMENT A SUSTAINABILITY PLAN, AND ASSIST THE OFFICE OF JUSTICE (OJP) IN BUILDING CAPACITY IN THE FIELD. THE LEAD LAW ENFORCEMENT APPLICANT, ORLEANS PARISH DISTRICT ATTORNEY (OPDA), AND THE LEAD VICTIM SERVICE PROVIDER APPLICANT, COVENANT HOUSE NEW ORLEANS (CHNO), ARE CO- ADMINISTERING THE PROJECT FOR THE THREE-YEAR PERIOD. OPDA IS REQUESTING $750,000 AND CHNO IS REQUESTING $750,000 FOR A COMBINED ASK OF $1.5 MILLION. OPDA AND CHNO WILL COLLABORATE WITH THE FEDERAL BUREAU OF INVESTIGATION (FBI), HOMELAND SECURITY INVESTIGATIONS (HSI) AND UNITED STATES ATTORNEY'S OFFICE FOR THE EASTERN DISTRICT OF LOUISIANA (USAO) AS MEMBERS OF THE GNOHTTF CORE TEAM. THE GNOHTTF MISSION IS TO COMBAT HUMAN TRAFFICKING THROUGH SEAMLESS VICTIM-CENTERED COLLABORATION BETWEEN LAW ENFORCEMENT AND SERVICE PROVIDERS. SERVICE PROVIDERS THAT COLLABORATE WITH GNOHTTF ARE LOCATED IN JEFFERSON AND ORLEANS (COTERMINOUS WITH THE CITY OF NEW ORLEANS) PARISHES, WHICH ACCEPT CLIENT REFERRALS FROM SURROUNDING PARISHES IN THE GREATER NEW ORLEANS METROPOLITAN AREA (PLAQUEMINES, ST. BERNARD, ST. CHARLES, ST. JAMES, ST. JOHN THE BAPTIST AND ST. TAMMANY). THERE WAS A TOTAL OF 386 TRAFFICKING INVESTIGATIONS REPORTED TO OJP FOR THE FY2018 ECM GRANT CYCLE, AND A TOTAL OF 34 PROSECUTIONS. THE NUMBER OF VICTIMS SERVED BY CHNO AND THE FUNDED PARTNERS IS AN AGGREGATE OF 319 VICTIMS FOR THE LAST THREE YEARS AS REPORTED TO THE OFFICE FOR VICTIMS OF CRIMES. VICTIM SERVICE PROVIDERS REPORTED THAT 11% OF THE TOTAL OPEN CLIENT CASES SERVED WERE EXCLUSIVELY LABOR TRAFFICKING VICTIMS DURING THIS CURRENT GRANT FUNDING CYCLE, WHICH IS A 112% INCREASE OVER THE PREVIOUS GRANT FUNDING CYCLE.",LA,LA55000,252,department-of-justice,ASST_NON_15POVC22GK03656HT_015,True
231635192,15POVC22GK03655HT,ORLEANS PARISH DISTRICT ATTORNEY,2022-10-01,2026-09-30,750000.0,Department of Justice,Office of Justice Programs,16.320,"THE GREATER NEW ORLEANS HUMAN TRAFFICKING TASK FORCE (GNOHTTF) WILL EXPAND OPERATIONS AND PARTNERSHIPS, IMPLEMENT A SUSTAINABILITY PLAN, AND ASSIST THE OFFICE OF JUSTICE (OJP) IN BUILDING CAPACITY IN THE FIELD. THE LEAD LAW ENFORCEMENT APPLICANT, ORLEANS PARISH DISTRICT ATTORNEY (OPDA), AND THE LEAD VICTIM SERVICE PROVIDER APPLICANT, COVENANT HOUSE NEW ORLEANS (CHNO), ARE CO- ADMINISTERING THE PROJECT FOR THE THREE-YEAR PERIOD. OPDA IS REQUESTING $750,000 AND CHNO IS REQUESTING $750,000 FOR A COMBINED ASK OF $1.5 MILLION. OPDA AND CHNO WILL COLLABORATE WITH THE FEDERAL BUREAU OF INVESTIGATION (FBI), HOMELAND SECURITY INVESTIGATIONS (HSI) AND UNITED STATES ATTORNEY'S OFFICE FOR THE EASTERN DISTRICT OF LOUISIANA (USAO) AS MEMBERS OF THE GNOHTTF CORE TEAM. THE GNOHTTF MISSION IS TO COMBAT HUMAN TRAFFICKING THROUGH SEAMLESS VICTIM-CENTERED COLLABORATION BETWEEN LAW ENFORCEMENT AND SERVICE PROVIDERS. SERVICE PROVIDERS THAT COLLABORATE WITH GNOHTTF ARE LOCATED IN JEFFERSON AND ORLEANS (COTERMINOUS WITH THE CITY OF NEW ORLEANS) PARISHES, WHICH ACCEPT CLIENT REFERRALS FROM SURROUNDING PARISHES IN THE GREATER NEW ORLEANS METROPOLITAN AREA (PLAQUEMINES, ST. BERNARD, ST. CHARLES, ST. JAMES, ST. JOHN THE BAPTIST AND ST. TAMMANY). THERE WAS A TOTAL OF 386 TRAFFICKING INVESTIGATIONS REPORTED TO OJP FOR THE FY2018 ECM GRANT CYCLE, AND A TOTAL OF 34 PROSECUTIONS. THE NUMBER OF VICTIMS SERVED BY CHNO AND THE FUNDED PARTNERS IS AN AGGREGATE OF 319 VICTIMS FOR THE LAST THREE YEARS AS REPORTED TO THE OFFICE FOR VICTIMS OF CRIMES. VICTIM SERVICE PROVIDERS REPORTED THAT 11% OF THE TOTAL OPEN CLIENT CASES SERVED WERE EXCLUSIVELY LABOR TRAFFICKING VICTIMS DURING THIS CURRENT GRANT FUNDING CYCLE, WHICH IS A 112% INCREASE OVER THE PREVIOUS GRANT FUNDING CYCLE.",LA,LA55000,252,department-of-justice,ASST_NON_15POVC22GK03655HT_015,True
231635098,15POVC22GG03715MINO,"THARROS PLACE, INC.",2022-10-01,2025-09-30,750000.0,Department of Justice,Office of Justice Programs,16.320,"THARROS PLACE WILL DEVELOP A 12-BED RAPID REHOUSING FACILITY FOR MINOR FEMALE VICTIMS OF HUMAN TRAFFICKING, AGES 11-17, IN SAVANNAH, CHATHAM COUNTY, GEORGIA. THE FACILITY WILL MEET BOTH EMERGENCY/RAPID AND LONG-TERM HOUSING NEEDS, WITH THE ABILITY TO PLACE YOUNG VICTIMS IN CRISIS WHILE ALSO MEETING LONG-TERM NEEDS TO TRANSITION TO LIFE BEYOND TRAFFICKING. THE FOUR PRIMARY OBJECTIVES FOR THARROS PLACE ARE TO (1) PROVIDE SAFE AND SECURE HOUSING; (2) LEVERAGE COMMUNITY RESOURCES; (3) EQUIP RESIDENTS FOR INDEPENDENCE; AND (4) ENGAGE AND EDUCATE THE COMMUNITY ABOUT HUMAN TRAFFICKING, ALL THROUGH A LENS OF TRAUMA AND RACIAL EQUITY. THARROS PLACE WILL PARTNER WITH HOPE COURT, A CHATHAM COUNTY JUVENILE TREATMENT COURT THAT IDENTIFIES MINOR VICTIMS OF HUMAN TRAFFICKING WITHIN THE JUVENILE JUSTICE SYSTEM AND PROVIDES RESTORATIVE PRACTICES.",GA,GA69000,252,department-of-justice,ASST_NON_15POVC22GG03715MINO_015,True
231634741,15POVC21GK04106HT,"FAMILY SUPPORT LINE OF DELAWARE COUNTY, INC.",2021-10-01,2025-03-31,750000.0,Department of Justice,Office of Justice Programs,16.320,"COMBATING HUMAN TRAFFICKING IN DELAWARE COUNTY, PENNSYLVANIA USING AN ENHANCED COLLABORATION",PA,PA48480,252,department-of-justice,ASST_NON_15POVC21GK04106HT_015,True
231634737,15POVC21GK04097HT,THE SALVATION ARMY METROPOLITAN DIVISION,2021-10-01,2025-09-30,750000.0,Department of Justice,Office of Justice Programs,16.320,COOK COUNTY HUMAN TRAFFICKING TASK FORCE,IL,IL14000,252,department-of-justice,ASST_NON_15POVC21GK04097HT_015,True
231634736,15POVC21GK04094HT,COUNTY OF COOK,2021-10-01,2025-09-30,750000.0,Department of Justice,Office of Justice Programs,16.320,COOK COUNTY ENHANCED COLLABORATIVE MODEL TASK FORCE TO COMBAT HUMAN TRAFFICKING,IL,IL14000,252,department-of-justice,ASST_NON_15POVC21GK04094HT_015,True
231634733,15POVC21GK04088HT,"THE CONNECTICUT CHILDREN'S ALLIANCE, INC",2021-10-01,2025-09-30,750000.0,Department of Justice,Office of Justice Programs,16.320,REGIONALIZED HUMAN TRAFFICKING RECOVERY TASKFORCE,CT,CT37000,252,department-of-justice,ASST_NON_15POVC21GK04088HT_015,True
231634732,15POVC21GK04086HT,NORTH DAKOTA ATTORNEY GENERAL,2021-10-01,2025-09-30,750000.0,Department of Justice,Office of Justice Programs,16.320,NORTH DAKOTA HUMAN TRAFFICKING,ND,ND07200,252,department-of-justice,ASST_NON_15POVC21GK04086HT_015,True
231634731,15POVC21GK04084HT,PREVENT CHILD ABUSE ND,2021-10-01,2024-09-30,750000.0,Department of Justice,Office of Justice Programs,16.320,EXPANDING HUMAN TRAFFICKING TASK FORCE EFFECTIVENESS - NORTH DAKOTA,ND,ND07200,252,department-of-justice,ASST_NON_15POVC21GK04084HT_015,True
231634726,15POVC21GK04074HT,"INTERNATIONAL RESCUE COMMITTEE, INC.",2021-10-01,2025-03-31,750000.0,Department of Justice,Office of Justice Programs,16.320,EXPANDED SOUTH FLORIDA HUMAN TRAFFICKING TASK FORCE,FL,FL45000,252,department-of-justice,ASST_NON_15POVC21GK04074HT_015,True
231634722,15POVC21GK04069HT,"ALASKA NATIVE JUSTICE CENTER, INC",2021-10-01,2024-09-30,750000.0,Department of Justice,Office of Justice Programs,16.320,STRENGTHENING SERVICES THROUGH ACTION,AK,AK03000,252,department-of-justice,ASST_NON_15POVC21GK04069HT_015,True
231634721,15POVC21GK04068HT,KENT COUNTY,2021-10-01,2024-09-30,750000.0,Department of Justice,Office of Justice Programs,16.320,OVC FY2021 ENHANCED COLLABORATIVE MODEL: SEE HUMAN TRAFFICKING TASK FORCE,MI,MI34000,252,department-of-justice,ASST_NON_15POVC21GK04068HT_015,True
231634719,15POVC21GK04066HT,KINGS COUNTY DISTRICT ATTORNEY,2021-10-01,2025-09-30,750000.0,Department of Justice,Office of Justice Programs,16.320,BROOKLYN HUMAN TRAFFICKING TASK FORCE (BKHTTF),NY,NY10021,252,department-of-justice,ASST_NON_15POVC21GK04066HT_015,True
231634718,15POVC21GK04065HT,"SAFE HORIZON, INC.",2021-10-01,2025-09-30,750000.0,Department of Justice,Office of Justice Programs,16.320,BROOKLYN HUMAN TRAFFICKING TASK FORCE ENHANCED COLLABORATIVE MODEL APPLICATION,NY,NY51000,252,department-of-justice,ASST_NON_15POVC21GK04065HT_015,True
231634717,15POVC21GK04064HT,SEATTLE POLICE DEPARTMENT,2021-10-01,2025-09-30,750000.0,Department of Justice,Office of Justice Programs,16.320,WASHINGTON ADVISORY COMMITTEE ON TRAFFICKING (WASHACT),WA,WA63000,252,department-of-justice,ASST_NON_15POVC21GK04064HT_015,True
231634716,15POVC21GK04063HT,COUNTY OF SANTA CLARA,2021-10-01,2026-02-28,749999.68,Department of Justice,Office of Justice Programs,16.320,THE SANTA CLARA COUNTY LAW ENFORCEMENT INVESTIGATING HUMAN TRAFFICKING TASKFORCE 2.0 (LEIHT),CA,CA68000,252,department-of-justice,ASST_NON_15POVC21GK04063HT_015,True
231635201,15POVC22GK03665HT,COMM OF MASS DEPT OF THE ATTORNEY GENERAL,2022-10-01,2026-09-30,749999.0,Department of Justice,Office of Justice Programs,16.320,"THE COMMONWEALTH’S ANTI-TRAFFICKING (CAT) TASK FORCE WAS CREATED UNDER CATEGORY 1 (NOW PURPOSE AREA 1) ENHANCED COLLABORATIVE MODEL (ECM) TASK FORCE TO COMBAT HUMAN TRAFFICKING GRANTS FROM BOTH THE OFFICE FOR VICTIMS OF CRIME AND THE BUREAU OF JUSTICE ASSISTANCE IN OCTOBER 2019. SINCE THE INITIAL GRANT AWARD, THE CAT TASK FORCE HAS GROWN FROM A PROPOSAL TO THE ONLY STATEWIDE HUMAN TRAFFICKING TASK FORCE IN MASSACHUSETTS. THE CAT TASK FORCE IS CO-LED BY THE MASSACHUSETTS ATTORNEY GENERAL’S OFFICE’S (MAGO’S) HUMAN TRAFFICKING DIVISION (HTD) AS LEAD LAW ENFORCEMENT GRANTEE AND ITS VICTIM SERVICES DIVISION (VSD) AS LEAD VICTIM SERVICES GRANTEE. THE MAGO REQUESTS $750,000.00 IN FEDERAL AWARD FOR LAW ENFORCEMENT AND $749,999.02 IN FEDERAL AWARD FOR VICTIM SERVICES TO CONTINUE ITS WORK AS A PURPOSE AREA 2 TASK FORCE. 

 

AS A PURPOSE AREA 2 TASK FORCE, THE CAT TASK FORCE WILL LEVERAGE ITS CLEAR CO-LEADERSHIP STRUCTURE TO CONTINUE TO DELIVER BOTH TRAUMA-INFORMED INVESTIGATIONS AND VICTIM-CENTERED SERVICES. THE TASK FORCE WILL ALSO FOCUS ON EXPANSION OF OPERATIONS AND PARTNERSHIPS WHILE REFINING ITS EXISTING PROTOCOLS. FOR LAW ENFORCEMENT ACTIVITIES, THE CAT TASK FORCE WILL CONTINUE FORMALIZED PARTNERSHIPS WITH THE MASSACHUSETTS STATE POLICE DETECTIVE UNIT ASSIGNED TO THE MAGO, THE MAGO’S FAIR LABOR DIVISION, THE U.S. ATTORNEY’S OFFICE FOR THE DISTRICT OF MASSACHUSETTS, HOMELAND SECURITY INVESTIGATIONS NEW ENGLAND, AND THE FEDERAL BUREAU OF INVESTIGATIONS. FOR THE PROVISION OF VICTIM SERVICES, THE CAT TASK FORCE INTENDS TO PROVIDE A NEW ROUND OF SUBAWARDS TO ITS CURRENT SUBGRANTEES:


	BOSTON UNIVERSITY SCHOOL OF LAW IMMIGRANTS' RIGHTS AND HUMAN TRAFFICKING PROGRAM
	THE EDUCATION, VISION, ADVOCACY CENTER PROJECT OF CASA MYRNA VAZQUEZ, INC.
	GARDEN OF HOPE
	LIVING IN FREEDOM TOGETHER, INC.
	THE MY LIFE MY CHOICE PROGRAM OF JUSTICE RESOURCE INSTITUTE, INC.
	SOJOURNER HOUSE, INC.’S THEIA PROJECT
	THE SUPPORT TO END EXPLOITATION NOW PROGRAM OF THE CHILDREN’S ADVOCACY CENTER OF SUFFOLK COUNTY


 

THE CAT TASK FORCE UNDERTOOK THE FOLLOWING NUMBER OF HUMAN TRAFFICKING INVESTIGATIONS AND PROSECUTIONS IN THE LAST THREE FEDERAL FISCAL YEARS:


	FY2020

	
		INVESTIGATIONS: 1
		PROSECUTIONS: 5
	
	
	FY2021
	
		INVESTIGATIONS: 8
		PROSECUTIONS: 5
	
	
	FY2022
	
		INVESTIGATIONS: 7
		PROSECUTIONS: 2
	
	


 

THE CAT TASK FORCE SERVED 29 TRAFFICKING VICTIMS OVER THE LAST THREE FEDERAL FISCAL YEARS. THE FOLLOWING IS A YEARLY BREAKDOWN OF VICTIMS RECEIVING SERVICES (BOTH ACTIVE AND NEW VICTIMS):


	FY2020: 6
	FY2021: 27
	FY2022: 29",MA,MA07000,252,department-of-justice,ASST_NON_15POVC22GK03665HT_015,True
231634735,15POVC21GK04092HT,ASIAN ASSOCIATION OF UTAH,2021-10-01,2025-09-30,749970.76,Department of Justice,Office of Justice Programs,16.320,UTAH TRAFFICKING IN PERSONS (UTIP) TASK FORCE GRANT,UT,UT67000,252,department-of-justice,ASST_NON_15POVC21GK04092HT_015,True
231635760,15POVC23GK02729HT,"RIVERSIDE, COUNTY OF",2023-10-01,2026-09-30,749940.0,Department of Justice,Office of Justice Programs,16.320,"RIVERSIDE COUNTY IS THE FOURTH LARGEST COUNTY IN CALIFORNIA IN POPULATION SIZE AND GEOGRAPHICAL LANDMASS AND THE 10TH LARGEST COUNTY IN THE NATION. HUMAN TRAFFICKING, BOTH FOR LABOR AND SEX, IS A COMPLEX AND PERVASIVE ISSUE THAT POSES SIGNIFICANT CHALLENGES FOR IDENTIFYING, INVESTIGATING, AND PROSECUTING CASES IN RIVERSIDE COUNTY. BARBARA SINATRA CHILDRENS CENTER AT EISENHOWER (BSCC) AND THE RIVERSIDE COUNTY SHERIFFS DEPARTMENT (RCSD) ARE LOCATED IN RIVERSIDE COUNTY, CALIFORNIA. RCAHT IS SEEKING $750,000 ON BEHALF OF THE RIVERSIDE COUNTY SHERIFFS DEPARTMENT, THE LEAD LAW ENFORCEMENT AGENCY, AND $750,000 ON BEHALF OF THE BARBARA SINATRA CHILDRENS CENTER AT EISENHOWER, THE LEAD VICTIM SERVICE PROVIDER.

OF THE APPROXIMATELY 400 TIPS TO THE RIVERSIDE COUNTY ANTI HUMAN TRAFFICKING TASKFORCE ANNUALLY, ONLY THREE PERCENT ARE REPORTS OF LABOR TRAFFICKING. VICTIMS OF HUMAN TRAFFICKING OFTEN ARE AFRAID TO COME FORWARD. MEMBERS OF RCAHT HAVE THE PASSION, DEDICATION, AND CAPABILITY TO INVESTIGATE INCIDENTS OF LABOR TRAFFICKING. THE CHALLENGE LIES IN IDENTIFYING INCIDENTS THROUGHOUT THE VAST GEOGRAPHY OF RIVERSIDE COUNTY. VICTIM SERVICE PROVIDERS HAVE SERVED OVER 574 HUMAN TRAFFICKING VICTIMS SINCE OCTOBER 2019, WHILE RCAHT INVESTIGATIVE PERSONNEL HAVE WORKED ON OVER 473 LABOR TRAFFICKING AND SEX TRAFFICKING INVESTIGATIONS, WITH 46 CRIMINAL PROSECUTIONS OF TRAFFICKERS.

RCAHT BELIEVES A VICTIM-CENTERED APPROACH PUTS THE SURVIVORS NEEDS AND INTERESTS AT THE CENTER OF ALL WE DO AS A TASK FORCE. THIS INCLUDES AVOIDING THE ARREST, CHARGE, OR PROSECUTION OF HUMAN TRAFFICKING VICTIMS FOR ANY OFFENSE THAT IS THE DIRECT RESULT OF THEIR VICTIMIZATION. RCAHT WILL NEVER REQUIRE A VICTIM OF HUMAN TRAFFICKING TO COLLABORATE WITH LAW ENFORCEMENT AS A CONDITION OF ACCESS TO COMPREHENSIVE VICTIM SERVICES. RCAHT ACKNOWLEDGES THE NEED TO APPLY A DIVERSIFIED, MULTI-PRONGED APPROACH RELATED TO TRAINING AND OUTREACH TO INCREASE THE IDENTIFICATION AND REPORTING OF HUMAN TRAFFICKING IN ALL ITS FORMS. THIS PROPOSAL CREATES FIVE COORDINATED POSITIONS AS SUB-RECIPIENTS: A TASK FORCE COORDINATOR, LIVED EXPERIENCE ADVISORY BOARD, A BILINGUAL OUTREACH WORKER, AND RCAHT RESPONSE TEAM ADVOCATES. THIS GRANT PROPOSAL SEEKS TO EXPAND RCAHTS INTELLIGENCE NETWORK TO INCREASE THE IDENTIFICATION OF LABOR TRAFFICKING AND SEX TRAFFICKING VICTIMS AND ASSIST THEM TOWARDS SURVIVORSHIP.",CA,CA62000,252,department-of-justice,ASST_NON_15POVC23GK02729HT_015,True
234950375,2020VTBX0080,"AO: ADVOCATING OPPORTUNITY, INC.",2020-10-01,2024-09-30,749852.0,Department of Justice,Office of Justice Programs,16.320,ENHANCING THE SCOPE OF HOLISTIC LEGAL SERVICES FOR HUMAN TRAFFICKING VICTIMS IN OHIO AND TENNESSEE,OH,OH77000,252,department-of-justice,ASST_NON_2020VTBX0080_015,True
231634724,15POVC21GK04071HT,SAVING INNOCENCE INC,2021-10-01,2025-09-30,749719.0,Department of Justice,Office of Justice Programs,16.320,LA REGIONAL HUMAN TRAFFICKING TASKFORCE(LARHTTF),CA,CA44000,252,department-of-justice,ASST_NON_15POVC21GK04071HT_015,True
231635773,15POVC23GK02754HT,"THE INTERNATIONAL ORGANIZATION FOR ADOLESCENTS, INCORPORATED",2023-10-01,2026-09-30,749632.0,Department of Justice,Office of Justice Programs,16.320,"THE TASK FORCE WILL USE COMPREHENSIVE, TRAUMA-INFORMED APPROACHES, PROMOTE RACIAL EQUITY TO REMOVE BARRIERS TO ACCESS AMONG VULNERABLE COMMUNITIES. PROJECT ACTIVITIES: 1) CONDUCT PROACTIVE INVESTIGATIONS OF HUMAN TRAFFICKING; 2) EXPAND TASK FORCE PARTNERSHIPS TO UNDERSERVED, MARGINALIZED COMMUNITIES AND ORGANIZATIONS SERVING POPULATIONS AT RISK FOR LABOR TRAFFICKING; 3) EXPAND AND FORMALIZE SURVIVOR ENGAGEMENT AND MENTORING; 4) EXPAND ACCESS TO SERVICES FOR VICTIMS (IE. LABOR TRAFFICKING); 5) DEVELOP ACCESSIBLE, CULTURALLY APPROPRIATE, AND SURVIVOR-INFORMED POLICIES AND PROTOCOLS; 6) STRENGTHEN DATA COLLECTION AND ANALYSIS. EXPECTED OUTCOMES INCLUDE INCREASED: 1) NUMBER OF LAW ENFORCEMENT AND COMMUNITY PARTNERS TRAINED TO IDENTIFY AND REFER VICTIMS OF HUMAN TRAFFICKING; 2) RATE OF IDENTIFICATION OF INDIVIDUALS EXPERIENCING TRAFFICKING, ESPECIALLY LABOR TRAFFICKING; 3) NUMBER OF INDIVIDUALS EXPERIENCING HUMAN TRAFFICKING REFERRED FOR TRAUMA-INFORMED, SURVIVOR-INFORMED SERVICES; 4) NUMBER OF INVESTIGATIONS/PROSECUTIONS OF HUMAN TRAFFICKING CASES; 5) ENGAGEMENT/INPUT OF SURVIVORS IN TASK FORCE ACTIVITIES. 

THE SERVICE AREA OF WESTCHESTER COUNTY (1 MILLION POPULATION) IS A PRIME LOCATION FOR HUMAN TRAFFICKING DUE TO ITS PROXIMITY TO NEW YORK CITY, PANDEMIC MIGRANTS, IMMIGRANT POPULATION, AND INDUSTRIAL WORKER EXPANSION IN ITS 6 CITIES, 19 TOWNS, AND 23 VILLAGES. INTENDED BENEFICIARIES ARE VICTIMS/SURVIVORS OF HUMAN TRAFFICKING; LAW ENFORCEMENT; SERVICE PROVIDERS; AND UNDERSERVED, MARGINALIZED COMMUNITIES AT-RISK OF SEX AND LABOR TRAFFICKING IN WESTCHESTER COUNTY. SUBRECIPIENTS: NEIGHBORS LINK, MY SISTERS PLACE, AND SAVANNAH SANDERS, LLC WILL: 1) EXPAND EDUCATION AND TRAINING ON LABOR TRAFFICKING FOR LOW INCOME, IMMIGRANT COMMUNITIES; 2) INCREASE INTAKE AND CASE MANAGEMENT SERVICES FOR LABOR TRAFFICKING; AND 3) ESTABLISH A LIVED-EXPERIENCE ADVISORY COUNCIL. TRAINING WILL ALSO BE PROVIDED ON DIVERSITY, EQUITY, AND INCLUSION AND DISABILITY INCLUSION. FINALLY, SINCE 2020, THE TASK FORCE HAS CONDUCTED 66 INVESTIGATIONS AND PROSECUTIONS, AND IT IS ESTIMATED THAT SERVICE PROVIDERS HAVE SERVED AT LEAST 165 SURVIVORS OF HUMAN TRAFFICKING.",IL,IL14000,252,department-of-justice,ASST_NON_15POVC23GK02754HT_015,True
231634627,15POVC21GG04006MUMU,"EAC, INC",2021-10-01,2025-09-30,749230.95,Department of Justice,Office of Justice Programs,16.320,SAFE HARBOURÂS PROVIDING ASSISTANCE TOWARDS HEALING (PATH) PROGRAM,NY,NY28178,252,department-of-justice,ASST_NON_15POVC21GG04006MUMU_015,True
231634710,15POVC21GK04057HT,"COMMUNITY SOLUTIONS FOR CHILDREN, FAMILIES AND INDIVIDUALS",2021-10-01,2024-09-30,748016.67,Department of Justice,Office of Justice Programs,16.320,THE SANTA CLARA COUNTY LAW ENFORCEMENT INVESTIGATING HUMAN TRAFFICKING TASKFORCE 2.0 (LEIHT),CA,CA29504,252,department-of-justice,ASST_NON_15POVC21GK04057HT_015,True
234950387,2020VTBX0092,THE SALVATION ARMY,2020-10-01,2024-09-30,743516.22,Department of Justice,Office of Justice Programs,16.320,THE SALVATION ARMY NEW DAY TO STOP TRAFFICKING PROGRAM-VICTIM SERVICES,NY,NY80599,252,department-of-justice,ASST_NON_2020VTBX0092_015,True
231635194,15POVC22GK03657HT,ASIAN PACIFIC DEVELOPMENT CENTER OF COLORADO,2022-10-01,2025-09-30,742509.0,Department of Justice,Office of Justice Programs,16.320,"THE DENVER DISTRICT ATTORNEY’S OFFICE (DDA) AND THE ASIAN PACIFIC DEVELOPMENT CENTER (APDC) JOINTLY REQUEST FUNDING TO ENHANCE THE EXISTING DENVER ANTI-TRAFFICKING ALLIANCE (DATA)/ENHANCED COLLABORATIVE MODEL (ECM) TASK FORCE. THE PROJECT WILL EXPAND THE TASK FORCE CAPABILITIES TO IMPLEMENT VICTIM-CENTERED, COORDINATED APPROACHES TO IDENTIFYING VICTIMS OF HUMAN TRAFFICKING, INVESTIGATE AND PROSECUTE SEX AND LABOR TRAFFICKING CASES, AND ADDRESS THE INDIVIDUALIZED NEEDS OF VICTIMS THROUGH SERVICE PROVISION IN THE METRO DENVER AREA. THE OVERALL GOAL IS TO ENHANCE AND SUSTAIN A MULTIDISCIPLINARY CO-LEADERSHIP TASK FORCE APPROACH TO IDENTIFY ALL FORMS OF HUMAN TRAFFICKING, PROVIDE ACCESS TO SERVICES, AND INVESTIGATE AND PROSECUTE TRAFFICKERS AT THE LOCAL, STATE, AND FEDERAL LEVELS. BY EXPANDING THE TASK FORCE GEOGRAPHIC LOCATION AND MEMBERSHIP, IT IS EXPECTED THAT ADDITIONAL VICTIMS WILL BE IDENTIFIED AND SERVED, AND THERE WILL BE AN INCREASE IN THE NUMBER OF INVESTIGATIONS AND PROSECUTIONS OF TRAFFICKERS. THE PROJECT WILL CREATE A FOCUS ON MEANINGFUL SURVIVOR ENGAGEMENT AND MARGINALIZED COMMUNITIES, AS WELL AS A DEDICATED EFFORT TO ADDRESS LABOR TRAFFICKING. AN EXTERNAL EVALUATION WILL GUIDE PROJECT IMPLEMENTATION. THESE ENHANCEMENTS WILL RESULT IN LONG TERM SYSTEMS CHANGE, AN INCREASE IN COMPREHENSIVE SERVICES FOR VICTIMS OF HUMAN TRAFFICKING, AND ULTIMATELY THE REDUCTION AND PREVENTION OF HUMAN TRAFFICKING.

THIS PROPOSAL IS REQUESTING PRIORITY CONSIDERATION FOR PRIORITY AREA B. 

STATE/GEOGRAPHICAL AREA: THE PROPOSED PROJECT WILL BE LOCATED IN THE STATE OF COLORADO, SERVING THE METRO DENVER AREA. COVERING 154.6 SQUARE MILES, METRO DENVER MAKES UP SLIGHTLY MORE THAN HALF (55%) OF THE STATE’S ENTIRE POPULATION AND ENCOMPASSES THE CITIES OF DENVER, AURORA AND LAKEWOOD WITH A POPULATION OF NEARLY THREE MILLION PEOPLE. 

FUNDING REQUEST: THE DDA IS REQUESTING $750,000 AND APDC IS REQUESTING  $742,509 FOR THE PROPOSED PROJECT, FOR A TOTAL OF $1,492,509 MILLION DOLLARS.   

INVESTIGATIONS: DDA AND PARTNER THE DENVER POLICE DEPARTMENT INVESTIGATED THE FOLLOWING NUMBERS OF HUMAN TRAFFICKING INCIDENTS:  58 IN 2019; 87 IN 2020; AND 308 IN 2021. PROSECUTIONS: THE DDA FILED 15 CASES OF HUMAN TRAFFICKING IN 2019 (7 SEX; 2 LABOR, AND 6 SEX AND LABOR); 10 IN 2020 (1 LABOR; 9 SEX AND LABOR); AND 15 IN 2021 (15 SEX AND LABOR TRAFFICKING). VICTIMS SERVED: VICTIM SERVICE PROVIDER APDC SERVED 8 HUMAN TRAFFICKING VICTIMS IN 2019 (5 LABOR, 2 SEX, 1 SEX AND LABOR), 35 IN 2020 (11 LABOR, 21 SEX, 1 SEX AND LABOR, 1 UNKNOWN), AND 45 IN 2021 (15 LABOR, 23 SEX, 5 SEX AND LABOR, 2 UNKNOWN).",CO,CO04000,252,department-of-justice,ASST_NON_15POVC22GK03657HT_015,True
231635726,15POVC23GG04101HT,"COMMUNITY WORKS, INC.",2023-10-01,2027-09-30,740000.0,Department of Justice,Office of Justice Programs,16.320,"COMMUNITY WORKS WILL IMPLEMENT THE OFFICE FOR VICTIMS OF CRIME: SERVICES FOR VICTIMS OF HUMAN TRAFFICKING PROJECT TO PROVIDE SERVICES TO VICTIMS OF LABOR AND SEX TRAFFICKING IN JACKSON COUNTY, OREGON. PROJECT ACTIVITIES INCLUDE PROVIDING CRISIS INTERVENTION AND LONG-TERM ADVOCACY SERVICES FOR VICTIMS OF LABOR AND SEX TRAFFICKING; FACILITATING AND COORDINATING THE MULTIDISCIPLINARY COUNTY-WIDE TASK FORCE TO ADDRESS AND INTERVENE IN HUMAN TRAFFICKING; IMPROVING TRAINING, EDUCATION, AND COMMUNITY AWARENESS OF THE ISSUE OF HUMAN TRAFFICKING; AND ENSURING PERPETRATORS OF TRAFFICKING ARE HELD ACCOUNTABLE WHILE VICTIMS OF TRAFFICKING ARE RECEIVING SUPPORTIVE SERVICES. THE INTENTION WILL BE TO CONTINUE PROVIDING THESE SERVICES FOR SEX TRAFFICKING THAT HAVE SHOWN GREAT SUCCESS, BUT ALSO STRATEGICALLY EXPAND TO INCLUDE LABOR TRAFFICKING TO ADDRESS THIS GROWING AND PERVASIVE PROBLEM OF THE EXPLOITATION OF WORKERS, MOSTLY UNDOCUMENTED OR MIGRANT WORKERS, IN JACKSON COUNTY. A MULTIPRONGED, WRAPAROUND APPROACH ENSURES VICTIMS ARE AT THE FOREFRONT ON MULTIPLE LEVELS, AND COMPREHENSIVE, ACTIONABLE STEPS ARE TAKEN FROM MANY ANGLES. EXPECTED OUTCOMES INCLUDE: INCREASE THE SAFETY AND WELL-BEING OF VICTIMS OF HUMAN TRAFFICKING BY PROVIDING DIRECT SUPPORTIVE SERVICES TO VICTIMS, EXPAND HUMAN TRAFFICKING SERVICES IN JACKSON COUNTY TO INCLUDE BOTH SEX AND LABOR, PROVIDE A VICTIM SERVICES 24/7 HOTLINE AND SHELTER TO VICTIMS OF TRAFFICKING, PROVIDE A 24/7 ADVOCACY RESPONSE TO VICTIMS OF TRAFFICKING WHEN THEY PRESENT AT A HOSPITAL OR WITH LAW ENFORCEMENT, INCREASE THE UNDERSTANDING OF SEX AND LABOR TRAFFICKING WITHIN THE COMMUNITY AND FOR SERVICE PROVIDERS THROUGH EVIDENCE-BASED TRAINING ON THE DYNAMICS AND PREVALENCE OF THE ISSUE, AND HOLD AN ANNUAL SYMPOSIUM FOR THE COMMUNITY AND SERVICE PROVIDERS WITH NATIONAL AND LOCAL EXPERTS TO BRING AWARENESS AND EDUCATION TO THE ISSUE ON BOTH MACRO AND MICRO LEVELS. VICTIMS OF HUMAN TRAFFICKING ARE THE INTENDED BENEFICIARIES OF THE PROJECT, AND IT IS WITH EACH OF THESE OUTCOMES THAT VICTIMS SAFETY IS AT THE CORE.",OR,OR47000,252,department-of-justice,ASST_NON_15POVC23GG04101HT_015,True
231634658,15POVC21GG04239HT,"GULFCOAST LEGAL SERVICES, INC",2021-10-01,2025-09-30,739765.61,Department of Justice,Office of Justice Programs,16.320,GLS HUMAN TRAFFICKING JUSTICE PROJECT,FL,FL99999,252,department-of-justice,ASST_NON_15POVC21GG04239HT_015,True
234950402,2020VTBX0107,ASIAN ASSOCIATION OF UTAH,2020-10-01,2024-09-30,737302.27,Department of Justice,Office of Justice Programs,16.320,ENHANCED LABOR TRAFFICKING SERVICES (ELTS) PROJECT,UT,UT67000,252,department-of-justice,ASST_NON_2020VTBX0107_015,True
234950439,2020VTBXK028,TARRANT COUNTY,2020-10-01,2024-03-31,736213.78,Department of Justice,Office of Justice Programs,16.320,TARRANT COUNTY HUMAN TRAFFICKING TASK FORCE,TX,TX27000,252,department-of-justice,ASST_NON_2020VTBXK028_015,True
231634734,15POVC21GK04090HT,ATTORNEY GENERAL UTAH OFFICE OF,2021-10-01,2025-09-30,736073.0,Department of Justice,Office of Justice Programs,16.320,UTAH TRAFFICKING IN PERSONS(UTIP)TASK FORCE,UT,UT67000,252,department-of-justice,ASST_NON_15POVC21GK04090HT_015,True
231634740,15POVC21GK04104HT,COUNTY OF LAKE,2021-10-01,2025-09-30,731691.39,Department of Justice,Office of Justice Programs,16.320,LAKE COUNTY HUMAN TRAFFICKING TASK FORCE,IL,IL79293,252,department-of-justice,ASST_NON_15POVC21GK04104HT_015,True
231634742,15POVC21GK04108HT,LAKE COUNTY CRISIS CENTER FOR THE PREVENTION & TREATMENT OF DOMESTIC VIOLENCE INC,2021-10-01,2025-09-30,731579.02,Department of Justice,Office of Justice Programs,16.320,LAKE COUNTY HUMAN TRAFFICKING TASKFORCE,IL,IL84220,252,department-of-justice,ASST_NON_15POVC21GK04108HT_015,True
231634739,15POVC21GK04102HT,"ST. LOUIS COUNTY, MISSOURI",2021-10-01,2024-09-30,729661.22,Department of Justice,Office of Justice Programs,16.320,"TASK FORCE NAME

EASTERN DISTRICT OF MISSOURI HUMAN TRAFFICKING TASK FORCE

 

GEOGRAPHIC AREA

FEDERAL EASTERN DISTRICT OF MISSOURI

 

PURPOSE AREA

CATEGORY 2: EXISTING HUMAN TRAFFICKING TASK FORCES

 

LAW ENFORCEMENT APPLICANT

ST. LOUIS COUNTY POLICE DEPARTMENT     

 

VICTIM SERVICE APPLICANT

INTERNATIONAL INSTITUTE OF METROPOLITAN ST. LOUIS",MO,MO99999,252,department-of-justice,ASST_NON_15POVC21GK04102HT_015,True
231634727,15POVC21GK04076HT,MIAMI-DADE COUNTY,2021-10-01,2025-09-30,727756.31,Department of Justice,Office of Justice Programs,16.320,EXPANDED SOUTH FLORIDA HUMAN TRAFFICKING TASK FORCE,FL,FL17935,252,department-of-justice,ASST_NON_15POVC21GK04076HT_015,True
231635670,15POVC23GG04043HT,ALTERNATIVES FOR GIRLS,2023-10-01,2026-09-30,723821.0,Department of Justice,Office of Justice Programs,16.320,"ALTERNATIVES FOR GIRLS (AFG) IS A DETROIT-BASED NON-PROFIT THAT SERVES HOMELESS, RUNAWAY, HUMAN-TRAFFICKED, AND AT-RISK GIRLS/WOMEN OF COLOR. THROUGH THE SAFE CHOICES NEW CHOICES HOUSING STABILITY SERVICES (SCNC HSS), AFG FUNDING TO SUPPORT THE FOLLOWING: 1) ENHANCED RAPID REHOUSING SERVICES FOR A MINIMUM OF 15 SEX AND LABOR HUMAN TRAFFICKING VICTIMS, INCLUDING SHORT-TERM RENTAL SUBSIDIES (6-24 MONTHS), HOUSING NAVIGATION, LANDLORD ENGAGEMENT, AND TRAUMA-INFORMED, CULTURALLY RESPONSIVE, AND VICTIM-CENTERED CASE MANAGEMENT FOCUSED ON MAINTAINING SAFE, STABLE HOUSING; 2) PROVISION OF VOLUNTARY ESSENTIAL SUPPORT SERVICES AND PERSONAL ADVOCACY, FACILITATING CONNECTIONS TO MAINSTREAM RESOURCES AND PROMOTING SELF-SUFFICIENCY; 3) COMMUNITY EDUCATION ON HUMAN TRAFFICKING FOR STAKEHOLDERS IN THE COMMUNITY AND HOUSING SYSTEM, INCREASING AWARENESS AND ADDRESSING THE COMPREHENSIVE NEEDS OF VICTIMS; 4) COLLABORATION WITH FEDERAL, STATE, AND LOCAL AGENCIES, THE DETROIT CONTINUUM OF CARE AND OTHER HUMAN TRAFFICKING COALITIONS, LAW ENFORCEMENT, LANDLORDS/HOUSING SYSTEMS, AND ALLIED PROFESSIONALS TO SHARE OUTCOMES AND CARRY OUT BEST PRACTICES, AND 5) PROMOTION OF RACIAL EQUITY AND REMOVAL OF SERVICE BARRIERS THROUGH THE INVOLVEMENT OF HUMAN TRAFFICKING VICTIMS IN PROGRAM DESIGN, IMPLEMENTATION, EVALUATION, AND AGENCY/COMMUNITY COLLABORATIVES.",MI,MI22000,252,department-of-justice,ASST_NON_15POVC23GG04043HT_015,True
231635130,15POVC22GG03796HT,"SOJOURNER HOUSE, INC.",2022-10-01,2026-09-30,723619.0,Department of Justice,Office of Justice Programs,16.320,"THE OVERALL PURPOSE OF SOJOURNER HOUSE’S ENHANCING SERVICES FOR VICTIMS OF HUMAN TRAFFICKING IN RHODE ISLAND PROGRAM IS TO ENHANCE AND EXPAND TRAUMA-INFORMED SERVICES FOR VICTIMS OF HUMAN TRAFFICKING TO HELP THEM ACHIEVE INCREASED SAFETY, INDEPENDENCE, AND WELL-BEING. UNDER THIS PROGRAM, THE SOJOURNER HOUSE WILL IMPLEMENT THE FOLLOWING ACTIVITIES: 1) PROVIDE A BROADER RANGE AND GREATER INTENSITY OF TRAUMA-INFORMED DIRECT SERVICES TO MEET THE INDIVIDUAL NEEDS OF VICTIMS OF TRAFFICKING IN RI; 2) COLLABORATE WITH AND PROVIDE TRAINING FOR LOCAL PARTNERS (SERVICE PROVIDERS, LAW ENFORCEMENT, COMMUNITY AND FAITH-BASED ORGANIZATIONS, ETC.) TO ENSURE TRAFFICKING VICTIMS ARE PROPERLY IDENTIFIED AND REFERRED FOR APPROPRIATE SERVICES; 3) PROVIDE REFERRALS FOR VICTIMS AND WARM HAND-OFFS TO OTHER ESSENTIAL SERVICES; AND 4) COLLECT ACCURATE DATA AND PARTICIPATE IN EVALUATION ACTIVITIES TO DETERMINE IF THE PROJECT IS MEETING THE STATED GOALS. THE ENHANCED SERVICES FOR VICTIMS WILL INCLUDE: CASE MANAGEMENT, PEER SUPPORT FOR SUBSTANCE ABUSE RECOVERY, SUBSTANCE ABUSE COUNSELING, IMMIGRATION LEGAL ASSISTANCE, FINANCIAL EDUCATION, ASSISTANCE WITH BASIC NEEDS, HOUSING SUPPORT/ASSISTANCE, AND CLINICAL COUNSELING AND SUPPORT GROUPS. THE INTENDED OUTCOME IS ENHANCED ACCESS FOR VICTIMS OF HUMAN TRAFFICKING TO THE DIVERSE SERVICES THEY OFTEN REQUIRE TO ACHIEVE INCREASED SAFETY, INDEPENDENCE, AND WELL-BEING. THIS PROGRAM WILL HAVE STATEWIDE REACH THROUGHOUT RI, WITH TARGETED FOCUS IN PROVIDENCE, WOONSOCKET, AND CENTRAL FALLS. IN ADDITION, THE PROGRAM WILL SERVE THOSE FROM OTHER STATES WHEN REFERRED DUE TO SAFETY CONCERNS OR A LACK OF AVAILABLE SERVICES. THE INTENDED BENEFICIARIES ARE ADULTS (OVER AGE 18) WHO ARE VICTIMS OF HUMAN TRAFFICKING FOR SEX AND/OR LABOR. THIS PROGRAM WILL TARGET YOUNG PEOPLE AGES 18-25, UNDOCUMENTED AND REFUGEE VICTIMS, AND VICTIMS WHO ARE LGBTQ+. SOJOURNER HOUSE ALREADY HAS PROGRAMMING SPECIFICALLY DEDICATED TO THESE VULNERABLE POPULATIONS AND STAFF WHO ARE KNOWLEDGEABLE ABOUT THEIR UNIQUE NEEDS.",RI,RI51940,252,department-of-justice,ASST_NON_15POVC22GG03796HT_015,True
231634729,15POVC21GK04080HT,INTERNATIONAL INSTITUTE OF METROPOLITAN ST. LOUIS,2021-10-01,2024-12-31,722957.0,Department of Justice,Office of Justice Programs,16.320,IISTL - EXPANDING HUMAN TRAFFICKING TASK FORCE EFFECTIVENESS,MO,MO65000,252,department-of-justice,ASST_NON_15POVC21GK04080HT_015,True
231634725,15POVC21GK04072HT,COUNTY OF LOS ANGELES,2021-10-01,2025-01-31,715488.01,Department of Justice,Office of Justice Programs,16.320,LA REGIONAL HUMAN TRAFFICKING TASK FORCE (LARHTTF),CA,CA44000,252,department-of-justice,ASST_NON_15POVC21GK04072HT_015,True
231634713,15POVC21GK04060HT,"INTERNATIONAL RESCUE COMMITTEE, INC.",2021-10-01,2025-09-30,712902.0,Department of Justice,Office of Justice Programs,16.320,SEATTLE ENHANCED COLLABORATIVE MODEL TO COMBAT HUMAN TRAFFICKING,WA,WA63000,252,department-of-justice,ASST_NON_15POVC21GK04060HT_015,True
231635135,15POVC22GG03845HT,DEE NORTON LOWCOUNTRY CHILDRENS CENTER INC,2022-10-01,2025-09-30,704240.0,Department of Justice,Office of Justice Programs,16.320,"THE IMPROVING MULTIDISCIPLINARY PARTNERSHIPS TO ADDRESS CHILD TRAFFICKING (IMPACT) PROGRAM IS HEADQUARTERED AT THE DEE NORTON LOWCOUNTRY CHILDREN’S CENTER, INC, IN CHARLESTON, SC. THE IMPACT PROGRAM AIMS TO EXPAND AND STRENGTHEN THE TRAUMA-INFORMED SERVICES FOR MINOR VICTIMS OF HUMAN TRAFFICKING. THESE SERVICES ARE EXPECTED TO SUPPORT INCREASED SAFETY, INDEPENDENCE, SELF-SUFFICIENCY, AND WELL-BEING FOR THESE VICTIMS. CONSISTENT WITH RECOMMENDATIONS TO RESPOND TO THE COMMERCIAL SEXUAL EXPLOITATION OF CHILDREN WITH A COORDINATED, COMMUNITY-WIDE APPROACH, THE IMPACT 1) CONVENES REGULAR MEETINGS OF A MULTIDISCIPLINARY TEAM THAT IMPLEMENTS THE PROTOCOL FOR RESPONDING TO MINOR TRAFFICKING VICTIMS IN THE SERVICE AREA; 2) PROVIDES INTENSIVE, CHILD-CENTERED CASE MANAGEMENT TO INCREASE ACCESS TO DEVELOPMENTALLY- AND CULTURALLY-APPROPRIATE SERVICES; AND 3) PROVIDES REFERRALS TO AND PROVISION OF TRAUMA-INFORMED ASSESSMENTS AND EVIDENCE-BASED INTERVENTIONS TO REDUCE THE IMPACT OF CHILD TRAFFICKING ON THE MINOR VICTIM AND THEIR FAMILY. SPECIFIC TYPES OF SERVICES TO BE PROVIDED BY IMPACT STAFF INCLUDE: 1) INFORMATION AND REFERRAL, 2) PERSONAL ADVOCACY/ACCOMPANIMENT, AND 3) EMOTIONAL SUPPORT, SAFETY, AND HEALTH SERVICES. THE PROPOSED PROJECT WILL ADDRESS ALL FORMS OF TRAFFICKING OF MINORS (I.E., SEX TRAFFICKING AND LABOR TRAFFICKING) IN THE PROGRAM’S PRIMARY GEOGRAPHIC SERVICE AREA, CHARLESTON AND BERKELEY COUNTIES, SOUTH CAROLINA. THE TARGET POPULATION FOR THE PROPOSED PROJECT IS MINORS FROM BIRTH TO AGE 17 WHO ARE SUSPECTED TO BE, OR CONFIRMED, VICTIMS OF HUMAN TRAFFICKING. THE PROPOSED PROJECT WILL CONTINUE THE IMPACT PROGRAM’S ROLE IN SERVING YOUTH VICTIMS IN THE REGION AND WILL FURTHER IMPROVE THE IDENTIFICATION OF MINOR VICTIMS OF SEX AND LABOR TRAFFICKING. THE IMPACT PROGRAM ANTICIPATES DELIVERING SERVICES TO AT LEAST 200 YOUTH OVER THE PROJECT PERIOD BASED ON THE TREMENDOUS NEED FOR SERVICES IN THE COMMUNITY. THE IMPACT PROGRAM ALSO PROPOSES TO IMPROVE SERVICES AND EQUITY IN ACCESS TO CARE AMONG MINORITY/MARGINALIZED YOUTH BY APPLYING A CULTURAL EQUITY LENS.",SC,SC48535,252,department-of-justice,ASST_NON_15POVC22GG03845HT_015,True
231635696,15POVC23GG04070HT,KARIDAT,2023-10-01,2026-09-30,700909.0,Department of Justice,Office of Justice Programs,16.320,"KARIDAT SOCIAL SERVICES, A NON-PROFIT, NON-GOVERNMENTAL AGENCY IN THE U.S. TERRITORY OF THE COMMONWEALTH OF THE NORTHERN MARIANA ISLANDS (CNMI), WILL STRENGTHEN AND ENHANCE ITS EXISTING VICTIM-CENTERED AND TRAUMA-INFORMED SERVICES TO MEET THE INDIVIDUALIZED NEEDS OF PRE-CERTIFIED VICTIMS/SURVIVORS OF HUMAN TRAFFICKING IDENTIFIED ON THE THREE POPULATED ISLANDS OF SAIPAN, TINIAN, AND ROTA. FUNDING WILL BE UTILIZED BY KARIDAT FOR ACTIVITIES THAT INCLUDE: 1) THE PROVISION OF TRAUMA-INFORMED, VICTIM CENTERED SERVICES TO MEET THE INDIVIDUALIZED NEEDS OF VICTIMS OF HUMAN TRAFFICKING WHILE PROVIDING FOR VICTIM AUTONOMY AND PROMOTING THE SURVIVORS' CHOICE WITHIN THE DELIVERY OF THE SERVICE, AS WELL AS PROTECTING THE VICTIMS' PRIVACY AND CONFIDENTIALITY; 2) ASSISTANCE OR REFERRAL TO OTHER ESSENTIAL SERVICES FOR VICTIMS OF HUMAN TRAFFICKING NOT PROVIDED THROUGH KARIDAT; 3) TRAINING AND COLLABORATION WITH LOCAL PARTNERS AND THE COMMUNITY TO ENSURE TRAFFICKING VICTIMS ARE IDENTIFIED AND REFERRED FOR APPROPRIATE SERVICES; AND 4) DATA COLLECTION PROGRAM STAFF TO ENSURE THE PROGRAM IS MEETING STATED GOALS, OBJECTIVES, AND PERFORMANCE MEASURES.",MP,MP**085,252,department-of-justice,ASST_NON_15POVC23GG04070HT_015,True
231635703,15POVC23GG04077HT,"MOSAIC FAMILY SERVICES, INC.",2023-10-01,2026-09-30,700000.0,Department of Justice,Office of Justice Programs,16.320,"THE MOSAIC FAMILY SERVICES (MOSAIC) SERVICES FOR VICTIMS OF TRAFFICKING PROGRAM WILL SERVE TRAFFICKED PERSONS UNCOVERED IN THE NORTH TEXAS REGION, WHICH INCLUDES THE DALLAS-FORT WORTH METROPLEX. MOSAIC SERVES ALL VICTIMS OF TRAFFICKING, INCLUDING LABOR AND SEX TRAFFICKING, AND DOMESTIC AND FOREIGN NATIONAL VICTIMS. THIS PROJECT IS TARGETED TO MEET THE COMPLEX NEEDS OF REFUGEE, IMMIGRANT, AND LIMITED ENGLISH PROFICIENT TRAFFICKING VICTIMS. MOSAICS HIGHLY MULTICULTURAL, MULTILINGUAL STAFF AND CULTURALLY COMPETENT SERVICES GREATLY ENHANCE ITS CAPACITY TO SERVE REFUGEE AND IMMIGRANT TRAFFICKING VICTIMS. MOSAICS LEGAL STAFF WILL PROVIDE COMPREHENSIVE LEGAL SERVICES FOR TRAFFICKING SURVIVORS, INCLUDING CLIENT CONSULTATIONS TO INFORM CLIENTS OF THEIR RIGHTS AND RESPONSIBILITIES; IN-DEPTH INTAKE AND NEEDS ASSESSMENTS TO DEVELOP PERSONALIZED SERVICE AND SAFETY PLANS FOR EACH CLIENT; PREPARATION OF IMMIGRATION PETITIONS BASED ON CLIENTS VICTIMIZATION; AND LEGAL REPRESENTATION DURING DIVORCE, CHILD CUSTODY, CHILD SUPPORT, AND PROTECTIVE ORDERS HEARINGS. ALL SERVICES ARE PROVIDED WITHOUT FEES. THROUGH THIS PROGRAM, MOSAIC AIMS TO ENHANCE THE QUALITY AND QUANTITY OF SERVICES AVAILABLE FOR ALL FORMS OF TRAFFICKING VICTIMS BY PROVIDING HIGH QUALITY, COMPREHENSIVE, AND TRAUMA-INFORMED LEGAL SERVICES FOR VICTIMS OF HUMAN TRAFFICKING; ENHANCING INTERAGENCY COLLABORATION; AND COORDINATING A COMMUNITY RESPONSE TO TRAFFICKING VICTIMS.",TX,TX19000,252,department-of-justice,ASST_NON_15POVC23GG04077HT_015,True
231635693,15POVC23GG04067HT,THE INSTITUTE FOR FAMILY HEALTH,2023-10-01,2026-09-30,700000.0,Department of Justice,Office of Justice Programs,16.320,"THE INSTITUTE FOR FAMILY HEALTH, ONE OF THE LARGEST FEDERALLY QUALIFIED HEALTH CENTER (FQHC) NETWORKS IN NEW YORK STATE (NYS), WILL SUSTAIN THE TRAUMA-INFORMED LINKAGE TO CARE (TLC) CLINICS SPECIALIZED MEDICAL, MENTAL HEALTH AND RELATED SERVICES FOR TRAFFICKING SURVIVORS/VICTIMS IN NEW YORK CITY, AND WILL EXPAND SERVICES TO AN ADDITIONAL HEALTH CENTER LOCATION: AT THE INSTITUTES CADMAN FAMILY HEALTH CENTER. THE TLC CLINICS GOAL IS TO EXPAND AND STRENGTHEN THE TRAUMA-INFORMED SERVICES FOR SURVIVORS OF HUMAN TRAFFICKING IN NEW YORK CITY, INCLUDING INFORMATION AND REFERRAL; PERSONAL ADVOCACY/ACCOMPANIMENT; AND EMOTIONAL SUPPORT, SAFETY, AND HEALTH SERVICES. THE OBJECTIVES AND ACTIVITIES ARE TO INCREASE THE QUALITY AND QUANTITY OF TRAUMA-INFORMED HEALTH AND CLIENT COORDINATION SERVICES TO MEET THE INDIVIDUALIZED NEEDS OF VICTIMS OF HUMAN TRAFFICKING; COLLABORATE WITH AND TRAIN LOCAL HEALTH PROFESSIONALS, COMMUNITY-BASED ORGANIZATIONS AND OTHER PARTNERS TO ENSURE TRAFFICKING VICTIMS ARE PROPERLY IDENTIFIED AND REFERRED; ASSURE COMPREHENSIVE SERVICES FOR SURVIVORS BY PROVIDING REFERRALS FOR SERVICES NOT OFFERED BY THE TLC CLINIC; AND CONDUCT ONGOING QUALITY IMPROVEMENT, DATA COLLECTION AND EVALUATION ACTIVITIES TO ASSURE HIGH-QUALITY SERVICES AND TRAINING. THE EXPECTED OUTCOMES/DELIVERABLES ARE TO INCREASE THE VOLUME OF SERVICES DELIVERED (I.E., NUMBER OF PATIENTS AND NUMBER OF SERVICES) BY 10-30% OVER THE THREE-YEAR GRANT PERIOD; CONDUCT 12-15 TRAININGS (4-5 ANNUALLY) AROUND TRAFFICKING AWARENESS, TRAUMA-INFORMED CARE, OVERDOSE PREVENTION, AS WELL AS OTHER TO-BE-IDENTIFIED TRAININGS AS NEEDED, TO TLC CLINIC STAFF, OTHER INSTITUTE STAFF, AND COMMUNITY PARTNERS; COLLABORATE WITH 24 EXISTING AND AT LEAST FIVE NEW REFERRAL PARTNERS (INCLUDING THOSE WHO OFFER LEGAL AND CRIMINAL/CIVIL JUSTICE SYSTEM ASSISTANCE, FOCUS ON SERVING IMMIGRANTS AND/OR FOCUS ON SERVING SURVIVORS OF LABOR TRAFFICKING) TO PROVIDE REFERRALS; AND COLLATED PROGRAM DATA, DISCUSSION OF DATA FINDINGS, IDENTIFIED AREAS FOR PROGRAM IMPROVEMENT, AND CORRECTIVE ACTION PLANS, AS WELL AS ANNUAL RESULTS OF PATIENT FEEDBACK SURVEYS. THE TLC CLINIC SERVES NYC-AREA TRAFFICKING SURVIVORS INCLUDING WOMEN; YOUNG ADULTS AND INDIVIDUALS FROM HIGH-POVERTY AREAS; BLACKS; HISPANICS AND LATINOS; THOSE WHO SPEAK A PRIMARY LANGUAGE OTHER THAN ENGLISH; AND THOSE WHO ARE LGBTQ+.",NY,NY51000,252,department-of-justice,ASST_NON_15POVC23GG04067HT_015,True
234950420,2020VTBXK005,PLYMOUTH CO DSTRICT ATTORNEY,2020-10-01,2024-09-30,699784.99,Department of Justice,Office of Justice Programs,16.320,PLYMOUTH COUNTY HUMAN TRAFFICKING TASK FORCE,MA,MA09000,252,department-of-justice,ASST_NON_2020VTBXK005_015,True
231635195,15POVC22GK03658HT,OFFICE OF DISTRICT ATTY 2ND JUDICIAL DISTRICT,2022-10-01,2025-09-30,687307.17,Department of Justice,Office of Justice Programs,16.320,"THE DENVER DISTRICT ATTORNEY’S OFFICE (DDA) AND THE ASIAN PACIFIC DEVELOPMENT CENTER (APDC) JOINTLY REQUEST FUNDING TO ENHANCE THE EXISTING DENVER ANTI-TRAFFICKING ALLIANCE (DATA)/ENHANCED COLLABORATIVE MODEL (ECM) TASK FORCE. THE PROJECT WILL EXPAND THE TASK FORCE CAPABILITIES TO IMPLEMENT VICTIM-CENTERED, COORDINATED APPROACHES TO IDENTIFYING VICTIMS OF HUMAN TRAFFICKING, INVESTIGATE AND PROSECUTE SEX AND LABOR TRAFFICKING CASES, AND ADDRESS THE INDIVIDUALIZED NEEDS OF VICTIMS THROUGH SERVICE PROVISION IN THE METRO DENVER AREA. THE OVERALL GOAL IS TO ENHANCE AND SUSTAIN A MULTIDISCIPLINARY CO-LEADERSHIP TASK FORCE APPROACH TO IDENTIFY ALL FORMS OF HUMAN TRAFFICKING, PROVIDE ACCESS TO SERVICES, AND INVESTIGATE AND PROSECUTE TRAFFICKERS AT THE LOCAL, STATE, AND FEDERAL LEVELS. BY EXPANDING THE TASK FORCE GEOGRAPHIC LOCATION AND MEMBERSHIP, IT IS EXPECTED THAT ADDITIONAL VICTIMS WILL BE IDENTIFIED AND SERVED, AND THERE WILL BE AN INCREASE IN THE NUMBER OF INVESTIGATIONS AND PROSECUTIONS OF TRAFFICKERS. THE PROJECT WILL CREATE A FOCUS ON MEANINGFUL SURVIVOR ENGAGEMENT AND MARGINALIZED COMMUNITIES, AS WELL AS A DEDICATED EFFORT TO ADDRESS LABOR TRAFFICKING. AN EXTERNAL EVALUATION WILL GUIDE PROJECT IMPLEMENTATION. THESE ENHANCEMENTS WILL RESULT IN LONG TERM SYSTEMS CHANGE, AN INCREASE IN COMPREHENSIVE SERVICES FOR VICTIMS OF HUMAN TRAFFICKING, AND ULTIMATELY THE REDUCTION AND PREVENTION OF HUMAN TRAFFICKING.

THIS PROPOSAL IS REQUESTING PRIORITY CONSIDERATION FOR PRIORITY AREA B. 

STATE/GEOGRAPHICAL AREA: THE PROPOSED PROJECT WILL BE LOCATED IN THE STATE OF COLORADO, SERVING THE METRO DENVER AREA. COVERING 154.6 SQUARE MILES, METRO DENVER MAKES UP SLIGHTLY MORE THAN HALF (55%) OF THE STATE’S ENTIRE POPULATION AND ENCOMPASSES THE CITIES OF DENVER, AURORA AND LAKEWOOD WITH A POPULATION OF NEARLY THREE MILLION PEOPLE. 

FUNDING REQUEST: THE DDA IS REQUESTING $750,000.00 AND APDC IS REQUESTING  $742,509.00 FOR THE PROPOSED PROJECT, FOR A TOTAL OF $1,492,509.00.   
INVESTIGATIONS: DDA AND PARTNER THE DENVER POLICE DEPARTMENT INVESTIGATED THE FOLLOWING NUMBERS OF HUMAN TRAFFICKING INCIDENTS: 58 IN 2019; 87 IN 2020; AND 308 IN 2021. PROSECUTIONS: THE DDA FILED 15 CASES OF HUMAN TRAFFICKING IN 2019 (7 SEX; 2 LABOR, AND 6 SEX AND LABOR); 10 IN 2020 (1 LABOR; 9 SEX AND LABOR); AND 15 IN 2021 (15 SEX AND LABOR TRAFFICKING). VICTIMS SERVED: VICTIM SERVICE PROVIDER APDC SERVED 8 HUMAN TRAFFICKING VICTIMS IN 2019 (5 LABOR, 2 SEX, 1 SEX AND LABOR), 35 IN 2020 (11 LABOR, 21 SEX, 1 SEX AND LABOR, 1 UNKNOWN), AND 45 IN 2021 (15 LABOR, 23 SEX, 5 SEX AND LABOR, 2 UNKNOWN).",CO,CO20000,252,department-of-justice,ASST_NON_15POVC22GK03658HT_015,True
231634632,15POVC21GG04183HT,"INTERNATIONAL RESCUE COMMITTEE, INC",2021-10-01,2024-09-30,683107.0,Department of Justice,Office of Justice Programs,16.320,ENHANCED RURAL RESPONSE PROJECT,CA,CA64000,252,department-of-justice,ASST_NON_15POVC21GG04183HT_015,True
234950424,2020VTBXK009,ATTORNEY GENERALS OFFICE,2020-10-01,2024-09-30,681730.84,Department of Justice,Office of Justice Programs,16.320,OFFICE OF THE ATTORNEY GENERAL STATE OF ALABAMA,AL,AL51000,252,department-of-justice,ASST_NON_2020VTBXK009_015,True
231634626,15POVC21GG04005MINO,"CENTERBOARD, INC",2021-10-01,2025-09-30,676638.03,Department of Justice,Office of Justice Programs,16.320,"WE RISE: EXPANDING SERVICES FOR MINOR VICTIMS OF SEX TRAFFICKING IN ESSEX COUNTY, MA",MA,MA37490,252,department-of-justice,ASST_NON_15POVC21GG04005MINO_015,True
234950431,2020VTBXK017,"CUYAHOGA, COUNTY OF",2020-10-01,2024-09-30,675000.0,Department of Justice,Office of Justice Programs,16.320,CUYAHOGA COUNTY HUMAN TRAFFICKING TASK FORCE EXPANSION 2020,OH,OH16000,252,department-of-justice,ASST_NON_2020VTBXK017_015,True
234950401,2020VTBX0106,LIVING ABOVE THE NOISE INC,2020-10-01,2024-09-30,666882.84,Department of Justice,Office of Justice Programs,16.320,ENHANCING MORE TOO LIFE  INC. DIRECT VICTIM SERVICES,FL,FL41577,252,department-of-justice,ASST_NON_2020VTBX0106_015,True
231635060,15POVC22GG01579MINO,"YOUNG MENS CHRISTIAN ASSOCIATION OF THE GREATER HOUSTON AREA, INC",2022-10-01,2027-09-30,665000.0,Department of Justice,Office of Justice Programs,16.320,"SINCE 2003, THE YMCA OF GREATER HOUSTON’S TRAFFICKED PERSONS ASSISTANCE PROGRAM HAS SUPPORTED VICTIMS OF HUMAN TRAFFICKING, REGARDLESS OF THEIR LEGAL STATUS, THROUGH DIRECT CLIENT SERVICES (INCLUDING HOUSING, CASE MANAGEMENT, AND CAREER DEVELOPMENT), AND HAS RAISED AWARENESS ON HUMAN TRAFFICKING IN THE GREATER HOUSTON AREA, ONE OF THE LARGEST HUBS FOR HUMAN TRAFFICKING IN THE UNITED STATES, THROUGH EDUCATION AND COMMUNITY OUTREACH. MINOR VICTIMS OF LABOR TRAFFICKING SEEKING ITS SERVICES OFTEN REQUIRE EDUCATIONAL, MEDICAL, HOUSING, AND OTHER SERVICES WHICH MUST BE ADDRESSED IMMEDIATELY AND CONCURRENTLY WITH THEIR LEGAL PROBLEMS. THIS PROJECT ADDRESSES THESE SERVICE GAPS BY HAVING ONE CENTRAL AGENCY RESPONSIBLE FOR COORDINATING SERVICES, MINIMIZING THE RISK THAT THE MINOR WILL FAIL TO ADDRESS THE COMPLEX MATRIX OF SOCIAL SERVICE AND LEGAL NEEDS THEY FACE. ITS COLLABORATIVE PARTNERSHIPS WITH LOCAL, STATE AND FEDERAL PARTNERS ENSURE THAT EACH CLIENT WILL RECEIVE TRAUMA-INFORMED, VICTIM-CENTERED SUPPORT SERVICES AND ACHIEVE INDEPENDENCE, HEALTH, STABILITY, AND SAFETY.

THE YMCA’S CLIENT-CENTRIC APPROACH ADDRESSES CURRENT GAPS IN SERVICES IN THREE WAYS: 1) EDUCATING AND EMPOWERING THE CLIENT ABOUT THE PROCESS AND PATHWAY TO RECOVERY; 2) ENSURING ALL LEGAL NEEDS ARE MET (EITHER IN-HOUSE OR THROUGH DIRECT REFERRALS TO PARTNER AGENCIES); AND 3) ASSESSING AND ADDRESSING THE SOCIAL SERVICE NEEDS OF EACH CLIENT, WITH A FOCUS ON ADDRESSING MENTAL HEALTH NEEDS. THIS HOLISTIC APPROACH TO PROVIDING WRAP-AROUND SERVICES FOR ITS CLIENTS ENSURES THAT CRIME VICTIMS OBTAIN THE FULL REALM OF SERVICES AVAILABLE TO THEM IN THE COMMUNITY. 

THE PROGRAM WILL ENHANCE THE QUALITY AND SCOPE OF SERVICES AVAILABLE FOR MINOR VICTIMS OF HUMAN TRAFFICKING IN THE GREATER HOUSTON AREA (HARRIS, FORT BEND, MONTGOMERY, GALVESTON, WALLER, BRAZORIA, LIBERTY, AND CHAMBERS COUNTIES) THROUGH COLLABORATIVE PARTNERSHIPS, INCREASED CAPACITY FOR LEGAL REPRESENTATION, AND BY RECRUITING, SCREENING, AND TRAINING SOCIAL WORK INTERNS. WORKING WITH ITS EXISTING CRIME VICTIMS’ PROGRAMS’ MANAGEMENT AND SUPERVISION STRUCTURE, PROJECT STAFF WILL RECEIVE THE NECESSARY SUPPORT AND ASSURE QUALITY SERVICES TO CLIENTS. THIS PROGRAM WILL DEVELOP COMPREHENSIVE RESPONSE PROTOCOLS TO ENSURE THAT ALL MINOR VICTIMS OF LABOR TRAFFICKING ARE IDENTIFIED AND REFERRED FOR HOLISTIC CASE MANAGEMENT SERVICES INCLUDING HOUSING, FOOD, MEDICAL, MENTAL HEALTH, EDUCATIONAL, LEGAL, AND TRANSPORTATION.",TX,TX35000,252,department-of-justice,ASST_NON_15POVC22GG01579MINO_015,True
231634743,15POVC22AG00474MINO,"UNIVERSITY OF MARYLAND, BALTIMORE",2021-10-01,2025-09-30,665000.0,Department of Justice,Office of Justice Programs,16.320,"THE UNIVERSITY OF MARYLAND SUPPORT, ADVOCACY, FREEDOM, AND EMPOWERMENT (SAFE) CENTER FOR HUMAN TRAFFICKING SURVIVORS PROVIDES BILINGUAL (SPANISH/ENGLISH) COMPREHENSIVE LEGAL, SOCIAL, MENTAL HEALTH, ECONOMIC EMPOWERMENT, AND CRISIS INTERVENTION SERVICES TO SURVIVORS OF SEX AND LABOR TRAFFICKING OF ANY AGE, NATIONALITY, OR GENDER. ROUGHLY 35% OF THE CLIENTS WE SERVE ARE SURVIVORS OF LABOR TRAFFICKING. AS THE NUMBER OF UNACCOMPANIED MINORS CONTINUES TO GROW IN MARYLAND, THE SAFE CENTER HAS RECEIVED INCREASING REFERRALS OF MINORS WITH INDICATORS OF LABOR TRAFFICKING. THE ECONOMIC FALLOUT FROM THE COVID-19 PANDEMIC IS ALSO FORCING MORE PEOPLE INTO EXPLOITATIVE LABOR SITUATIONS, AND WE ARE SEEING MORE U.S. CITIZEN VICTIMS OF LABOR TRAFFICKING. UNDER THIS GRANT, THE SAFE CENTER WILL PROVIDE COMPREHENSIVE SERVICES TO MINOR VICTIMS OF LABOR TRAFFICKING IN MARYLAND AND THE METROPOLITAN WASHINGTON DC AREA, WITH A FOCUS ON MONTGOMERY AND PRINCE GEORGE’S COUNTIES, AS WELL AS COLLABORATE WITH AND TRAIN LOCAL PARTNERS TO BETTER IDENTIFY AND REFER MINOR VICTIMS OF LABOR TRAFFICKING. THIS IS ESPECIALLY IMPORTANT AS LABOR TRAFFICKING IS HISTORICALLY UNDER-IDENTIFIED AND UNDER-INVESTIGATED. MARYLAND’S FIRST STATE LAW CRIMINALIZING LABOR TRAFFICKING WENT INTO EFFECT IN OCTOBER, 2019, AND THE SAFE CENTER HAS BEEN WORKING WITH OUR STATE AND LOCAL HUMAN TRAFFICKING TASK FORCES TO BUILD MOMENTUM FOR A COLLABORATIVE STATE-WIDE RESPONSE TO LABOR TRAFFICKING.",MD,MD04000,252,department-of-justice,ASST_NON_15POVC22AG00474MINO_015,True
234950148,2020VMBX0003,"AO: ADVOCATING OPPORTUNITY, INC.",2020-10-01,2024-09-30,664932.0,Department of Justice,Office of Justice Programs,16.320,HOLISTIC LEGAL SERVICES FOR MINOR VICTIMS OF LABOR TRAFFICKING IN OHIO,OH,OH77000,252,department-of-justice,ASST_NON_2020VMBX0003_015,True
231635197,15POVC22GK03660HT,SUSANNAH WESLEY COMMUNITY CENTER,2022-10-01,2025-09-30,664512.26,Department of Justice,Office of Justice Programs,16.320,"NAME OF TASK FORCE: THE HONOLULU COUNTY HUMAN TRAFFICKING TASK FORCE

GEOGRAPHIC AREA:        CITY AND COUNTY OF HONOLULU

PURPOSE AREA:             #2: EXPANSION OF ESTABLISHED ECM HUMAN TRAFFICKING TASK FORCE

LE APPLICANT NAME:          THE DEPARTMENT OF THE PROSECUTING ATTORNEY

AMOUNT REQUESTED:     $750,000

VSP APPLICANT NAME:       SUSANNAH WESLEY COMMUNITY CENTER

AMOUNT REQUESTED:     $750,000

NO. OF TRAFFICKING INVESTIGATIONS:       21 IN 2019       12 IN 2020       4 IN 2021         8 IN 2022 

NO. OF TRAFFICKING PROSECUTIONS:         44 IN 2019       4 IN 2020         0 IN 2021         5 IN 2022

NO. OF TRAFFICKING VICTIMS SERVED:     103 IN 2019     88 IN 2020       96 IN 2021       57 IN 2022

THE DEPARTMENT OF THE PROSECUTING ATTORNEY (DPA) AND SUSANNAH WESLEY COMMUNITY CENTER (SWCC) WILL COORDINATE RESOURCES TO MEET THE MISSION AND GOALS OF AN ENHANCED COLLABORATIVE MODEL TO COMBAT HUMAN TRAFFICKING TASK FORCE PROJECT IN THE CITY AND COUNTY OF HONOLULU.  THE MISSION OF THIS PROJECT IS TO EXPAND THE ESTABLISHED MULTIDISCIPLINARY TASK FORCE THAT IMPLEMENTS VICTIM-CENTERED AND COORDINATED APPROACHES TO IDENTIFYING VICTIMS OF HUMAN TRAFFICKING, ADDRESSING THE INDIVIDUALIZED NEEDS OF VICTIMS THROUGH COMPREHENSIVE SERVICES AND INVESTIGATING AND PROSECUTING HUMAN TRAFFICKING CASES AT THE LOCAL, STATE AND FEDERAL LEVELS. THE TASK FORCE WILL REFINE AND IMPLEMENT EXISTING AND NEW PROTOCOLS AND CONTINUE MEANINGFUL SURVIVOR ENGAGEMENT.

THE GOALS OF THE ESTABLISHED MULTIDISCIPLINARY TASK FORCE ARE:


	IDENTIFY VICTIMS OF ALL TYPES OF HUMAN TRAFFICKING WITHIN THE CITY AND COUNTY OF HONOLULU,
	ADDRESS THE INDIVIDUALIZED NEEDS OF VICTIMS THROUGH THE PROVISION OF A COMPREHENSIVE ARRAY OF QUALITY SERVICES, AND 
	ENGAGE IN PROACTIVE VICTIM-CENTERED INVESTIGATIONS AND PROSECUTIONS OF ALL HUMAN TRAFFICKING CASES AT THE LOCAL, STATE, TRIBAL, AND FEDERAL LEVELS, AS JURISDICTIONALLY APPROPRIATE.


 

THE TASK FORCE LEADERSHIP TEAM WILL INCLUDE THE DPA, SWCC, THE U.S. ATTORNEY’S OFFICE, THE U.S. HOMELAND SECURITY INVESTIGATION, AND THE HONOLULU POLICE DEPARTMENT. THIS TASK FORCE HAS AN ESTABLISHED MEMBERSHIP OF OTHER RELEVANT STAKEHOLDERS. THE COLLABORATION WILL BE ENSURED THROUGH REGULAR LEADERSHIP TEAM MEETINGS AND MONTHLY MEETINGS OF THE FULL TASK FORCE MEMBERSHIP, UNDER THE COORDINATION OF THE DPA TASK FORCE COORDINATOR.  DELIVERABLES WILL INCLUDE CLEAR OPERATIONAL PROTOCOLS FOR SERVICE DELIVERY, INVESTIGATION, PROSECUTION, AND THE DEVELOPMENT OF A SHARED PUBLIC MESSAGE.",HI,HI17000,252,department-of-justice,ASST_NON_15POVC22GK03660HT_015,True
234950426,2020VTBXK011,DEPARTMENT OF JUSTICE WISCONSIN,2020-10-01,2024-09-30,661808.0,Department of Justice,Office of Justice Programs,16.320,STATE OF WISCONSIN OJP FY2020 ENHANCED COLLABORATIVE MODEL TASK FORCE TO COMBAT HUMAN TRAFFICKING,WI,WI48000,252,department-of-justice,ASST_NON_2020VTBXK011_015,True
234950149,2020VMBX0004,AYUDA,2020-10-01,2024-03-31,661601.1,Department of Justice,Office of Justice Programs,16.320,AYUDA'S SERVICES FOR MINOR VICTIMS OF HUMAN TRAFFICKING GRANT,DC,DC50000,252,department-of-justice,ASST_NON_2020VMBX0004_015,True
231634172,15PNIJ23GK01928HT,PRESIDENT AND FELLOWS OF HARVARD COLLEGE,2024-01-01,2026-12-31,654195.0,Department of Justice,Office of Justice Programs,16.320,"ABSTRACT

THE COMMUNITY SAFETY EVALUATION LAB (C-SEL) AT THE HARVARD T.H. CHAN SCHOOL OF PUBLIC HEALTH IN COLLABORATION WITH A NETWORK OF COMMUNITY-BASED ORGANIZATION PROVIDING SERVICES TO VICTIMS OF HUMAN TRAFFICKING, WILL WORK ON A PROJECT ENTITLED EVALUATING PROCESSES AND OUTCOMES OF HOUSING MODELS FOR VICTIMS OF HUMAN TRAFFICKING. THIS PROJECT EMERGES FROM THE FACT THAT SAFE AND STABLE HOUSING IS A PROTECTIVE FACTOR AS WELL AS A CRITICAL RESOURCE FOR SURVIVORS OF HUMAN TRAFFICKING AS THEY EXIT THEIR SITUATION OF EXPLOITATION AND START THEIR JOURNEY TOWARDS HEALING. COMMUNITY-BASED ORGANIZATIONS DELIVERING SERVICES TO VICTIMS OF HUMAN TRAFFICKING RELY ON A VARIETY OF MODELS AND RESOURCES TO ADDRESS HOMELESSNESS. THE MODELS RANGE FROM EMERGENCY HOMELESS SHELTERS TO MEET THE IMMEDIATE NEEDS OF SURVIVORS, TO LONGER TERM SAFE HOUSING OPTIONS DESIGNED TO ALLOW SURVIVORS TO CONCENTRATE ON THEIR HEALING PROCESS, INCLUDING THE MENTAL HEALTH ASPECTS OF SUCH PROGRESS AND RISK OF FALLING INTO SITUATIONS OF RE-EXPLOITATION. THIS PROPOSAL AIMS TO GATHER A BETTER UNDERSTANDING OF AVAILABLE HOMELESSNESS SERVICES FOR VICTIMS OF HUMAN TRAFFICKING, CHALLENGES EXPERIENCED BY COMMUNITY-BASED ORGANIZATIONS DEVELOPING SUCH SERVICES, AND EXAMPLES OF BEST PRACTICES IN THE PROVISION OF HOUSING TO THIS POPULATION BASED ON THE EXPERIENCE OF HUMAN TRAFFICKING SURVIVORS AS WELL AS SERVICE PROVIDERS. SPECIFIC PROJECT OBJECTIVES ARE: 1) TO DESCRIBE AND MAP THE TYPES OF HOUSING MODELS AND SERVICES FOR VICTIMS OF HUMAN TRAFFICKING AVAILABLE AT THE NATIONAL LEVEL; 2) TO IDENTIFY AND ACHIEVE CONSENSUS ON THE MOST APPROPRIATE HOUSING MODELS AND SERVICES FOR DIFFERENT TYPES OF VICTIMS OF HUMAN TRAFFICKING; 3) TO CONDUCT A PROCESS AND OUTCOME EVALUATION OF SPECIFIC HOUSING MODELS AND SERVICES FOR VICTIMS OF HUMAN TRAFFICKING DELIVERED BY COMMUNITY-BASED ORGANIZATIONS; 4) TO DEVELOP POLICY RECOMMENDATIONS AND PRACTICE GUIDELINES FOR THE DELIVERY OF HOUSING SERVICES FOR VICTIMS OF HUMAN TRAFFICKING. THE PROJECT AIMS TO ACHIEVE AN IN DEPTH UNDERSTANDING OF BEST MODELS TO PROTECT VICTIMS OF HUMAN TRAFFICKING EXPERIENCING HOMELESSNESS AND PROVIDE BETTER GUIDANCE FOR ORGANIZATIONS WHO ARE AT DIFFERENT STAGE OF DEVELOPMENT OF SUCH SERVICES AS WELL AS POLICY MAKERS WHO ARE WORKING ON INITIATIVES ADDRESSING HUMAN TRAFFICKING AND HOMELESSNESS IN VARIOUS PARTS OF THE COUNTRY.",MA,MA11010,252,department-of-justice,ASST_NON_15PNIJ23GK01928HT_015,True
231634738,15POVC21GK04100HT,COUNTY OF DELAWARE,2021-10-01,2025-09-30,651097.44,Department of Justice,Office of Justice Programs,16.320,"COMBATING HUMAN TRAFFICKING IN DELAWARE COUNTY, PENNSYLVANIA USING AN ENHANCED COLLABORATION",PA,PA48480,252,department-of-justice,ASST_NON_15POVC21GK04100HT_015,True
231635059,15POVC22GG01578MINO,"INTERNATIONAL RESCUE COMMITTEE, INC.",2022-10-01,2026-03-31,649659.0,Department of Justice,Office of Justice Programs,16.320,"THE INTERNATIONAL RESCUE COMMITTEE IN PHOENIX, ARIZONA (IRC PHX) PROPOSES TO STRENGTHEN COMMUNITY CAPACITY AND PROVIDE HIGH QUALITY DIRECT SERVICES FOR MINOR VICTIMS OF LABOR TRAFFICKING, WHOSE VICTIMIZATION OCCURRED WHEN THEY WERE UNDER THE AGE OF 18 IN MARICOPA COUNTY, ARIZONA.  THE IRC PHX ANTI-TRAFFICKING PROGRAMMING HAS A HISTORY OF PROMOTING RACIAL EQUITY WHILE REMOVING BARRIERS TO SERVICES AND PROVIDING OPPORTUNITIES FOR POPULATIONS THAT HAVE BEEN HISTORICALLY UNDERSERVED, MARGINALIZED, AND ADVERSELY AFFECTED BY INEQUALITY. THE IRC PHX PRIMARILY SERVES FOREIGN BORN TRAFFICKING VICTIMS, BUT THROUGH THIS PROJECT WILL SERVE BOTH DOMESTIC AND FOREIGN VICTIMS OF LABOR TRAFFICKING. THIS PROJECT WILL PROVIDE GREATER ACCESS TO SERVICES FOR UNDERSERVED AND HISTORICALLY MARGINALIZED POPULATIONS INCLUDING YOUTH WHO ARE HOMELESS OR RUNAWAY, LGBTQIA+, DISCONNECTED, PART OF A RACIAL MINORITY, SECOND-GENERATION IMMIGRANTS, NATIVE, OR CHILDREN OF SURVIVORS OF TRAFFICKING. THIS PROJECT WILL ALSO ADDRESS BARRIERS INCLUDING LACK OF SERVICES IN GENERAL, LACK OF CULTURALLY AND LINGUISTICALLY APPROPRIATE SERVICES AND LACK OF SERVICES THAT FACTOR IN THE UNDERSTANDING AND NEEDS OF SERVICES FOR MINOR SURVIVORS.  THE GOAL OF SERVICES IS TO ACHIEVE INCREASED SAFETY, INDEPENDENCE, SELF-SUFFICIENCY, AND WELL-BEING FOR MINOR VICTIMS OF LABOR TRAFFICKING. THE FOLLOWING OBJECTIVES WILL BE MET OVER A 36- MONTH PERIOD. 1) PROVIDE SERVICES TO MEET THE INDIVIDUALIZED NEEDS OF MINOR VICTIMS OF LABOR TRAFFICKING; 2) COLLABORATE WITH AND TRAIN LOCAL PARTNERS TO ENSURE MINOR VICTIMS OF LABOR TRAFFICKING ARE PROPERLY IDENTIFIED AND REFERRED FOR APPROPRIATE SERVICES; 3) PROVIDE ASSISTANCE OR REFERRALS TO OTHER ESSENTIAL SERVICES FOR MINOR VICTIMS OF LABOR TRAFFICKING; AND 4) COLLECT DATA AND PARTICIPATE IN ASSESSMENT ACTIVITIES TO DETERMINE IF THE PROGRAM IS MEETING THE STATED GOALS AND OBJECTIVES.",AZ,AZ27820,252,department-of-justice,ASST_NON_15POVC22GG01578MINO_015,True
231634586,15POVC21GG02834MINO,"INTERNATIONAL RESCUE COMMITTEE, INC.",2021-10-01,2025-09-30,647629.0,Department of Justice,Office of Justice Programs,16.320,IRC SEATTLE SERVICES FOR MINOR VICTIMS OF LABOR TRAFFICKING,WA,WA63000,252,department-of-justice,ASST_NON_15POVC21GG02834MINO_015,True
234950389,2020VTBX0094,COMMUNITY ACTION AGAINST RAPE,2020-10-01,2024-03-31,637365.84,Department of Justice,Office of Justice Programs,16.320,RESOURCES AND INTEGRATION FOR SURVIVOR EMPOWERMENT (RISE) EXPANSION,NV,NV40000,252,department-of-justice,ASST_NON_2020VTBX0094_015,True
231635079,15POVC22GG03676HT,1736 FAMILY CRISIS CENTER,2022-10-01,2025-09-30,627520.0,Department of Justice,Office of Justice Programs,16.320,"FAMILY CRISIS CENTER WILL ENHANCE ITS EXISTING HUMAN TRAFFICKING PROGRAM AND INTEGRATE RAPID-REHOUSING SCATTERED SITE TRANSITIONAL HOUSING AND SERVICES INTO THE CURRENT PROGRAM TO BENEFIT VICTIMS OF HUMAN TRAFFICKING IN LOS ANGELES COUNTY, CALIFORNIA. THE PROGRAM WILL TARGET ITS SERVICES TO UNDERSERVED GROUPS, INCLUDING BIPOC VICTIMS, MONOLINGUAL SPANISH SPEAKING VICTIMS, AND VICTIMS WITH CHILDREN. PRIMARY PROJECT ACTIVITIES WILL INCLUDE: 24-HOUR CRISIS HOTLINES AND SCREENING, ACCESS TO 24-HOUR EMERGENCY SHELTER, TRANSITIONAL HOUSING SERVICES, CASE MANAGEMENT, SERVICE LINKAGES, MENTAL HEALTH AND EMPLOYMENT SERVICES, AND AFTERCARE SERVICES. THE PROGRAM WILL PRODUCE COMMUNITY AND INDIVIDUAL LEVEL BENEFITS, INCLUDING EXPANDING RACIAL EQUITY, ECONOMIC JUSTICE AND FINANCIAL ADVOCACY FOR VICTIMS THROUGH A ROBUST EMPLOYMENT SERVICES FOCUS, AS WELL AS IMPROVEMENT OF THE AVAILABILITY OF VICTIM-CENTERED TRANSITIONAL HOUSING, PARTICULARLY FOR UNDERSERVED POPULATIONS.",CA,CA44000,252,department-of-justice,ASST_NON_15POVC22GG03676HT_015,True
231634720,15POVC21GK04067HT,ERIE COUNTY OF NEW YORK,2021-10-01,2025-09-30,625874.9,Department of Justice,Office of Justice Programs,16.320,WDNY HUMAN TRAFFICKING TASK FORCE & ALLIANCE LEAD LOCAL LAW ENFORCEMENT AGENCY THE ERIE COUNTY SHERIFF'S OFFICE PROJECT IS TO IMPLEMENT  A DEPARTMENT WIDE CROSS-PROGRAMMATIC DETECTION APPROACH.,NY,NY11000,252,department-of-justice,ASST_NON_15POVC21GK04067HT_015,True
231635142,15POVC22GG03901HT,EMMAUS MINISTRIES,2022-10-01,2025-12-31,618541.0,Department of Justice,Office of Justice Programs,16.320,"EMMAUS HAS BEEN SUPPORTING AND ADVOCATING FOR MALE-IDENTIFIED VICTIMS OF TRAFFICKING AND COMMERCIAL SEXUAL EXPLOITATION FOR OVER 30 YEARS AND IS THE ONLY ORGANIZATION IN CHICAGO THAT OFFERS GENDER-SPECIFIC SERVICES TO MALE VICTIMS. EMMAUS SUPPORTS MALE VICTIMS THROUGH MATERIAL ASSISTANCE, DROP-IN SERVICES, TRANSPORTATION SUPPORT, REFERRALS, AND MORE. ALL CLIENTS HAVE THE OPTION OF PARTICIPATING IN CASE MANAGEMENT AND WORKING WITH A STAFF MANAGER TO PURSUE SELF-IDENTIFIED GOALS TOWARD HEALTH AND SELF-SUFFICIENCY. EMMAUS PARTNERS WITH NUMEROUS GOVERNMENT AND COMMUNITY ORGANIZATIONS TO OFFER A COMPREHENSIVE ARRAY OF SERVICES TO CLIENTS BEYOND WHAT EMMAUS CAN OFFER. LIKEWISE, PARTNER ORGANIZATIONS REFER VICTIMS TO EMMAUS FOR MALE-SPECIFIC SERVICES. WITH THIS OVC AWARD, EMMAUS WILL INCREASE ITS CAPACITY TO SERVE THE GROWING NUMBER OF CLIENTS WITH WHOM EMMAUS IS MAKING CONTACT. EMMAUS WILL HIRE TWO CASE MANAGERS TO SUPPORT CLIENTS ON THEIR JOURNEY TOWARD SELF-IDENTIFIED GOALS OF HEALTH AND SELF-SUFFICIENCY. THIS WILL ALLOW CURRENT STAFF PROVIDING CASE MANAGEMENT SERVICES TO FOCUS ON OUTREACH AND COMMUNITY PARTNERSHIPS, AMONG OTHER THINGS. THE FUNDS WILL ALSO SUPPORT THE NEW CENTRALLY-LOCATED TRAUMA-INFORMED DROP-IN CENTER, WHICH WILL HOUSE SUPPORT SERVICES SUCH AS TRAUMA-INFORMED INDIVIDUAL AND GROUP THERAPY, MATERIAL ASSISTANCE, RESPITE, ACCESS TO TECHNOLOGY, AND CASE MANAGEMENT. ADDITIONALLY, EMMAUS WILL HIRE AN IMPACT MANAGER TO OVERSEE GRANT MANAGEMENT, GATHER DATA, AND SUBMIT REPORTS ON PROGRESS.",IL,IL14000,252,department-of-justice,ASST_NON_15POVC22GG03901HT_015,True
231635662,15POVC23GG02761MINO,FRESNO COUNTY ECONOMIC OPPORTUNITIES COMMISSION,2023-10-01,2027-03-31,618230.0,Department of Justice,Office of Justice Programs,16.320,"FRESNO ECONOMIC OPPORTUNITIES COMMISSION (FRESNO EOC) PROPOSES TO IMPLEMENT THE OVC 2023 INTEGRATED SERVICES FOR ALL MINOR VICTIMS OF HUMAN TRAFFICKING TO SUPPORT 90 MINORS OVER A THREE-YEAR PERIOD THROUGH THIS INITIATIVE. THIS PROJECT AIMS TO 1) DEVELOP POLICIES AND PROCEDURES PROMOTING DEVELOPMENTALLY AND LINGUISTICALLY APPROPRIATE SERVICES FOR MINOR VICTIMS OF HUMAN TRAFFICKING, 2) IDENTIFY MINOR VICTIMS OF SEX AND LABOR TRAFFICKING, 3) PROVIDE COMPREHENSIVE WRAPAROUND SERVICES TO ALL MINOR VICTIMS OF HUMAN TRAFFICKING, INCLUDING REFERRAL PLANS, AND, 4) PROVIDE CULTURALLY-RESPONSIVE CASE MANAGEMENT TO ALL MINOR VICTIMS OF HUMAN TRAFFICKING. TO MEET THESE GOALS, CVAHT WILL PROVIDE TRAUMA-INFORMED CHILD-SPECIFIC DIRECT SERVICES AND COLLABORATE WITH PARTNER ORGANIZATIONS TO MEET THE COMPREHENSIVE NEEDS OF TRAFFICKING VICTIMS. CVAHT OPERATES THE CENTRAL VALLEY FREEDOM COALITIONA MULTI-DISCIPLINARY NETWORK OF OVER 1,200 MEMBERS. CVAHT PARTNERS WITH LAW ENFORCEMENT, VICTIM ADVOCATE GROUPS, DISTRICT ATTORNEYS, THE JUDICIAL SYSTEM, FAITH-BASED GROUPS, MEDICAL PROVIDERS, AND SOCIAL SERVICES ORGANIZATIONS. THE PROJECT WILL INCLUDE SUB-GRANTS WITH FAMILY HEALING CENTER AND BREAKING THE CHAINS, RESPECTIVELY, TO PROVIDE CHILD-CENTERED MENTAL HEALTH TREATMENT AND TRAUMA TREATMENT SERVICES.",CA,CA27000,252,department-of-justice,ASST_NON_15POVC23GG02761MINO_015,True
231635083,15POVC22GG03685HT,"PENQUIS C.A.P., INC.",2022-10-01,2026-04-30,615066.0,Department of Justice,Office of Justice Programs,16.320,"PENQUIS C.A.P., INC. (PENQUIS) AND ITS SUBSIDIARY RAPE RESPONSE SERVICES, IN COLLABORATION WITH PARTNERS FOR PEACE AND COURAGELIVES, WILL  PROVIDE HOUSING ASSISTANCE IN CENTRAL MAINE FOR VICTIMS/SURVIVORS OF HUMAN TRAFFICKING. THIS COLLABORATION CONSISTS OF A COMMUNITY ACTION AGENCY, SEXUAL ASSAULT VICTIM SERVICES AGENCY, DOMESTIC VIOLENCE RESOURCE CENTER, AND PROGRAM FOR HUMAN TRAFFICKING AND EXPLOITATION VICTIMS/SURVIVORS. PROJECT PARTNERS WILL CREATE A HOUSING ASSISTANCE PROGRAM THAT ENABLES VICTIMS/SURVIVORS TO SECURE SAFE, STABLE HOUSING AND HAVE ACCESS TO RESOURCES THAT SUPPORT SAFETY, AUTONOMY, SELF-SUFFICIENCY, AND WELL-BEING. THE PROGRAM WILL PROVIDE HOUSING NAVIGATION, ADVOCACY, FINANCIAL ASSISTANCE, AND ACCESS TO SUPPORT SERVICES, INCLUDING SHORT-TERM BEHAVIORAL HEALTH THERAPY; INCORPORATE LOW-BARRIER, VICTIM-CENTERED, TRAUMA-INFORMED, AND COLLABORATIVE APPROACHES; INCREASE HUMAN TRAFFICKING IDENTIFICATION AND RESPONSE AMONG COMMUNITY STAKEHOLDERS; AND INFORM FEDERAL STATE, AND LOCAL FRAMEWORKS AND COLLABORATIVE MODELS TO MEET THE HOUSING NEEDS OF VICTIMS/SURVIVORS.",ME,ME02795,252,department-of-justice,ASST_NON_15POVC22GG03685HT_015,True
231635683,15POVC23GG04056HT,"WELLSPRING LIVING, INC.",2023-10-01,2026-09-30,600000.0,Department of Justice,Office of Justice Programs,16.320,"WELLSPRING LIVING, INC. WILL ENHANCE EXISTING TRANSITIONAL HOUSING PROGRAMS, EXPAND HOUSING VOUCHERS, AND STRENGTHEN POST-PROGRAM SUPPORT TO FACILITATE THE TRANSITION TO PERMANENT HOUSING FOR SEX AND LABOR TRAFFICKING SURVIVORS IN ATLANTA, GEORGIA. WELLSPRING LIVING WILL OFFER 1) TWO SHELTERS FOR TRANSITIONAL HOUSING FOR ADULT WOMEN, 2) HOUSING VOUCHERS FOR ADULT MALE, FEMALE, OR TRANSGENDER VICTIMS WHO NEED LONG TERM SUPPORT, 3) SUPPORT SERVICES, AND 4) ROBUST POST PROGRAM HOUSING SUPPORT SERVICES TO EMPOWER PARTICIPANTS AS THEY TRANSITION TO PERMANENT HOUSING. BY HIRING A DEDICATED HOUSING NAVIGATOR, THE AGENCY WILL BE ABLE TO EXPAND PARTNERSHIPS, COLLABORATE INTENTIONALLY WITH HOUSING STAKEHOLDERS, AND OVERCOME BARRIERS TO ENHANCE HOUSING ACCESS FOR SURVIVORS. BY LEVERAGING EXISTING CONTINUUM OF CARE MEMBERSHIPS AND BROADENING COLLABORATIVE PARTNERSHIPS, WELLSPRING LIVING AIMS TO EXTEND THEIR IMPACT AND EFFECTIVELY MEET VICTIMS' VARIED AND COMPLEX NEEDS.",GA,GA04000,252,department-of-justice,ASST_NON_15POVC23GG04056HT_015,True
231635672,15POVC23GG04045HT,VICTORY OUTREACH - SOUTH SACRAMENTO,2023-10-01,2026-09-30,600000.0,Department of Justice,Office of Justice Programs,16.320,"THE VOSS RAPID RE-HOUSING PROGRAM WILL DEVELOP AND THEN IMPLEMENT A RAPID RE-HOUSING PROGRAM PROVIDING HOUSING SERVICES AND RELATED SUPPORT SERVICES FOR 20 VICTIMS OF HUMAN TRAFFICKING OVER THE COURSE OF THE 2-YEAR IMPLEMENTATION PERIOD. THESE VICTIMS OF TRAFFICKING WILL SECURE AND SUSTAIN PERMANENT HOUSING, AND WILL INCREASE THEIR SKILLS NEEDED TO SUSTAIN PERMANENT HOUSING LONG-TERM. THE PROJECT WILL RESULT IN INCREASED PROGRAMMATIC AND ADMINISTRATIVE CAPACITY FOR VOSS TO BETTER SERVE VICTIMS OF TRAFFICKING, SUPPORTING VOSS ONGOING ABILITY TO PROVIDE HOUSING AND SUPPORTIVE SERVICES FOR VICTIMS OF TRAFFICKING. THESE SERVICES WILL WORK TO REDUCE THE PREVALENCE OF HUMAN TRAFFICKING IN SACRAMENTO COUNTY, INCREASE AWARENESS OF TRAFFICKING IN SACRAMENTO COUNTY, AND INCREASE THE CAPACITY OF SACRAMENTO COUNTY TO PROVIDE HOUSING FOR VICTIMS OF TRAFFICKING.",CA,CA64000,252,department-of-justice,ASST_NON_15POVC23GG04045HT_015,True
231635133,15POVC22GG03802HT,"TAPESTRI, INC",2022-10-01,2026-09-30,600000.0,Department of Justice,Office of Justice Programs,16.320,"TAPESTRI WILL WORK WITH SALVATION ARMY-HAVEN ATLANTA, VIEW POINT HEALTH, ALIANZA TERAPEUTICA LATINA, CHRIS 180, AND ALL ABOUT YOU COUNSELING CENTER TO ENSURE THAT FOREIGN NATIONAL AND U.S CITIZEN VICTIMS OF HUMAN TRAFFICKING HAVE ACCESS TO CULTURALLY AND LINGUISTICALLY APPROPRIATE BEHAVIORAL HEALTH SERVICES IN THE STATE OF GEORGIA. TAPESTRI’S MENTAL HEALTH COORDINATOR WILL COORDINATE REFERRAL TO PARTNER AGENCIES, ASSIST CLIENT’S WITH PROGRAM FORMS, COORDINATE TRANSPORTATION FOR APPOINTMENTS, PURCHASE CLIENT MEDICATION AND ASSIST WITH TECHNOLOGY NEEDS OF INDIVIDUALS ACCESSING TELEMENTAL HEALTH SERVICES. SURVIVORS IN NEED OF COMPREHENSIVE SERVICES INCLUDING HOUSING, MEDICAL, CRIMINAL JUSTICE-BASED ADVOCACY, LEGAL ASSISTANCE, EDUCATION AND EMPLOYMENT WILL BE REFERRED TO TAPESTRI’S OVC COMPREHENSIVE PROGRAM. TAPESTRI ANTICIPATES SERVING A MINIMUM OF 50 FOREIGN NATIONAL SURVIVORS AND QUALIFYING DERIVATIVES, WHILE SALVATION ARMY SERVES 20 U.S ADULT VICTIMS OF TRAFFICKING DURING THE 36-MONTH GRANT PERIOD. ADDITIONALLY, TAPESTRI WILL PROVIDE HT 101 TRAINING, ENCOMPASSING ALL FORMS OF TRAFFICKING, TO LOCAL PARTNERS. WILL ALSO PROVIDE TRAUMA INFORMED APPROACHES IN CRIMINAL JUSTICE SETTING TRAINING TO PROFESSIONALS AND ALLIES WORKING WITH VICTIMS OF HUMAN TRAFFICKING.",GA,GA77652,252,department-of-justice,ASST_NON_15POVC22GG03802HT_015,True
231634694,15POVC21GK02767HT,NATIONAL COUNCIL OF JUVENILE AND FAMILY COURT JUDGES,2021-10-01,2025-09-30,600000.0,Department of Justice,Office of Justice Programs,16.320,ENHANCING JUVENILE AND FAMILY COURT RESPONSES TO HUMAN TRAFFICKING,NV,NV60600,252,department-of-justice,ASST_NON_15POVC21GK02767HT_015,True
231634660,15POVC21GG04243HT,"GARDEN OF HOPE, INC",2021-10-01,2025-03-31,600000.0,Department of Justice,Office of Justice Programs,16.320,SPECIALIZED HUMAN TRAFFICKING VICTIM SERVICES FOR CHINESE IMMIGRANT WOMEN,NY,NY26396,252,department-of-justice,ASST_NON_15POVC21GG04243HT_015,True
231634654,15POVC21GG04232HT,"LA CENTER FOR LAW & JUSTICE, INC.",2021-10-01,2024-09-30,600000.0,Department of Justice,Office of Justice Programs,16.320,TRAUMA-INFORMED COMPREHENSIVE LEGAL SERVICES AND CASE MANAGEMENT FOR VICTIMS OF HUMAN TRAFFICKING,CA,CA44000,252,department-of-justice,ASST_NON_15POVC21GG04232HT_015,True
231634649,15POVC21GG04222HT,PACIFIC OMBUDSMAN FOR HUMANITARIAN LAW,2021-10-01,2025-05-31,600000.0,Department of Justice,Office of Justice Programs,16.320,"PACIFIC OMBUDSMAN FOR HUMANITARIAN LAW (POHL) IS THE LEAD HUMAN TRAFFICKING PRO BONO LEGAL SERVICE PROVIDER IN THE COMMONWEALTH OF THE NORTHERN MARIANA ISLANDS (CNMI) AND THE SURROUNDING REGION. POHL’S OFFICE IN CHALAN KANOA SERVES AS A FIRST POINT OF CONTACT FOR MANY VICTIMS AND POHL ACTIVELY ENGAGES WITH VICTIMS TO DETERMINE WHAT LEGAL OPTIONS ARE BEST FOR EACH RESPECTIVELY. PROJECT FUNDS WILL BE USED TO: (1) EXPAND THE AVAILABILITY OF POHL’S BILINGUAL LEGAL ASSISTANCE BY HIRING AN ADDITIONAL BILINGUAL PARALEGAL AND INCREASING ACCESS TO BILINGUAL PARALEGALS FOR THE ANTICIPATED NUMBER OF VICTIMS SEEKING ASSISTANCE; (2) TRAIN POHL FRONTLINE PERSONNEL REGARDING A COMPREHENSIVE EDUCATION IN LEGAL ASSISTANCE FOR VICTIMS OF HUMAN TRAFFICKING TO ENSURE SUSTAINABILITY AFTER THE ILS PROJECT; AND (3) IMPROVE POHL'S FINANCIAL MANAGEMENT SYSTEM TO A STATE OF THE ART LEVEL AND CAPACITY. THE OVERALL GOAL OF THE PROJECT IS TO HELP VICTIMS OF HUMAN TRAFFICKING TO TRANSITION INTO LIVING FULL AND NORMAL LIVES. AT THE END OF THE THREE-YEAR PROJECT PERIOD, POHL WILL HAVE PROVIDED AT LEAST 100 HUMAN TRAFFICKING VICTIMS LEGAL SERVICES THAT WILL PROVIDE THEM THE SUPPORT IN NAVIGATING THE FEDERAL SYSTEM WHILE SEEKING RETURN TO THE COMMUNITY.",MP,MP**085,252,department-of-justice,ASST_NON_15POVC21GG04222HT_015,True
231634644,15POVC21GG04212HT,REAL ESCAPE FROM THE SEX TRADE,2021-10-01,2024-09-30,600000.0,Department of Justice,Office of Justice Programs,16.320,EMERGENCY SHELTER FOR SURVIVORS OF HUMAN TRAFFICKING,WA,WA63000,252,department-of-justice,ASST_NON_15POVC21GG04212HT_015,True
231634635,15POVC21GG04193HT,JUSTICE AT LAST INC,2021-10-01,2024-09-30,600000.0,Department of Justice,Office of Justice Programs,16.320,JUSTICE AT LAST - COMPREHENSIVE LEGAL SERVICES FOR HUMAN TRAFFICKING SURVIVORS,CA,CA67000,252,department-of-justice,ASST_NON_15POVC21GG04193HT_015,True
231634629,15POVC21GG04174HT,SANAR WELLNESS INSTITUTE,2021-10-01,2025-03-31,600000.0,Department of Justice,Office of Justice Programs,16.320,HUMAN TRAFFICKING HEALING AND RESILIENCY PROGRAM (HT-HARP),NJ,NJ51000,252,department-of-justice,ASST_NON_15POVC21GG04174HT_015,True
231634619,15POVC21GG03968HT,SURVIVOR VENTURES INC,2021-10-01,2025-09-30,600000.0,Department of Justice,Office of Justice Programs,16.320,HOUSING STABILITY PROGRAM - DELAWARE,VA,VA57000,252,department-of-justice,ASST_NON_15POVC21GG03968HT_015,True
231634614,15POVC21GG03963HT,"OUR FAMILY SERVICES, INC.",2021-10-01,2024-09-30,600000.0,Department of Justice,Office of Justice Programs,16.320,OUR FAMILY SERVICES VICTIMS OF TRAFFICKING SUPPORT PROGRAM,AZ,AZ77000,252,department-of-justice,ASST_NON_15POVC21GG03963HT_015,True
231634611,15POVC21GG03960HT,SAMARITAN HOUSE INC,2021-10-01,2025-09-30,600000.0,Department of Justice,Office of Justice Programs,16.320,HOUSING ASSISTANCE PROGRAM,VA,VA82000,252,department-of-justice,ASST_NON_15POVC21GG03960HT_015,True
231634609,15POVC21GG03958HT,THE DAMIEN CENTER INC,2021-10-01,2024-09-30,600000.0,Department of Justice,Office of Justice Programs,16.320,HOUSING ASSISTANCE PROGRAM FOR VICTIMS OF HUMAN TRAFFICKING,IN,IN36000,252,department-of-justice,ASST_NON_15POVC21GG03958HT_015,True
231634601,15POVC21GG03950HT,RUBY'S PLACE,2021-10-01,2024-09-30,600000.0,Department of Justice,Office of Justice Programs,16.320,SHORT-TERM HOUSING ASSISTANCE AND EMPLOYMENT SUPPORTS FOR VICTIMS OF HUMAN TRAFFICKING,CA,CA11964,252,department-of-justice,ASST_NON_15POVC21GG03950HT_015,True
231634599,15POVC21GG03948HT,"MOSAIC FAMILY SERVICES, INC.",2021-10-01,2024-11-30,600000.0,Department of Justice,Office of Justice Programs,16.320,HOUSING ASSISTANCE FOR VICTIMS OF HUMAN TRAFFICKING,TX,TX19000,252,department-of-justice,ASST_NON_15POVC21GG03948HT_015,True
231634598,15POVC21GG03947HT,"FLORIDA INDEPENDENCE, TRAINING & EDUCATION CENTER, INC.",2021-10-01,2024-12-31,600000.0,Department of Justice,Office of Justice Programs,16.320,EAGLES' LANDING - HOUSING ASSISTANCE FOR VICTIMS OF HUMAN TRAFFICKING,FL,FL12011,252,department-of-justice,ASST_NON_15POVC21GG03947HT_015,True
231634596,15POVC21GG03945HT,"TAPESTRI, INC",2021-10-01,2025-09-30,600000.0,Department of Justice,Office of Justice Programs,16.320,HUMAN TRAFFICKING HOUSING PROJECT,GA,GA77652,252,department-of-justice,ASST_NON_15POVC21GG03945HT_015,True
231634594,15POVC21GG03943HT,COALITION TO ABOLISH SLAVERY & TRAFFICKING,2021-10-01,2024-09-30,600000.0,Department of Justice,Office of Justice Programs,16.320,TRANSITIONAL HOUSING ASSISTANCE FOR VICTIMS OF HUMAN TRAFFICKING IN LOS ANGELES,CA,CA44000,252,department-of-justice,ASST_NON_15POVC21GG03943HT_015,True
231634608,15POVC21GG03957HT,"COASTAL BEND WELLNESS FOUNDATION, INC.",2021-10-01,2024-12-31,599998.0,Department of Justice,Office of Justice Programs,16.320,RED CORD INITIATIVE,TX,TX17000,252,department-of-justice,ASST_NON_15POVC21GG03957HT_015,True
231635076,15POVC22GG03670HT,THE CENTER FOR VIOLENCE PREVENTION,2022-10-01,2026-09-30,599977.0,Department of Justice,Office of Justice Programs,16.320,"THE CENTER FOR VIOLENCE PREVENTION (CVP) WILL PROVIDE ASSISTANCE FOR PERMANENT HOUSING FOR VICTIMS OF HUMAN TRAFFICKING IN THE MISSISSIPPI DELTA REGION AND CENTRAL MISSISSIPPI THROUGH ITS TOWER HOUSING ASSISTANCE PROGRAM.  WHILE THIS PROJECT WILL ASSIST VICTIMS OF ALL FORMS OF TRAFFICKING, OF ALL GENDER IDENTITIES, RACES AND ETHNICITIES, CVP SEEKS TO FOCUS ON UNDERSERVED AND HISTORICALLY MARGINALIZED RURAL BLACK OR AFRICAN AMERICAN VICTIMS IN THE MISSISSIPPI DELTA, AND FOREIGN NATIONAL HISPANIC AND LATINO VICTIMS IN CENTRAL MISSISSIPPI. APPROXIMATELY TWENTY-SEVEN VICTIMS WILL RECEIVE UP TO TWELVE MONTHS OF RENT ASSISTANCE AND UP TO SIX MONTHS OF UTILITY ASSISTANCE. PROJECT STAFF WILL ASSIST PARTICIPANTS WITH ACHIEVING FINANCIAL INDEPENDENCE THROUGH EDUCATION, VOCATIONAL TRAINING, AND EMPLOYMENT ADVOCACY, INCREASING THEIR SUSTAINABILITY AFTER THE HOUSING ASSISTANCE HAS CONCLUDED. SUPPORT SERVICES REMAIN AVAILABLE TO PARTICIPANTS FOR AT LEAST ONE YEAR FOLLOWING THE END OF FINANCIAL SUPPORT. ADDITIONALLY, THIS PROJECT PROVIDES TRAINING TO PARTNERED SERVICE PROVIDERS TO IMPROVE THEIR CAPACITY TO IDENTIFY VICTIMS OF HUMAN TRAFFICKING AND ENGAGE IN A TRAUMA-INFORMED SUPPORTIVE MANNER, ENSURING VICTIM CONFIDENTIALITY AND SAFETY. COMMUNITY AWARENESS ACTIVITIES IN THE DELTA AND CENTRAL MISSISSIPPI INFORM THE GENERAL COMMUNITY ABOUT AVAILABLE RESOURCES TO ASSIST VICTIMS AND HELP IDENTIFY AREAS OF NEEDED OUTREACH.",MS,MS55760,252,department-of-justice,ASST_NON_15POVC22GG03670HT_015,True
231635124,15POVC22GG03778HT,INTERNATIONAL RESCUE COMMITTEE INC,2022-10-01,2025-09-30,599948.0,Department of Justice,Office of Justice Programs,16.320,"THE INTERNATIONAL RESCUE COMMITTEE, INC. IN OAKLAND (IRC) WILL PROVIDE SPECIALIZED EDUCATION AND EMPLOYMENT SERVICES TO FOREIGN-NATIONAL SURVIVORS OF ALL FORMS OF HUMAN TRAFFICKING, INCLUDING SEX AND LABOR, MALE, FEMALE, AND LGBTQ VICTIMS THROUGHOUT ALAMEDA COUNTY, CA. THE IRC IN OAKLAND PLANS TO PROMOTE RACIAL EQUITY AND CENTER COMMUNITIES THAT HAVE BEEN HISTORICALLY MARGINALIZED AND UNDERSERVED. OVC FUNDING WILL ENABLE THE IRC IN OAKLAND TO CREATE THE SPECIALIZED EDUCATION AND EMPLOYMENT (SEE) PROGRAM, WHICH WILL EQUIP FOREIGN-NATIONAL VICTIMS OF ALL FORMS OF TRAFFICKING WITH THE SKILLS AND RESOURCES THEY NEED TO PURSUE THEIR EDUCATIONAL AND EMPLOYMENT GOALS, IN ORDER TO BUILD TOWARDS FINANCIAL SECURITY AND AN AUTONOMOUS FUTURE. THE SEE PROGRAM WILL BE GROUNDED IN TRAUMA-INFORMED PRINCIPLES, WILL PROVIDE DIRECT AND HIGHLY SPECIALIZED SERVICES TO 84 VICTIMS THROUGH THE GRANT PERIOD, AS WELL AS INCREASE LOCAL COMMUNITY KNOWLEDGE ON IDENTIFICATION AND STRENGTHEN THE EXISTING REFERRAL NETWORK. PRIMARY ACTIVITIES INCLUDE: (A) EDUCATION SERVICES – INCLUDING VOCATIONAL ENGLISH AS A SECOND LANGUAGE (ESL), JOB READINESS TRAINING, WORKPLACE RIGHTS AND PROTECTIONS, AND FINANCIAL EDUCATION AND COACHING; (B) EMPLOYMENT SERVICES – INCLUDING REFERRALS TO JOB TRAINING, EMPLOYMENT SEARCH ASSISTANCE, APPLICATION, RESUME, AND INTERVIEW PREP, JOB PLACEMENT, AND POST-PLACEMENT SUPPORT; (C) TRAINING AND PROFESSIONAL DEVELOPMENT FOR PARTNERS AND PROJECT STAFF, AND PARTICIPATION IN REGULAR QUARTERLY MEETINGS OF SEVERAL DIFFERENT LOCAL COLLABORATIVES, TASK FORCES, AND COALITIONS FOCUSED ON SERVING FOREIGN-BORN POPULATIONS; AND (D) DATA COLLECTION AND PROJECT EVALUATION.",CA,CA53000,252,department-of-justice,ASST_NON_15POVC22GG03778HT_015,True
231634602,15POVC21GG03951HT,ASIAN ASSOCIATION OF UTAH,2021-10-01,2025-09-30,599937.22,Department of Justice,Office of Justice Programs,16.320,ENHANCED HOUSING OPPORTUNITIES FOR SURVIVORS OF TRAFFICKING (EHOST),UT,UT67000,252,department-of-justice,ASST_NON_15POVC21GG03951HT_015,True
231634595,15POVC21GG03944HT,INTERNATIONAL RESCUE COMMITTEE INC,2021-10-01,2024-09-30,599888.0,Department of Justice,Office of Justice Programs,16.320,HOUSING AND RENTAL ASSISTANCE PROGRAM (HRAP),CA,CA53000,252,department-of-justice,ASST_NON_15POVC21GG03944HT_015,True
231635139,15POVC22GG03883HT,"WORKER JUSTICE CENTER OF NEW YORK, INC.",2022-10-01,2026-03-31,599727.0,Department of Justice,Office of Justice Programs,16.320,"WORKER JUSTICE CENTER OF NEW YORK (WJCNY) WILL SERVE HISTORICALLY UNDERSERVED AND MARGINALIZED COMMUNITIES OF MIGRANT FARMWORKERS AND RURAL, IMMIGRANT, AND UNDOCUMENTED LOW-WAGE WORKERS IN NEW YORK. WJCNY’S HUMAN TRAFFICKING PREVENTION PROGRAM HAS THREE PRIMARY GOALS: (1) HELP HUMAN TRAFFICKING VICTIMS IN RURAL AREAS ACCESS CLIENT-CENTERED, TRAUMA-INFORMED COMPREHENSIVE LEGAL SERVICES, WITH A FOCUS ON WORKERS IN AGRICULTURE AND OTHER LOW-WAGE INDUSTRIES. SERVICES INCLUDE DIRECT REPRESENTATION OF VICTIMS FOR IMMIGRATION RELIEF; CIVIL LITIGATION FOR WAGE RECOVERY OR FOR HUMAN TRAFFICKING CLAIMS; CASE MANAGEMENT WITH REFERRALS AND TECHNICAL ASSISTANCE TO PRO-BONO ATTORNEYS ON LEGAL NEEDS OUTSIDE OF THOSE HANDLED IN-HOUSE; ASSISTANCE IN OBTAINING HUMAN SERVICES FOR VICTIMS; AND COORDINATION WITH OTHER GRANTEES RECEIVING USDOJ FUNDS TO SERVE VICTIMS WHO HAVE TRAVELED TO OTHER REGIONS IN THE UNITED STATES. (2) SUPPORT HUMAN TRAFFICKING VICTIMS AND SURVIVORS IN ACHIEVING INCREASED SELF-SUFFICIENCY AND SELF-DETERMINATION THROUGH CLIENT-CENTERED AND CULTURALLY RESPONSIVE CASE MANAGEMENT SERVICES, PROVIDED BY TRAINED STAFF WITH DECADES OF EXPERIENCES SUPPORT HUMAN TRAFFICKING CLIENTS, AND SERVING A PROJECTED 30–35 CLIENTS WITH IMMEDIATE AND ONGOING SUPPORTS TO NAVIGATE COMPLEX LEGAL AND SOCIAL SERVICES SO THEY CAN MOVE TOWARD SAFETY, RECOVERY, AND ECONOMIC INDEPENDENCE, AND LIVE AND WORK FREE FROM ABUSE AND EXPLOITATION. (3) INCREASE SUCCESSFUL RESPONSES TO HUMAN TRAFFICKING VICTIMS AND SURVIVORS THROUGH HUMAN SERVICE AGENCY AND LAW ENFORCEMENT AGENCY COLLABORATION, PROVIDING INDUSTRY-SPECIFIC TRAININGS AND TECHNICAL ASSISTANCE TO STRENGTHEN COLLECTIVE EFFORTS TO IDENTIFY AND ADDRESS TRAFFICKING CASES AND CONNECT VICTIMS AND SURVIVORS TO THE LEGAL AND SUPPORT SERVICES TO AID IN THEIR SAFETY AND RECOVERY AND PURSUIT OF JUSTICE.",NY,NY63000,252,department-of-justice,ASST_NON_15POVC22GG03883HT_015,True
231635681,15POVC23GG04054HT,OASIS PRODUCTIONS,2023-10-01,2026-09-30,599600.0,Department of Justice,Office of Justice Programs,16.320,"THE GOAL OF THE PROJECT IS TOCOMPLEMENT AND EXPAND THE EXISTING MOMS & KIDS PROGRAM BY IMPROVING STEPPING STONES NETWORKS CAPABILITY AND CAPACITY TO PROVIDE RAPID REHOUSING. OUTCOMES TO INCLUDE ADDITION OF A HOUSING NAVIGATOR, NEW HOUSING PARTNERSHIPS, GROWTH IN NUMBER OF FAMILIES HOUSED, AND GROWTH IN NUMBER OF PROGRAM GRADUATES.",IL,IL14000,252,department-of-justice,ASST_NON_15POVC23GG04054HT_015,True
231634615,15POVC21GG03964HT,"AO: ADVOCATING OPPORTUNITY, INC.",2021-10-01,2024-09-30,598719.0,Department of Justice,Office of Justice Programs,16.320,HOLISTIC HOUSING SUPPORT FOR VICTIMS OF HUMAN TRAFFICKING,OH,OH77000,252,department-of-justice,ASST_NON_15POVC21GG03964HT_015,True
231634616,15POVC21GG03965HT,"INTERNATIONAL RESCUE COMMITTEE, INC.",2021-10-01,2024-09-30,598348.0,Department of Justice,Office of Justice Programs,16.320,2021 IRC MARYLAND ANTI-TRAFFICKING HOUSING PROJECT (MATH PROJECT),MD,MD72450,252,department-of-justice,ASST_NON_15POVC21GG03965HT_015,True
231634637,15POVC21GG04198HT,THE TAHIRIH JUSTICE CENTER,2021-10-01,2024-09-30,598187.08,Department of Justice,Office of Justice Programs,16.320,SPECIALIZED LEGAL AND MENTAL HEALTH SERVICES FOR SURVIVORS OF TRAFFICKING THROUGHOUT NORTHERN VIRGINIA,VA,VA27200,252,department-of-justice,ASST_NON_15POVC21GG04198HT_015,True
231634652,15POVC21GG04228HT,FRIENDS OF FARMWORKERS INC,2021-10-01,2024-09-30,597752.0,Department of Justice,Office of Justice Programs,16.320,TRAFFICKING VICTIMS SPECIALIZED LEGAL SERVICES: PROMOTING LONG-TERM RECOVERY & HEALING FOR SURVIVORS OF LABOR TRAFFICKING,PA,PA60000,252,department-of-justice,ASST_NON_15POVC21GG04228HT_015,True
231634603,15POVC21GG03952HT,GLOBAL PEHT CORP,2021-10-01,2025-01-31,597252.33,Department of Justice,Office of Justice Programs,16.320,HOUSING ASSISTANCE AND SUPPORTIVE SERVICES FOR SURVIVORS OF HUMAN TRAFFICKING,CT,CT17520,252,department-of-justice,ASST_NON_15POVC21GG03952HT_015,True
234950388,2020VTBX0093,THE SALVATION ARMY,2020-10-01,2024-01-31,594908.38,Department of Justice,Office of Justice Programs,16.320,THE SALVATION ARMY RESTORATION NOW ANTI-HUMAN TRAFFICKING PROGRAM,NY,NY80599,252,department-of-justice,ASST_NON_2020VTBX0093_015,True
231634642,15POVC21GG04208HT,"RESTORE NYC, INC",2021-10-01,2024-12-31,590442.26,Department of Justice,Office of Justice Programs,16.320,ECONOMIC EMPOWERMENT SERVICES FOR SURVIVORS OF TRAFFICKING IN NEW YORK CITY,NY,NY51000,252,department-of-justice,ASST_NON_15POVC21GG04208HT_015,True
231634597,15POVC21GG03946HT,REAL ESCAPE FROM THE SEX TRADE,2021-10-01,2024-12-31,589817.69,Department of Justice,Office of Justice Programs,16.320,HOUSING ASSISTANCE FOR SURVIVORS OF HUMAN TRAFFICKING,WA,WA63000,252,department-of-justice,ASST_NON_15POVC21GG03946HT_015,True
231634636,15POVC21GG04196HT,AYUDA,2021-10-01,2024-12-31,587754.78,Department of Justice,Office of Justice Programs,16.320,AYUDA'S SERVICES FOR VICTIMS OF HUMAN TRAFFICKING PROJECT,DC,DC50000,252,department-of-justice,ASST_NON_15POVC21GG04196HT_015,True
231634618,15POVC21GG03967HT,BRIGID'S HOUSE OF HOPE,2021-10-01,2025-03-31,583586.0,Department of Justice,Office of Justice Programs,16.320,BRIGID'S HOUSE OF HOPE - RESTORATIVE SAFE HOUSING FOR VICTIMS OF TRAFFICKING,NH,NH14200,252,department-of-justice,ASST_NON_15POVC21GG03967HT_015,True
231634617,15POVC21GG03966HT,"COVENANT HOUSE NEW JERSEY, INC.",2021-10-01,2025-03-31,579636.0,Department of Justice,Office of Justice Programs,16.320,CHNJ TRANSITIONAL HOUSING FOR VICTIMS OF HUMAN TRAFFICKING,NJ,NJ51000,252,department-of-justice,ASST_NON_15POVC21GG03966HT_015,True
231634623,15POVC21GG04002MINO,MCMAHON/RYAN CHILD ADVOCACY SITE INC,2021-10-01,2024-12-31,577502.0,Department of Justice,Office of Justice Programs,16.320,SERVICES TO MINOR VICTIMS OF SEX TRAFFICKING,NY,NY73000,252,department-of-justice,ASST_NON_15POVC21GG04002MINO_015,True
234950446,2020VTBXK035,CITY OF SAN ANTONIO,2020-10-01,2024-09-30,570154.75,Department of Justice,Office of Justice Programs,16.320,FY20 CITY OF SAN ANTONIO POLICE DEPARTMENT ENHANCED COLLABORATIVE MODEL TASK FORCE TO COMBAT HUMAN TRAFFICKING,TX,TX65000,252,department-of-justice,ASST_NON_2020VTBXK035_015,True
231634613,15POVC21GG03962HT,"HEALING ACTION NETWORK, INC.",2021-10-01,2024-12-31,565769.13,Department of Justice,Office of Justice Programs,16.320,RENT - RESTORATIVE ENVIRONMENT FOR A NEW TRANSITION,MO,MO65000,252,department-of-justice,ASST_NON_15POVC21GG03962HT_015,True
231635675,15POVC23GG04048HT,EMPOWER HER NETWORK INC.,2023-10-01,2027-09-30,562502.0,Department of Justice,Office of Justice Programs,16.320,"EMPOWER HER NETWORK WILL PROVIDE HOUSING SUPPORT AND SERVICES FOR SURVIVORS OF LABOR AND SEX TRAFFICKING.THE PROJECT WILL PROVIDE SHORT-TERM HOUSING ASSISTANCE THAT LEADS TO PERMANENT PLACEMENT FOR120 SURVIVORS IN THREE YEARSFROM THE FOLLOWING NORTHEAST OHIO COUNTIES: STARK, PORTAGE, SUMMIT, LORRAIN, HAMILTON, TUSCARAWAS,ANDFRANKLIN.",CT,CT99999,252,department-of-justice,ASST_NON_15POVC23GG04048HT_015,True
234950441,2020VTBXK030,TRANSITIONS FAMILY VIOLENCE SERVICES,2020-10-01,2024-09-30,556635.56,Department of Justice,Office of Justice Programs,16.320,HAMPTON ROADS HUMAN TRAFFICKING TASK FORCE CONTINUATION AND EXPANSION,VA,VA35000,252,department-of-justice,ASST_NON_2020VTBXK030_015,True
231634605,15POVC21GG03954HT,FRESNO COUNTY ECONOMIC OPPORTUNITIES COMMISSION,2021-10-01,2025-06-30,555393.49,Department of Justice,Office of Justice Programs,16.320,CENTRAL VALLEY AGAINST HUMAN TRAFFICKING PROJECT,CA,CA27000,252,department-of-justice,ASST_NON_15POVC21GG03954HT_015,True
234950397,2020VTBX0102,"PATHFINDERS MILWAUKEE, INC.",2020-10-01,2024-07-31,549376.0,Department of Justice,Office of Justice Programs,16.320,PATHFINDERS SPECIALIZED SERVICES FOR YOUTH VICTIMS OF SEX TRAFFICKING,WI,WI53000,252,department-of-justice,ASST_NON_2020VTBX0102_015,True
234938921,2019VTBX0089,T.E.S.S.A.,2020-01-01,2024-12-31,549317.0,Department of Justice,Office of Justice Programs,16.320,PIKES PEAK ANTI-TRAFFICKING PROGRAM,CO,CO16000,252,department-of-justice,ASST_NON_2019VTBX0089_015,True
234950434,2020VTBXK020,"HOWARD COUNTY, MARYLAND",2020-10-01,2024-09-30,544465.2,Department of Justice,Office of Justice Programs,16.320,HOWARD COUNTY HUMAN TRAFFICKING PREVENTION COORDINATION COUNCIL,MD,MD26000,252,department-of-justice,ASST_NON_2020VTBXK020_015,True
231635132,15POVC22GG03800HT,FREE TO THRIVE,2022-10-01,2025-09-30,527936.91,Department of Justice,Office of Justice Programs,16.320,"FREE TO THRIVE'S (FTT) PROJECT WILL EXPAND EXISTING CRIMINAL RECORD RELIEF (CRR) SERVICES TO HUMAN TRAFFICKING (HT) VICTIMS THROUGHOUT SOUTHERN CALIFORNIA, WITH A FOCUS ON LOS ANGELES. FTT WILL ALSO WORK WITH ITS HUMAN TRAFFICKING (HT) CLIENTS TO CLEAR THEIR CRIMINAL RECORDS STATEWIDE. CLEARING A HT VICTIM’S CRIMINAL RECORD REMOVES SIGNIFICANT BARRIERS TO STABLE EMPLOYMENT, SAFE HOUSING, LOANS, GOVERNMENT BENEFITS, AND FAMILY REUNIFICATION. IT ALSO ENABLES THEM TO ACCESS VICTIM’S BENEFITS, VOLUNTEER AT THEIR CHILDREN’S SCHOOLS, AND SHED THE STIGMA OF HAVING A CRIMINAL RECORD. THE PROJECT TARGETS UNDERSERVED CRIMINALIZED HT VICTIMS, WHO ARE MEMBERS OF COMMUNITIES THAT HAVE BEEN HISTORICALLY MARGINALIZED AND ADVERSELY AFFECTED BY INEQUALITY. FTT WILL PROVIDE CRR DIRECTLY AND THROUGH ITS PRO BONO ATTORNEY NETWORK. THE PROJECT’S GOALS INCLUDE: INCREASING IDENTIFICATION OF CRIMINALIZED HT VICTIMS; CLEARING HT VICTIMS’ CRIMINAL RECORDS TO IMPROVE THE WELL-BEING OF VICTIMS AND THEIR FAMILIES; AND INCREASING ACCESS TO TRAUMA-INFORMED CIVIL LEGAL SERVICES AND NON-LEGAL SOCIAL SERVICES FOR HT VICTIMS. TO EFFECTIVELY PROVIDE CRR SERVICES, FTT WILL: (I) SCREEN INCARCERATED WOMEN AND OUT-OF-CUSTODY CRIMINALIZED INDIVIDUALS TO IDENTIFY HT VICTIMS ELIGIBLE FOR CRR; (II) TRAIN SOCIAL SERVICE ORGANIZATIONS TO IDENTIFY VICTIMS AMONG THEIR VULNERABLE CLIENT POPULATIONS; (III) PROVIDE CRR TO HT VICTIMS; (IV) TRAIN AND SUPPORT PRO BONO ATTORNEYS REPRESENTING HT VICTIMS WITH CRR; AND (V) TRAIN CRIMINAL JUSTICE SYSTEM STAKEHOLDERS REGARDING HT AND CRR LAWS. IN ADDITION, FTT WILL REFER ITS CRR CLIENTS TO OTHER FTT PROGRAMS, AND TO PARTNER ORGANIZATIONS, TO COMPREHENSIVELY MEET THEIR OTHER LEGAL NEEDS AND NON-LEGAL SOCIAL SERVICE NEEDS.",CA,CA66000,252,department-of-justice,ASST_NON_15POVC22GG03800HT_015,True
231634600,15POVC21GG03949HT,"INTERNATIONAL RESCUE COMMITTEE, INC.",2021-10-01,2025-03-31,526178.0,Department of Justice,Office of Justice Programs,16.320,IRC IN TALLAHASSEE'S SURVIVORS HOUSING ASSISTANCE PROGRAM 2021,GA,GA04000,252,department-of-justice,ASST_NON_15POVC21GG03949HT_015,True
231635775,15POVC23GK02759HT,YOUNG WOMENS CHRISTIAN ASSOCIATION OF TOPEKA,2023-10-01,2027-09-30,513386.0,Department of Justice,Office of Justice Programs,16.320,"THE SHAWNEE COUNTY DISTRICT ATTORNEYS OFFICE (SNCODA), AN OFFICE WITHIN THE SHAWNEE COUNTY, KANSAS GOVERNMENT, AND YWCA NORTHEAST KANSAS ARE JOINTLY APPLYING FOR THE OVC FY2023 ENHANCED COLLABORATIVE MODEL TASK FORCE TO COMBAT HUMAN TRAFFICKING GRANT, PURPOSE AREA 1: DEVELOPMENT OF NEW HUMAN TRAFFICKING TASK FORCES. THIS FUNDING WILL BE USED TO DEVELOP THE KAW VALLEY ANTI-HUMAN TRAFFICKING TASK FORCE (KVHTTF) INTO AN ENHANCED COLLABORATIVE MODEL TASK FORCE THAT WILL EXPAND LAW ENFORCEMENT AND SOCIAL SERVICES RESPONSES TO VICTIMS OF HUMAN TRAFFICKING. HIRING DEDICATED, SPECIALIZED INVESTIGATIVE STAFF, WILL RESULT IN INCREASED INTELLIGENCE-BASED INVESTIGATIONS, AND PROVIDE WRAPAROUND SERVICES TO VICTIMS.THE KVHTTF SERVES THREE CONTIGUOUS COUNTIES: JACKSON, SHAWNEE, AND OSAGE. ACCORDING TO DATA FROM THE U.S. CENSUS BUREAU, THEIR COMBINED POPULATION IS 205,361, WITH MOST RESIDENTS LOCATED IN AND AROUND THE CAPITAL CITY OF TOPEKA, SHAWNEE COUNTY, KANSAS.

TOPEKA IS 60 MILES TO THE WEST OF KANSAS CITY ON I-70 AND IS INTERSECTED BY HIGHWAY 75 NORTH TO JACKSON COUNTY, AND HIGHWAY 75 SOUTH TO OSAGE COUNTY. SOUTHWEST VIA I-335 IS WICHITA, THE STATES LARGEST CITY. HIGHWAY 24 BEGINS 30 MILES EAST OF TOPEKA AND HEADS NORTHWEST WHERE IT PASSES JUST NORTH OF THE CITY AND CROSSES HWY 75. ACCORDING TO DATA COLLECTED FROM THE KANSAS DEPARTMENT OF TRANSPORTATION, THE COMBINED HIGHEST DAILY TRAFFIC AVERAGE OF ALL MAJOR HIGHWAYS IN TOPEKA IS APPROXIMATELY 107,920 CARS PER DAY. INEVITABLY, THIS BRINGS MORE CRIME INTO THE SERVICE AREA, INCLUDING AN INCREASE IN HUMAN TRAFFICKING AS RECENTLY OBSERVED IN TASK FORCE OPERATIONS.

IN THE LAST FOUR YEARS, THE SHAWNEE COUNTY SHERIFFS OFFICE (SSO) HAS 22 DOCUMENTED HUMAN TRAFFICKING INVESTIGATIONS, AND THE KANSAS BUREAU OF INVESTIGATIONS (KBI) HAS DOCUMENTED 23 HUMAN TRAFFICKING TIPS ASSIGNED TO AGENCIES FOR INVESTIGATION WITHIN THE SERVICE AREA. SNCODA HAS PROSECUTED SIX HUMAN TRAFFICKING CASES, AND YWCA NORTHEAST KANSAS CENTER FOR SAFETY AND EMPOWERMENT HAS SERVED 228 HUMAN TRAFFICKING VICTIMS. OFFICE FOR VICTIMS OF CRIME FUNDING WILL PROVIDE KVHTTF AND YWCA NORTHEAST KANSAS WITH NEEDED RESOURCES TO EXPAND AND ENHANCE THEIR ABILITY TO SIGNIFICANTLY INCREASE IDENTIFICATION OF HUMAN TRAFFICKING VICTIMS, EXPAND THE SERVICES THEY RECEIVE, AND HOLD THE TRAFFICKERS ACCOUNTABLE THROUGH TASK FORCE INVESTIGATIONS AND PROSECUTIONS WITHIN THE SERVICE AREA.",KS,KS71000,252,department-of-justice,ASST_NON_15POVC23GK02759HT_015,True
231634663,15POVC21GG04249HT,UNIVERSITY OF BALTIMORE,2021-10-01,2025-09-30,505483.66,Department of Justice,Office of Justice Programs,16.320,HUMAN TRAFFICKING PREVENTION PROJECT,MD,MD04000,252,department-of-justice,ASST_NON_15POVC21GG04249HT_015,True
231635221,15POVC22GK03716HT,CITY OF TULSA,2022-10-01,2026-09-30,504088.0,Department of Justice,Office of Justice Programs,16.320,"SINCE 2013, OKLAHOMA COALITION AGAINST HUMAN TRAFFICKING (OCAT) HAS BEEN WORKING TO ADVANCE A MULTI-DISCIPLINARY RESPONSE FOR HUMAN TRAFFICKING PREVENTION, PROTECTION, AND PROSECUTION IN NORTHEAST OKLAHOMA AS AN UNFUNDED TASK FORCE. UNDER THE LEADERSHIP OF THE FAMILY SAFETY CENTER (FSC), 37 AGENCIES WORK TOGETHER TO BUILD PROGRAMS AND PARTNERSHIPS TO BETTER SUPPORT THE PREVENTION OF HUMAN TRAFFICKING, PROTECTION OF ITS VICTIMS, AND PROSECUTION OF THE OFFENDERS.  GREATER STRIDES CAN BE MADE IN ASSISTING HUMAN TRAFFICKING VICTIMS BY GROWING AND FORMALIZING THE STRUCTURE OF THE COALITION.

 

THE PURPOSE OF THE PROJECT WILL ALLOW THE OCAT, WITH TULSA POLICE AS IT’S LAW ENFORCEMENT PARTNER, TO BATTLE THE DISTURBING CRIMES OF HUMAN TRAFFICKING MORE EFFECTIVELY IN THE TULSA AREA. THE PRIMARY ACTIVITIES WILL INCLUDE RESCUING AND PROTECTING VICTIMS FROM THEIR ABUSERS, PROVIDING GREATER SERVICES TO VICTIMS, IMPROVING SHARING AND COMMUNITY OUTREACH, ENHANCING PROSECUTORIAL SUCCESS, CREATING GREATER VICTIM CENTERED AND COLLABORATIVE APPROACHES TO ADDRESSING HUMAN TRAFFICKING, PROTECTING UNDERSERVED COMMUNITIES, AND ENHANCING DATA COLLECTION.

 

THE FORMAL NAME OF THE HUMAN TRAFFICKING TASK FORCE WILL BE THE OKLAHOMA COALITION AGAINST TRAFFICKING AND SERVE THE GREATER AREA OF NORTHEASTERN OKLAHOMA.  THE LAW ENFORCEMENT AGENCY PARTNERED WITH OCAT IS THE TULSA POLICE DEPARTMENT (TPD); THE SERVICE PROVIDER APPLICANT PARTNER IS THE FAMILY SAFETY CENTER.  THE FUNDS RECEIVED FROM THIS GRANT WILL STRENGTHEN THE COLLABORATION BETWEEN THE ENTITIES IN FIGHTING HUMAN TRAFFICKING AND BRINGING HEALING TO VICTIMS.  TPD IS REQUESTING $672,088 IN FUNDS AND THE FAMILY SAFETY CENTER IS REQUESTING $750,000.00.

 

TPD HAS HAD MANY HUMAN TRAFFICKING INVESTIGATIONS AND PROSECUTIONS INVOLVING THE TULSA COUNTY DISTRICT ATTORNEY’S OFFICE AND THE NORTHERN DISTRICT OF OKLAHOMA’S FEDERAL PROSECUTORS.  FROM 2019 THROUGH 2021 THE NORTHERN DISTRICT HAS PROSECUTED SEVEN HUMAN TRAFFICKING CASES, THE TULSA COUNTY DISTRICT ATTORNEY’S OFFICE PROSECUTED 60 CASES, AND TPD INVESTIGATED 73 CASES.  OCAT AND THE FSC SERVICED MANY HUMAN TRAFFICKING VICTIMS IN THE TULSA AREA.  FROM 2019-2021 THE FSC PROVIDED SERVICES TO 17,482 CLIENTS; 18 OF THESE WERE SPECIFIC TO HUMAN TRAFFICKING. FSC PARTNERS SERVED 340 VICTIMS OR PERSONS IN NEED OF HUMAN TRAFFICKING ASSISTANCE. WITH THIS GRANT, OCAT WILL BECOME MORE EFFECTIVE AT UNCOVERING, RESCUING, AND PROVIDING HEALING RESOURCES TO VICTIMS OF HUMAN TRAFFICKING THROUGHOUT THE TULSA AREA.",OK,OK75000,252,department-of-justice,ASST_NON_15POVC22GK03716HT_015,True
231634730,15POVC21GK04082HT,DIVISION OF CRIMINAL JUSTICE,2021-10-01,2025-09-30,501583.77,Department of Justice,Office of Justice Programs,16.320,REGIONALIZED HUMAN TRAFFICKING RECOVERY TASKFORCE (RHTRT),CT,CT65440,252,department-of-justice,ASST_NON_15POVC21GK04082HT_015,True
234950357,2020VTBX0060,"SANTA MARIA HOSTEL, INC.",2020-05-01,2025-04-30,500000.0,Department of Justice,Office of Justice Programs,16.320,STARS (SURVIVORS OF TRAFFICKING ACHIEVE RECOVERY AND STABILITY),TX,TX35000,252,department-of-justice,ASST_NON_2020VTBX0060_015,True
234950302,2020VTBX0001,CALL TO FREEDOM INC,2020-05-01,2024-01-31,500000.0,Department of Justice,Office of Justice Programs,16.320,SOUTH DAKOTA RURAL AND TRIBAL TRANSITIONAL HOUSING AND SUPPORTIVE SERVICES FOR VICTIMS OF HUMAN TRAFFICKING,SD,SD59020,252,department-of-justice,ASST_NON_2020VTBX0001_015,True
231635108,15POVC22GG03751GIRL,UNBOUND NOW,2022-10-01,2025-09-30,500000.0,Department of Justice,Office of Justice Programs,16.035,"UNBOUND’S EARLY INTERVENTION PROGRAM WILL ENHANCE PREVENTION AND EARLY INTERVENTION SERVICES FOR GIRLS WHO ARE AT RISK OR ARE VICTIMS OF SEX TRAFFICKING, THROUGH THE EMPLOYMENT OF EARLY INTERVENTION SPECIALISTS (EIS) AT UNBOUND’S OFFICES IN BCS, AUSTIN, WACO, AND HOUSTON, TEXAS. THIS PROJECT WILL SERVE THE AREAS SURROUNDING FOUR OF UNBOUND’S LOCATIONS IN TEXAS: AUSTIN (TRAVIS, BASTROP, HAYS, WILLIAMSON COUNTIES - 2,170,291 POPULATION, 2020 U.S. CENSUS), HOUSTON (BRAZORIA, GALVESTON, HARRIS COUNTIES - 5,436,807 POPULATION, 2020 U.S. CENSUS), WACO (BOSQUE, FALLS, FREESTONE, HILL, LIMESTONE AND MCLENNAN COUNTIES - 368,971 POPULATION, 2020 U.S. CENSUS), BRYAN/COLLEGE STATION (BCS) (BRAZOS COUNTY - 226,370 POPULATION, 2020 U.S.

CENSUS). PROJECT STAFF ACROSS LOCATIONS WILL SERVE GIRLS UNDER THE AGE OF 18 WHO ARE AT HIGH RISK OF SEX TRAFFICKING OR SEXUAL EXPLOITATION.UNBOUND REDUCES CRIMINALIZATION OF MINOR SURVIVORS OF HUMAN TRAFFICKING THROUGH IDENTIFICATION OF SURVIVORS WITHIN THE JUVENILE JUSTICE SYSTEM, TRAUMA-INFORMED AND EVIDENCE-BASED SERVICES, AND ENHANCED COLLABORATION WITH LAW ENFORCEMENT THROUGH SOFT INTERVIEW ROOMS AND VICTIM SERVICES. UNBOUND IS UNIQUELY PLACED WITH QUALIFIED STAFF TO FACILITATE THIS STRATEGY OF REDUCED CRIMINALIZATION IN NORTH AND CENTRAL TEXAS, WHICH MEANS THAT VICTIMS IN BOTH URBAN AND RURAL AREAS RECEIVE VICTIM-CENTERED AND EVIDENCE-BASED SERVICES AND IDENTIFICATION-FOCUSED OUTREACH. ADDITIONALLY, OUR STAFF ARE TRAINED TO PROVIDE CULTURALLY RESPONSIVE SERVICES TO BIPOC AND LGBTQ+ SURVIVORS, WHO ARE HISTORICALLY UNDERSERVED IN THE ANTI-TRAFFICKING SERVICE INFRASTRUCTURE, THUS FITTING PRIORITY AREA A (PROMOTING RACIAL EQUITY AND REMOVING BARRIERS TO ACCESS FOR COMMUNITIES THAT HAVE BEEN HISTORICALLY UNDERSERVED). UNBOUND’S CONTINUUM OF SERVICES TO REDUCE CRIMINALIZATION BEGINS WITH THE IMPLEMENTATION OF OUTREACH CAMPAIGNS WITHIN THE SCOTT G. MOORE JUVENILE JUSTICE CENTER IN NORTH TEXAS AND THE BILL LOGUE JUVENILE JUSTICE CENTER IN CENTRAL TEXAS. RESEARCH SHOWS THAT INVOLVEMENT IN JUVENILE JUSTICE SYSTEMS IS HIGHLY CORRELATED WITH SEX TRAFFICKING, AND MINOR VICTIMS OF TRAFFICKING ARE UNLIKELY TO SELF-IDENTIFY. THEREFORE, THIS OUTREACH WILL BUILD TRUST-BASED RELATIONSHIPS WITH UNBOUND STAFF WHO FACILITATE OUTREACH THAT CREATES OPPORTUNITIES FOR YOUTH TO CONSIDER THEIR EXPERIENCES AND POTENTIALLY DISCLOSE VICTIMIZATION, WHICH ALLOWS UNBOUND’S TRAINED ADVOCATES TO WORK WITH THEM AS THEY RECOVER FROM THE TRAUMA OF TRAFFICKING.",TX,TX76000,252,department-of-justice,ASST_NON_15POVC22GG03751GIRL_015,True
231635107,15POVC22GG03750GIRL,COMMUNITY VIOLENCE SOLUTIONS,2022-10-01,2026-09-30,500000.0,Department of Justice,Office of Justice Programs,16.035,"THE OFFICE OF THE DISTRICT ATTORNEY (DA) AND THE COMMUNITY VIOLENCE SOLUTIONS  EXPAND AND STRENGTHEN EARLY INTERVENTION SERVICES FOR GIRLS WHO ARE AT RISK OF, OR ARE VICTIMS OF, SEX TRAFFICKING. THE OBJECTIVES OF THE PROGRAM ARE TO: 1) SCALE UP EVIDENCE-BASED PREVENTION PROGRAMMING FOR GIRLS ACROSS CCC AND THE BAY AREA; AND 2) INCREASE EFFORTS TO IDENTIFY AND PROVIDE SERVICES TO GIRLS WHO ARE AT RISK OR, OR ARE VICTIMS OF, SEXUAL EXPLOITATION OR SEX TRAFFICKING. CVS WILL UNDERTAKE THE FOLLOWING SEVEN ACTIVITIES TO ADDRESS THE CURRENT GAPS IN PREVENTING GIRLS’ TRAFFICKING AND IDENTIFYING AND SERVING GIRLS WHO ARE VICTIMS OF TRAFFICKING OR AS RISK OF BEING TRAFFICKED. ACTIVITIES WILL BE SPECIFICALLY DESIGNED FOR/GEARED TO GIRLS BY THEIR AGE GROUPS (10-14, 15-18 AND 19-24), AND WILL TAKE INTO CONSIDERATION SPECIFIC CHALLENGES THAT MAY BE PRESENTED FOR OUT-OF-SCHOOL GIRLS, THOSE WITH DISABILITIES, LGBTQ INDIVIDUALS, THOSE EXPERIENCING HOMELESSNESS, MOTHERS, AND IMMIGRANTS. CVS WILL DIRECTLY PROVIDE THE FOLLOWING: IDENTIFICATION, CSE-IT ASSESSMENT, CASE MANAGEMENT, CRISIS INTERVENTION, THERAPY, PREVENTION WORKSHOPS, AND MENTORSHIP/ LEADERSHIP PROGRAMMING. CVS WILL TAP INTO ITS NETWORK OF DOZENS OF CCC PARTNERS THAT SPECIALIZE IN VARIOUS VICTIM SERVICES (LEGAL, EMPLOYMENT/EDUCATION, HOUSING, HEALTHCARE ETC.) ON AN AS-NEEDED BASIS THROUGH REFERRAL FROM CASE MANAGERS OR CRISIS INTERVENTION SPECIALISTS TO ENSURE THE IDENTIFIED GIRLS HAVE ACCESS TO COMPREHENSIVE SERVICES.",CA,CA68294,252,department-of-justice,ASST_NON_15POVC22GG03750GIRL_015,True
231634702,15POVC21GK03264HT,"I.D.E.A. ANALYTICS, LLC",2021-10-01,2024-09-30,500000.0,Department of Justice,Office of Justice Programs,16.320,"IDEA ANALYTICS WILL DEVELOP THE DYNAMIC APPROACHES TO TRAFFICKING THROUGH ANALYTICAL SOLUTIONS, EDUCATION, AND TRAINING (DATASET) TTA PROJECT TO SUPPORT FIELD-GENERATED REQUESTS FROM LEAS INTERESTED IN STRATEGICALLY DEVELOPING OR ENHANCING THEIR ANTI-TRAFFICKING EFFORTS THROUGH DATA. THE DATASET PROJECT PROCESS BUILDS ON THE FOUR-PHASED AGILE TTA METHODOLOGY TO IDENTIFY – DEVELOP - EDUCATE – ASSESS. IDEA COMBINES THIS METHODOLOGY WITH HUMAN-CENTERED DESIGN TECHNIQUES, LEADERSHIP COACHING, ADULT LEARNING METHODS, AND DATA DRIVEN ACCOUNTABILITY TO PROVIDE SOLUTIONS FOR LEAS AND SUPPORT COMPLEX CRIMINAL INVESTIGATIONS, PROSECUTORIAL EFFORTS, AND VICTIM-SERVICES. TTA DELIVERED THROUGH THIS PROGRAM WILL BUILD EVIDENCE-BASED, DATA-DRIVEN APPROACHES TO IDENTIFY SEX AND LABOR TRAFFICKING, DEVELOP INVESTIGATIVE RESPONSES, EDUCATE STAFF AND STAKEHOLDERS, AND ASSESS PROGRESS ON IDENTIFYING AND SERVING HUMAN TRAFFICKING VICTIMS. IN ADDITION TO CUSTOMIZED TTA, A VIRTUAL NETWORK CAN PROVIDE TTA RECIPIENTS ACCESS TO RESEARCH, DATA AND ASYNCHRONOUS LEARNING MODULES FROM THE IDEA TEAM AND PEER AGENCIES THROUGHOUT THEIR ENGAGEMENT AND AFTER.",AZ,AZ55000,252,department-of-justice,ASST_NON_15POVC21GK03264HT_015,True
231634701,15POVC21GK03263HT,AEQUITAS,2021-10-01,2025-09-30,500000.0,Department of Justice,Office of Justice Programs,16.320,MAXIMIZING JUSTICE; MINIMIZING HARM: THE PROSECUTORÂS ROLE IN ACHIEVING SURVIVOR-CENTERED JUSTICE,DC,DC50000,252,department-of-justice,ASST_NON_15POVC21GK03263HT_015,True
231634700,15POVC21GK03262HT,INTERNATIONAL ASSOCIATION OF CHIEFS OF POLICE,2021-10-01,2025-01-31,500000.0,Department of Justice,Office of Justice Programs,16.320,BUILDING AGENCY CAPACITY: A TOOLKIT FOR HUMAN TRAFFICKING INVESTIGATIONS,VA,VA01000,252,department-of-justice,ASST_NON_15POVC21GK03262HT_015,True
231634699,15POVC21GK03261HT,"VERA INSTITUTE OF JUSTICE, INC.",2021-10-01,2025-06-30,500000.0,Department of Justice,Office of Justice Programs,16.320,TRAINING AND TECHNICAL ASSISTANCE FOR LAW ENFORCEMENT FOR RESPONDING TO HUMAN TRAFFICKING OF PEOPLE WITH DISABILITIES,NY,NY10021,252,department-of-justice,ASST_NON_15POVC21GK03261HT_015,True
234950317,2020VTBX0019,CINCINNATI UNION BETHEL,2020-05-01,2024-04-30,499999.99,Department of Justice,Office of Justice Programs,16.320,OFF THE STREETS: A TRANSITIONAL HOUSING PROGRAM FOR VICTIMS OF HUMAN TRAFFICKING,OH,OH15000,252,department-of-justice,ASST_NON_2020VTBX0019_015,True
234950339,2020VTBX0041,"UNIVERSITY OF MARYLAND, COLLEGE PARK",2020-05-01,2025-04-30,499990.0,Department of Justice,Office of Justice Programs,16.320,SHORT-TERM HOUSING ASSISTANCE FOR HUMAN TRAFFICKING SURVIVORS: A PATH TO PERMANENT HOUSING,MD,MD18750,252,department-of-justice,ASST_NON_2020VTBX0041_015,True
231634664,15POVC21GG04251HT,"BAYSTATE MEDICAL CENTER, INC.",2021-10-01,2024-09-30,499280.15,Department of Justice,Office of Justice Programs,16.320,ONE MISSION: A COMPREHENSIVE SERVICE PROGRAM FOR VICTIMS OF HUMAN TRAFFICKING,MA,MA67000,252,department-of-justice,ASST_NON_15POVC21GG04251HT_015,True
234950382,2020VTBX0087,INTERNATIONAL INSTITUTE OF MINNESOTA,2020-10-01,2024-09-30,496459.64,Department of Justice,Office of Justice Programs,16.320,SPECIALIZED SERVICES FOR HUMAN TRAFFICKING VICTIMS IN HENNEPIN COUNTY  MINNESOTA,MN,MN58000,252,department-of-justice,ASST_NON_2020VTBX0087_015,True
231635772,15POVC23GK02753HT,COUNTY OF WESTCHESTER,2023-10-01,2026-09-30,494138.0,Department of Justice,Office of Justice Programs,16.320,"THE TASK FORCE WILL USE COMPREHENSIVE, TRAUMA-INFORMED APPROACHES, PROMOTE RACIAL EQUITY TO REMOVE BARRIERS TO ACCESS AMONG VULNERABLE COMMUNITIES. PROJECT ACTIVITIES: 1) CONDUCT PROACTIVE INVESTIGATIONS OF HUMAN TRAFFICKING; 2) EXPAND TASK FORCE PARTNERSHIPS TO UNDERSERVED, MARGINALIZED COMMUNITIES AND ORGANIZATIONS SERVING POPULATIONS AT RISK FOR LABOR TRAFFICKING; 3) EXPAND AND FORMALIZE SURVIVOR ENGAGEMENT AND MENTORING; 4) EXPAND ACCESS TO SERVICES FOR VICTIMS (IE. LABOR TRAFFICKING); 5) DEVELOP ACCESSIBLE, CULTURALLY APPROPRIATE, AND SURVIVOR-INFORMED POLICIES AND PROTOCOLS; 6) STRENGTHEN DATA COLLECTION AND ANALYSIS. EXPECTED OUTCOMES INCLUDE INCREASED: 1) NUMBER OF LAW ENFORCEMENT AND COMMUNITY PARTNERS TRAINED TO IDENTIFY AND REFER VICTIMS OF HUMAN TRAFFICKING; 2) RATE OF IDENTIFICATION OF INDIVIDUALS EXPERIENCING TRAFFICKING, ESPECIALLY LABOR TRAFFICKING; 3) NUMBER OF INDIVIDUALS EXPERIENCING HUMAN TRAFFICKING REFERRED FOR TRAUMA-INFORMED, SURVIVOR-INFORMED SERVICES; 4) NUMBER OF INVESTIGATIONS/PROSECUTIONS OF HUMAN TRAFFICKING CASES; 5) ENGAGEMENT/INPUT OF SURVIVORS IN TASK FORCE ACTIVITIES. 

THE SERVICE AREA OF WESTCHESTER COUNTY (1 MILLION POPULATION) IS A PRIME LOCATION FOR HUMAN TRAFFICKING DUE TO ITS PROXIMITY TO NEW YORK CITY, PANDEMIC MIGRANTS, IMMIGRANT POPULATION, AND INDUSTRIAL WORKER EXPANSION IN ITS 6 CITIES, 19 TOWNS, AND 23 VILLAGES. INTENDED BENEFICIARIES ARE VICTIMS/SURVIVORS OF HUMAN TRAFFICKING; LAW ENFORCEMENT; SERVICE PROVIDERS; AND UNDERSERVED, MARGINALIZED COMMUNITIES AT-RISK OF SEX AND LABOR TRAFFICKING IN WESTCHESTER COUNTY. SUBRECIPIENTS: NEIGHBORS LINK, MY SISTERS PLACE, AND SAVANNAH SANDERS, LLC WILL: 1) EXPAND EDUCATION AND TRAINING ON LABOR TRAFFICKING FOR LOW INCOME, IMMIGRANT COMMUNITIES; 2) INCREASE INTAKE AND CASE MANAGEMENT SERVICES FOR LABOR TRAFFICKING; AND 3) ESTABLISH A LIVED-EXPERIENCE ADVISORY COUNCIL. TRAINING WILL ALSO BE PROVIDED ON DIVERSITY, EQUITY, AND INCLUSION AND DISABILITY INCLUSION. FINALLY, SINCE 2020, THE TASK FORCE HAS CONDUCTED 66 INVESTIGATIONS AND PROSECUTIONS, AND IT IS ESTIMATED THAT SERVICE PROVIDERS HAVE SERVED AT LEAST 165 SURVIVORS OF HUMAN TRAFFICKING.",NY,NY81677,252,department-of-justice,ASST_NON_15POVC23GK02753HT_015,True
231635075,15POVC22GG03668HT,"INTERNATIONAL RESCUE COMMITTEE, INC",2022-10-01,2025-09-30,492839.86,Department of Justice,Office of Justice Programs,16.320,"THE INTERNATIONAL RESCUE COMMITTEE, INC. (IRC), IN PARTNERSHIP WITH WOMEN ESCAPING A VIOLENT ENVIRONMENT, INC. (WEAVE), WILL PROVIDE HOUSING ASSISTANCE AND RELATED SERVICES TO ALL FORMS OF HUMAN TRAFFICKING, INCLUDING FOREIGN-BORN AND DOMESTIC, SEX AND LABOR, MALE, FEMALE AND LGBTQ ADULT VICTIMS THROUGHOUT SACRAMENTO AND THE NORTHERN CALIFORNIA COUNTIES OF SACRAMENTO, AMADOR, SOLANO, EL DORADO, YOLO, SUTTER, PLACER, NEVADA, YUBA, COLUSA, LAKE, SHASTA, TRINITY, MENDOCINO, SIERRA. OVC FUNDING WILL ENABLE IRC TO CONTINUE ITS RAPID REHOUSING PROGRAM (RRHP), TO PROVIDE TRANSITIONAL HOUSING ASSISTANCE FOR 6 – 12 MONTHS AND TO ENHANCE THE HOUSING SERVICES AND SUPPORTIVE SERVICES. ADDITIONALLY, THE RRHP WILL INCLUDE EMERGENCY HOUSING ASSISTANCE THROUGH HOTEL VOUCHERS AND THE HUMAN TRAFFICKING SHELTERS OF CALIFORNIA. THIS PROGRAM WILL PROVIDE TRANSITIONAL HOUSING FOR 50 VICTIMS AND THEIR HOUSEHOLDS, 35 OF WHICH WILL RECEIVE SERVICES THROUGH IRC AND 15 THROUGH THE PROPOSED SUB-GRANTEE, WEAVE.",CA,CA64000,252,department-of-justice,ASST_NON_15POVC22GG03668HT_015,True
234950380,2020VTBX0085,CAPITAL DISTRICT WOMENS BAR ASSOCIATION,2020-10-01,2024-03-31,488066.62,Department of Justice,Office of Justice Programs,16.320,LEGAL SERVICES FOR TRAFFICKING VICTIMS PROGRAM OF NEW YORK'S GREATER CAPITAL REGION,NY,NY01000,252,department-of-justice,ASST_NON_2020VTBX0085_015,True
234950340,2020VTBX0043,"FACE TO FACE HEALTH & COUNSELING SERVICE, INC",2020-05-01,2024-04-30,487621.53,Department of Justice,Office of Justice Programs,16.320,TRANSITIONAL HOUSING FOR TRAFFICKING VICTIMS,MN,MN58000,252,department-of-justice,ASST_NON_2020VTBX0043_015,True
234950319,2020VTBX0021,FIRST NATIONS COMMUNITY HEALTH SOURCE INC,2020-05-01,2025-04-30,485425.62,Department of Justice,Office of Justice Programs,16.320,HOUSING ASSISTANCE PROGRAM,NM,NM02000,252,department-of-justice,ASST_NON_2020VTBX0021_015,True
231634638,15POVC21GG04200HT,"CHILDREN'S ADVOCACY CENTERS OF GEORGIA, INC.",2021-10-01,2025-09-30,484118.02,Department of Justice,Office of Justice Programs,16.320,CHILDREN'S ADVOCACY CENTERS OF GEORGIA CSEC RESPONSE TEAM,GA,GA21380,252,department-of-justice,ASST_NON_15POVC21GG04200HT_015,True
231635110,15POVC22GG03753GIRL,"COMMUNITY SOLUTIONS FOR CHILDREN, FAMILIES AND INDIVIDUALS",2022-10-01,2025-09-30,484052.82,Department of Justice,Office of Justice Programs,16.035,"THERE CURRENTLY ARE LIMITED SERVICES IN PLACE TO SUPPORT FEMALE IDENTIFYING YOUTH DETERMINED TO BE AT RISK FOR OR EXPERIENCING SEXUAL EXPLOITATION.  SINCE 2012, COMMUNITY SOLUTIONS HAS WORKED IN PARTNERSHIP ACROSS DISCIPLINES TO ADDRESS THE NEEDS OF SUSPECTED AND CONFIRMED SURVIVORS OF COMMERCIAL SEXUAL EXPLOITATION.  THIS FUNDING WILL ALLOW US TO INCREASE CAPACITY TO PROVIDE SCREENING, CRISIS INTERVENTION, AND COMPREHENSIVE CASE MANAGEMENT SERVICES TO GIRLS IDENTIFIED AS AT RISK FOR OR EXPERIENCING COMMERCIAL SEXUAL EXPLOITATION IN SANTA CLARA COUNTY.  SPECIFIC SERVICES WILL INCLUDE: (1) CRISIS INTERVENTION, (2) SCREENING UTILIZING THE COMMERCIAL SEXUAL EXPLOITATION-IDENTIFICATION TOOL (CSE-IT), (3) CASE MANAGEMENT INCLUDING PROVISION OF BASIC NEEDS (FOOD, CLOTHING, HYGIENE, ETC.), SAFETY PLANNING, AND GOAL PLANNING, TRANSPORTATION, ADVOCACY AND ACCOMPANIMENT, AND CONNECTION TO REFERRALS AS NEEDED.  CONTINUED TRAINING TO PROFESSIONALS IS INTEGRAL TO IDENTIFICATION OF YOUTH AT RISK FOR OR CURRENTLY EXPERIENCING EXPLOITATION.  TRAINING TO KEY STAKEHOLDERS, INCLUDING, BUT NOT LIMITED TO, PROBATION OFFICERS, SOCIAL WORKERS, BEHAVIORAL HEALTH STAFF, RESIDENTIAL FACILITY STAFF, PARENTS/CAREGIVERS, WILL FOCUS ON THE DEFINITION OF SEXUAL EXPLOITATION, IDENTIFIERS, AND ENGAGEMENT STRATEGIES.  EDUCATION AROUND SERVICES AVAILABLE TO AT RISK FOR AND CONFIRMED SURVIVORS OF SEXUAL EXPLOITATION WILL BE PROVIDED TO YOUTH-SERVING PROFESSIONALS THROUGHOUT THE PROJECT AREA.

ALL GIRLS WHO ARE SCREENED AND IDENTIFIED AS AT RISK FOR SEXUAL EXPLOITATION WILL BE REFERRED FOR VOLUNTARY SERVICES THROUGH THE POINT AGENCY SYSTEM FOR HUMAN TRAFFICKING SERVICES.  THE FOCUS OF SERVICES WILL BE STRENGTHENING CONNECTIONS TO POSITIVE AND/OR NATURAL SUPPORTS, PROMOTING THE INDIVIDUAL STRENGTHS OF THE YOUTH, AND DECREASING RISK FACTORS FOR SEXUAL EXPLOITATION.  THIS PROJECT HAS FOUR SPECIFIC GOALS: (1) WORK IN COLLABORATION WITH YOUTH-SERVING PROFESSIONALS TO ENSURE THAT FEMALE IDENTIFYING YOUTH AT RISK FOR OR EXPERIENCING SEXUAL EXPLOITATION ARE IDENTIFIED AND CONNECTED TO APPROPRIATE SERVICES; (2) PROVIDE COMPREHENSIVE, TRAUMA INFORMED, INDIVIDUALIZED ADVOCACY AND SUPPORTIVE SERVICES TO APPROXIMATELY 120 SYSTEMS INVOLVED AT-RISK GIRLS OVER THE PROJECT TERM; (3) PROVIDE LONG-TERM FOLLOW-UP; AND (4) PROVIDE TRAINING AND TECHNICAL ASSISTANCE TO SYSTEMS AND PROVIDERS THAT WORK WITH AT-RISK GIRLS.  ENGAGEMENT, SHORT-TERM, AND LONG-TERM OUTCOMES RELATED TO SERVICES WILL BE MEASURED USING PROGRAM EVALUATIONS.  TRAINING AND TECHNICAL ASSISTANCE PERFORMANCE RELATED OUTCOMES WILL BE MEASURED USING PRE AND POSTTESTS.",CA,CA29504,252,department-of-justice,ASST_NON_15POVC22GG03753GIRL_015,True
234950305,2020VTBX0006,HARBOUR INC,2020-05-01,2025-04-30,476964.48,Department of Justice,Office of Justice Programs,16.320,TRANSITIONAL LIVING PROGRAM FOR YOUTH VICTIMS OF HUMAN TRAFFICKING,IL,IL57875,252,department-of-justice,ASST_NON_2020VTBX0006_015,True
231635106,15POVC22GG03749GIRL,SAN DIEGO YOUTH SERVICES,2022-10-01,2025-09-30,474980.79,Department of Justice,Office of Justice Programs,16.035,"SAN DIEGO YOUTH SERVICES (SDYS), A 501(C)3 ORGANIZATION, HAS IMPROVED THE LIVES OF 770,000 HOMELESS, RUNAWAY, AND OTHER VULNERABLE YOUTH SINCE OPENING IN 1970 AS ONE OF THE FIRST SHELTERS FOR YOUTH IN THE NATION. SINCE 2002, SDYS HAS BEEN AT THE FOREFRONT OF SERVING YOUTH AND TRANSITION-AGE YOUTH (TAY) SURVIVORS OF SEX TRAFFICKING (ST) OR COMMERCIAL SEXUAL EXPLOITATION (CSE) IN SAN DIEGO, NOW THROUGH THE SURVIVING TOGETHER, ACHIEVING AND REACHING FOR SUCCESS (STARS) AND ICARE PROGRAMS. TO PREVENT TRAFFICKING AND EFFECTIVELY SERVE THOSE WHO HAVE EXPERIENCED ST/CSE IN SD COUNTY, SDYS PROPOSES TO IMPLEMENT A PROGRAM TO IDENTIFY AND SERVE GIRLS UNDER AGE 18 WHO HAVE RUNAWAY OR ARE EXPERIENCING HOMELESSNESS AND ARE THUS HIGHLY VULNERABLE TO TRAFFICKING VICTIMIZATION. SDYS PROPOSES TO IMPLEMENT A PROGRAM TO IDENTIFY AND SERVE GIRLS UNDER AGE 18 WHO HAVE RUNAWAY OR ARE EXPERIENCING HOMELESSNESS AND ARE THUS HIGHLY VULNERABLE TO TRAFFICKING VICTIMIZATION. 

THE PROPOSED PREVENTION AND EARLY INTERVENTION MODEL WILL INCORPORATE EVIDENCE-BASED EXPRESSIVE ARTS THERAPY WITH WORD ON THE STREET ST/CSE PREVENTION CURRICULUM AND ONGOING CASE MANAGEMENT, MENTORING, AND DIVERSITY, EQUITY, AND INCLUSION (DEI) EFFORTS TO REDUCE BARRIERS AND INCREASE ACCESS TO CULTURALLY RESPONSIVE SERVICES. SERVICES WILL BE GROUNDED IN THE USE OF TRAUMA-INFORMED CARE AND CULTURALLY AND DEVELOPMENTALLY RESPONSIVE AND PARTICIPANT-CENTERED APPROACHES USING THE EVIDENCE-BASED PRACTICE MOTIVATIONAL INTERVIEWING (MI) 29 AS PART OF CASE MANAGEMENT. CULTURAL RESPONSIVENESS IS ESSENTIAL TO CREATE AN ENVIRONMENT SHAPED BY AND WELCOMING OF ALL CULTURAL, RACIAL, ETHNIC, LINGUISTIC, GENDER, AND SEXUAL ORIENTATION BACKGROUNDS, INCLUDING A REFLECTIVE AND INCLUSIVE ENVIRONMENT, STAFFING, AND PROGRAM, WHICH IS WHY SDYS PROPOSES SPECIFIC ACTIVITIES TO REDUCE BARRIERS AND INCREASE ACCESS TO SERVICES AND EQUITABLE OUTCOMES IN ALIGNMENT WITH PRIORITY 1A. 

SDYS IS APPLYING FOR PRIORITY 1A, KNOWING THERE IS A DISPROPORTIONATE OVERREPRESENTATION OF AND LACK OF LEADERSHIP OPPORTUNITIES FOR BLACK/AA, LATINA/O/X, IMMIGRANT, AND LGBTQ+ YEH, WHO WILL BE SDYS’S PRIORITY POPULATION, ESPECIALLY THOSE WITH SYSTEM-INVOLVEMENT, E.G., FOSTER OR JUSTICE INVOLVED. 
WITH REQUESTED FUNDS OVER THREE YEARS, SDYS WILL PROVIDE 90 FEMALE MINORS EXPERIENCING HOMELESSNESS: EMOTIONAL SUPPORT, SAFETY, AND HEALTH SERVICES: CASE MANAGEMENT, CRISIS INTERVENTION, SUPPORT GROUPS (132 HYBRID ARTISTIC EXPRESSION AND PREVENTION EDUCATION GROUPS AND 132 MENTORING GROUPS), OTHER THERAPY (ART THERAPY), SAFETY PLANNING, MENTORING; INFORMATION AND REFERRAL: INFORMATION ABOUT TRAFFICKING AND AVAILABLE RESOURCES, REFERRAL TO OTHER VICTIM SERVICE PROGRAMS, SERVICES, SUPPORTS, AND RESOURCES, INCLUDING SUBSTANCE ABUSE TREATMENT; PERSONAL ADVOCACY/ACCOMPANIMENT: INDIVIDUAL ADVOCACY, TRANSPORTATION ASSISTANCE, FAMILY REUNIFICATION, AND INTERPRETER SERVICES; EDUCATION/EMPLOYMENT/LIFE SKILLS: LIFE SKILLS AND JOB READINESS SERVICES.",CA,CA66000,252,department-of-justice,ASST_NON_15POVC22GG03749GIRL_015,True
234950307,2020VTBX0008,"THE CEDAR VALLEY FRIENDS OF THE FAMILY, INC.",2020-05-01,2024-04-30,472608.23,Department of Justice,Office of Justice Programs,16.320,HOME FREE,IA,IA82875,252,department-of-justice,ASST_NON_2020VTBX0008_015,True
234950369,2020VTBX0072,YOUTH & SHELTER SERVICES INC,2020-05-01,2024-04-30,471526.36,Department of Justice,Office of Justice Programs,16.320,YSS HOUSING GRANT FOR VICTIMS OF HUMAN TRAFFICKING,IA,IA01855,252,department-of-justice,ASST_NON_2020VTBX0072_015,True
231635111,15POVC22GG03754GIRL,EMPOWER 225,2022-10-01,2025-09-30,466077.63,Department of Justice,Office of Justice Programs,16.035,"EMPOWER 225 HAS BEEN A KEY PARTNER AND LEADER IN THE LOUISIANA HUMAN TRAFFICKING INITIATIVE FOR MORE THAN ELEVEN YEARS. DURING THIS TIME, E225 HAS LED INITIATIVES TO INCREASE WIDESPREAD TRAFFICKING IDENTIFICATION AND AWARENESS, COORDINATE SERVICE PROVISION, AND IMPROVE VICTIM-CENTERED LEGISLATION. ALTHOUGH THERE IS EVIDENCE OF SIGNIFICANT PROGRESS WITHIN THESE AREAS, GAPS STILL EXIST. THE E225 PREVENTING TRAFFICKING OF GIRLS PROGRAM WILL ADDRESS THE GAPS THAT INCLUDE THE FOLLOWING: (1) PREVENTION/EARLY-INTERVENTION SERVICES FOR GIRLS; (2) PREVENTION SERVICES IN SCHOOLS AND FOR FAMILIES; (3) PREVENTION PROGRAMS IN EAST BATON ROUGE PARISH (EBRP); AND (4) A WELL-DEVELOPED MODEL THAT CAN BE SCALED AND REPLICATED IN OTHER PARISHES. THE EBRP 2020 LOUISIANA CARING COMMUNITIES SURVEYS INDICATED HIGH RATES OF RISK FACTORS AND LOW RATES OF PROTECTIVE FACTORS IN FAMILY AND SCHOOL INDICATORS. WE WILL PILOT THE PTG PROGRAM IN EBRP. PRIMARY ACTIVITIES INCLUDED IN THE PILOT WILL BE: (1) TRAINING STUDENTS USING THE EVIDENCED-BASED SAFE DATES AND NOT A NUMBER TRAFFICKING PREVENTION CURRICULA; (2) ESTABLISHING A TRAFFICKING PREVENTION MENTORING PROGRAM FOR GIRLS AT RISK OF SEX TRAFFICKING BASED ON THE BEST PRACTICE OJJDP’S ELEMENTS OF EFFECTIVE PRACTICE FOR MENTORING MODEL; (3) ENHANCING IDENTIFICATION AND ENSURING TRAFFICKING AWARENESS OF E225 PROGRAMS AND PROGRAM PARTNERS BY PROVIDING HUMAN TRAFFICKING AWARENESS TRAININGS TO PROFESSIONALS (4) AND DEVELOPING A REPLICABLE, SCALABLE MODEL THAT CAN BE USED TO ENHANCE AND SCALE-UP PREVENTION EFFORTS THROUGHOUT THE STATE. 

WE WILL PROVIDE SEX TRAFFICKING PREVENTION TRAINING AND DATING SAFETY CURRICULA IN MIDDLE/HIGH SCHOOLS IN EBRP TO 300 GIRLS THROUGHOUT THE COURSE OF THE GRANT. PREVENTION/EARLY-INTERVENTION SERVICES LIKE CASE MANAGEMENT AND REFERRAL COORDINATION WILL BE OFFERED FOR GIRLS IN THE PROGRAM. THE EVIDENCE-BASED CASEY LIFE SKILLS ASSESSMENT WILL HELP GUIDE EACH GIRLS INDIVIDUALIZED NEEDS PLAN AND GOAL DEVELOPMENT. GIRLS AT-RISK OR WHO ARE VICTIMS OF TRAFFICKING IN PTG CAN PARTICIPATE IN PEER-TO-PEER SUPPORT GROUPS AND GROUP MENTORING ACTIVITIES; RECEIVE REFERRALS TO E225 PROGRAMS AND/OR OUTSIDE PROVIDER REFERRALS; PARTICIPATE IN LIFE SKILLS AND EMPLOYMENT SKILLS CLASSES; AND BUILD STRONG RELATIONSHIPS WITH POSITIVE ADULT ROLE MODELS. ALL E225’S PROGRAM YOUTH WILL BE SCREENED FOR TRAFFICKING USING THE TRAFFICKING SCREENING TOOL AND WILL BE REFERRED TO THE PTG PROGRAM FOR FURTHER ASSESSMENT AND PREVENTATIVE/EARLY-INTERVENTION SERVICES. THE PROGRAM WILL PROVIDE A MODEL FOR DEVELOPING, IMPLEMENTING, AND EVALUATING THAT CAN BE USED THROUGHOUT THE STATE FOR REDUCING/PREVENTING SEX TRAFFICKING OF GIRLS.",LA,LA05000,252,department-of-justice,ASST_NON_15POVC22GG03754GIRL_015,True
234950311,2020VTBX0012,LUTHERAN SOCIAL SERVICE OF MINNESOTA,2020-05-01,2024-04-30,460479.05,Department of Justice,Office of Justice Programs,16.320,LSS BRAINERD SAVING GRACE,MN,MN58000,252,department-of-justice,ASST_NON_2020VTBX0012_015,True
234950322,2020VTBX0024,CATHOLIC CHARITIES OF THE DIOCESE OF PALM BEACH INC,2020-05-01,2024-04-30,454783.65,Department of Justice,Office of Justice Programs,16.320,CATHOLIC CHARITIES OF THE DIOCESE OF PALM BEACH HUMAN TRAFFICKING CLIENTS HOUSING ASSISTANCE,FL,FL60975,252,department-of-justice,ASST_NON_2020VTBX0024_015,True
231635239,15POVC22GK04825HT,COUNTY OF TULARE,2022-10-01,2025-09-30,451831.32,Department of Justice,Office of Justice Programs,16.320,"THE COUNTY OF TULARE IS SEEKING FUNDING THROUGH THE OVC FY 22 ENHANCED COLLABORATIVE MODEL (ECM) TASK FORCE TO COMBAT HUMAN TRAFFICKING SOLICITATION, UNDER PURPOSE AREA 2- EXPANSION OF ESTABLISHED ECM HUMAN TRAFFICKING TASK FORCES. THIS FUNDING WILL SUPPORT THE TULARE COUNTY HUMAN TRAFFICKING TASK FORCE (TCHTTF).

        THE TULARE COUNTY DISTRICT ATTORNEY (TCDA) IS THE APPLICANT AND LEAD LAW ENFORCEMENT AGENCY, AND IS REQUESTING $747,722 IN FEDERAL FUNDING AND WILL MATCH $249,241WITH IN-KIND FUNDING WITH A TOTAL OF $996,963 FOR THE PROGRAM.  THE CO-APPLICANT AS VICTIM SERVICE PROVIDER IS CENTRAL CALIFORNIA FAMILY CRISIS CENTER INC. (CCFCC) AND IS REQUESTING $750,000 IN FEDERAL FUNDING AND WILL MATCH $250,000 IN KIND FUNDING FOR 2022 ECM TO COMBAT HUMAN TRAFFICKING PROGRAM.

        DR. SANDRA MORGAN, DIRECTOR OF VANGUARD UNIVERSITY’S GLOBAL CENTER FOR WOMEN AND JUSTICE, HAS CONDUCTED ASSESSMENT ACTIVITIES THAT HAVE GUIDED THE TCHTTF IN IMPROVING ITS PERFORMANCE AND PROCESSES THROUGHOUT PREVIOUS ECM PROGRAMS. ALONG WITH THE GCWJ’S ASSISTANT DIRECTOR, DEREK MARSH, DR. MORGAN WILL CONTINUE TO ASSESS THE TCHTTF THROUGHOUT THE 2022 ECM PROGRAM AS A SUB-RECIPIENT WITH A FOCUS ON ACTION RESEARCH. 

        THE TCHTTF SERVES TULARE COUNTY, AN AREA WITH A POPULATION OF 463,955 IN THE HEART OF CENTRAL CALIFORNIA. TULARE COUNTY HAS SOME HALLMARKS OF AN AREA WHERE LABOR TRAFFICKING OCCURS IN THIS AGRICULTURAL-BASED REGION, INCLUDING 86,000 IMMIGRANTS FROM MEXICO RESIDING AND A MEDIAN HOUSEHOLD INCOME AT 33% BELOW THE STATE AVERAGE.

        SINCE FUNDING BEGAN THE TASK FORCE HAS COLLECTIVELY IDENTIFIED 14 VICTIMS IN 2019, 25 IN 2020 AND 51 IN 2021 FOR A TOTAL OF 90 INDIVIDUALS SERVED. THERE WERE 11 INVESTIGATIONS IN YEAR ONE, 9 IN YEAR TWO AND 2 SO FAR IN OUR CURRENT YEAR 3. 

        THROUGH 2022 ECM FUNDING, THE TCHTTF WILL CONTINUE ITS COLLABORATIVE EFFORTS TO PROVIDE INCREASED ACCESS TO SERVICES FOR SURVIVORS, AND COMBAT HUMAN TRAFFICKING. EXPECTED OUTCOMES FOR THE 2022 PROGRAM INCLUDE: 1) REFINE CURRENT PROTOCOLS AND DEVELOP NEW PROTOCOLS TO SUPPORT TASK FORCE OPERATIONS; 2) STRENGTHEN AND EXPAND COLLABORATIVE PARTNERSHIPS; 3) WORK COLLABORATIVELY WITH EACH OTHER AND THE FULL-TIME TASK FORCE COORDINATOR; 4) IDENTIFY AND CONDUCT A RANGE OF PROACTIVE APPROACHES FOR VICTIM IDENTIFICATION AND PROSECUTION; 5) PROVIDE AN ARRAY OF COMPREHENSIVE SERVICES TO VICTIMS; 6) JOINTLY PROVIDE TARGETED TRAINING TO NUMEROUS COMMUNITY GROUPS SPECIFICALLY WITHIN STRATEGIC AREAS OF NEED; 7) HOLD FREQUENT, REGULARLY SCHEDULED TASK FORCE MEETINGS; AND 8) SUPPORT THE TULARE COUNTY COALITION AGAINST HUMAN TRAFFICKING(TCAHT).",CA,CA82954,252,department-of-justice,ASST_NON_15POVC22GK04825HT_015,True
234950342,2020VTBX0045,RUTH ELLIS CENTER INC,2020-05-01,2024-04-30,450474.7,Department of Justice,Office of Justice Programs,16.320,"THE GOAL OF THE FY 2020 HOUSING ASSISTANCE GRANTS FOR VICTIMS OF HUMAN TRAFFICKING PROGRAM IS TO SUPPORT HOUSING ASSISTANCE FOR VICTIMS OF ALL FORMS OF HUMAN TRAFFICKING THROUGHOUT THE UNITED STATES, AS DEFINED BY THE TRAFFICKING VICTIMS PROTECTION ACT (TVPA) OF 2000, AS AMENDED. FUNDING THROUGH THIS SOLICITATION SUPPORTS PROGRAMS THAT PROVIDE 6 TO 24 MONTHS OF TRANSITIONAL HOUSING WITH SUPPORT SERVICES TO VICTIMS OF HUMAN TRAFFICKING WHO ARE IN NEED OF HOUSING AS A RESULT OF HUMAN TRAFFICKING.  FUNDING WILL BE PROVIDED OVER A THREE-YEAR PROJECT PERIOD.   THE RUTH ELLIS CENTER (REC) WILL PROVIDE 8 UNITS OF HOUSING PER YEAR, FOR 24 UNITS OF HOUSING DURING THE 3-YEAR GRANT PERIOD. THE NUMBER OF UNITS WILL BE A MIX OF ONE-BEDROOM AND TWO-BEDROOM UNITS DEPENDING ON THE SPECIFIC INDIVIDUALS PARTICIPATING IN THE PROJECT. THE PRIMARY GEOGRAPHICAL CONTEXT FOR THE WORK OF REC IS DETROIT AND HIGHLAND PARK, MICHIGAN. REC PROPOSES TO SERVE BETWEEN 8-12 SURVIVORS OF HUMAN TRAFFICKING PER YEAR, DEPENDENT ON THE LENGTH OF STAY FOR EACH PROGRAM PARTICIPANT. A TOTAL OF 24-36 SURVIVORS WILL BE SERVED DURING THE THREE-YEAR GRANT PERIOD. IN ADDITION TO HOUSING, REC WILL PROVIDE INTENSIVE CASE MANAGEMENT SERVICES TO PROGRAM PARTICIPANTS. CASE MANAGER ACTIVITIES INCLUDE: BUILDING RELATIONSHIPS WITH LANDLORDS AND PROPERTY MANAGERS, COORDINATING CARE AMONG ALL PARTNERS/RESOURCES; CONDUCTING INTAKES & NEEDS ASSESSMENTS; ORIENTING YOUTH TO THE HOUSING PROJECT AND RECS OTHER SERVICES, CREATING COLLABORATIVE INDIVIDUALIZED PLANS OF SERVICE (IPOS); DOCUMENTING AND MAINTAINING CONTACT, PROBLEM SOLVING, AND REPORTING ON OUTCOMES; AND PROVIDING FOLLOW-UP SERVICES. IN ADDITION, PROGRAM PARTICIPANTS WILL HAVE ACCESS TO RECS DROP-IN CENTER (PROVIDES BASIC NEEDS SERVICES SUCH AS SHOWERS, LAUNDRY, FOOD PANTRY), HEALTH AND WELLNESS CENTER (PROVIDES BEHAVIORAL AND MEDICAL HEALTH SERVICES), AND TRANS PEACE PROGRAMMING (HOLISTIC HEALTH SERVICES FOR TRANSGENDER WOMEN).   CA/NCF",MI,MI38180,252,department-of-justice,ASST_NON_2020VTBX0045_015,True
231634697,15POVC21GK02770HT,CLEVELAND RAPE CRISIS CENTER,2021-10-01,2025-09-30,450000.0,Department of Justice,Office of Justice Programs,16.320,CLEVELAND RAPE CRISIS CENTER - ENHANCING THE CUYAHOGA COURT OF COMMON PLEAS JUVENILE DIVISION'S RESPONSE TO HUMAN TRAFFICKING,OH,OH16000,252,department-of-justice,ASST_NON_15POVC21GK02770HT_015,True
231634696,15POVC21GK02769HT,SUPPORT CENTER FOR CHILD ADVOCATES,2021-10-01,2025-09-30,450000.0,Department of Justice,Office of Justice Programs,16.320,PROJECT PROTECT (PHILADELPHIA RESPONSE & OUTREACH TO END CHILD TRAFFICKING) IN WRAP COURT (WORKING TO RESTORE ADOLESCENT POWER),PA,PA60000,252,department-of-justice,ASST_NON_15POVC21GK02769HT_015,True
234950348,2020VTBX0051,ALASKA HOUSING FINANCE CORP,2020-05-01,2023-10-31,444973.47,Department of Justice,Office of Justice Programs,16.320,ALASKA HOUSING FINANCE CORPORATION HOUSING ASSISTANCE GRANTS FOR VICTIMS OF HUMAN TRAFFICKING RESPONSE,AK,AK03000,252,department-of-justice,ASST_NON_2020VTBX0051_015,True
231635213,15POVC22GK03690HT,THE OUTER BANKS HOTLINE INC,2022-10-01,2026-09-30,444464.0,Department of Justice,Office of Justice Programs,16.320,"MANY COMMUNITIES, INCLUDING THE COASTAL, EASTERN REGION OF NC, RECOGNIZE THE NEED TO BUILD LOCAL CAPACITIES TO MEET THE SPECIFIC NEEDS OF HUMAN TRAFFICKING (HT) VICTIMS, AND TO BUILD AND/OR STRENGTHEN PARTNERSHIPS TO BE ABLE TO SUCCESSFULLY IDENTIFY AND PROSECUTE/DETER TRAFFICKERS.

THE LEAD AGENCIES IN THIS GRANT APPLICATION, DARE COUNTY SHERRIFF’S OFFICE (DCSO) AND OUTER BANKS HOTLINE (OBH) HAVE BEEN WORKING TOGETHER TO PROVIDE COMMUNITY OUTREACH AND AWARENESS ABOUT HT IN THEIR SERVICE AREA OVER THE PAST TWO YEARS, AND RECOGNIZE A MAJOR NEED TO PLAN, DEVELOP, AND IMPLEMENT A MULTIDISCIPLINARY REGIONAL HT FORCE, TO INCLUDE CAMDEN, CURRITUCK, DARE, AND PASQUOTANK COUNTIES, WHICH WILL BE OPERATE AS THE NORTH CAROLINA EASTERN REGION HUMAN TRAFFICKING TASK FORCE (NCERHTTF), IF FUNDED.  

THE POPULATION IN THIS REGION IS 114,337 [1]. THE MEDIAN HOUSEHOLD INCOME OF THE COUNTIES IS $55,514 [2] AND 11.13% [3] OF THE TOTAL POPULATION IS LIVING IN POVERTY. THE ECONOMY ACROSS THIS AREA RELIES HEAVILY ON TOURISM, SERVICE INDUSTRIES, COMMERCIAL FISHING, AND AGRICULTURE. THE POPULATION CAN SWELL TO 250,000 PEOPLE BETWEEN MEMORIAL DAY AND LABOR DAY [4].

OVER THE LAST 3 YEARS, OBH HAS SERVED 15 HT VICTIMS. 6 VICTIMS WERE SERVED DURING THE PERIOD OF JULY 2020 – JUNE 2021, 6 VICTIMS WERE SERVED DURING THE PERIOD OF JULY 2019 – JUNE 2020, AND 2 VICTIMS WERE SERVED DURING THE PERIOD OF JULY 2018 – JUNE 2019. OBH HAS WORKED TO EDUCATE BUSINESSES, COMMUNITY PARTNERS, LAW ENFORCEMENT AGENCIES, AND THE PUBLIC, AS WELL AS WORKING TO IDENTIFY HT VICTIMS SINCE OCTOBER 1, 2020. DCSO HAS RECENTLY STARTED FOUR INVESTIGATIONS AND HAS RECORDED GROWING INCIDENTS OF SUSPECTED SEX/LABOR TRAFFICKING. GROWING INTELLIGENCE, THE EXISTENCE OF AGRICULTURAL AND LABOR-INTENSIVE INDUSTRIES AND HIGH-VOLUME TOURISM COMBINED WITH A GROWING NUMBER OF HT VICTIMS IDENTIFIED IN THIS REGION SUPPORT THE BELIEF THAT DEVELOPMENT OF THE NCERHTTF WILL INTRODUCE PROTOCOL IMPLEMENTATION, THEREBY INCREASING HT INVESTIGATIONS/PROSECUTIONS, INCREASED AWARENESS AND OPPORTUNITIES TO PROVIDE DIRECT SERVICES TO VICTIMS OF HT. WITH COLLABORATIVE EFFORTS AND HT TRAINING, TASK FORCE PARTNERS ANTICIPATE A RISE IN AWARENESS OF HT, INCREASE IN REFERRALS TO SERVICE PROVIDERS, AND AN INCREASE IN THE PROSECUTION OF TRAFFICKERS/BUYERS. 

 


[1] HTTPS://WWW.NORTHCAROLINA-DEMOGRAPHICS.COM/COUNTIES_BY_POPULATION
[2] HTTP://WWW.USA.COM/RANK/NORTH-CAROLINA-STATE--MEDIAN-HOUSEHOLD-INCOME--COUNTY-RANK.HTM



[3] HTTPS://WWW.INDEXMUNDI.COM/FACTS/UNITED-STATES/QUICK-FACTS/NORTH-CAROLINA/PERCENT-OF-PEOPLE-OF-ALL-AGES-IN-POVERTY#CHART



[4] HTTPS://WORLDPOPULATIONREVIEW.COM/US-COUNTIES/NC/DARE-COUNTY-POPULATIO",NC,NC45880,252,department-of-justice,ASST_NON_15POVC22GK03690HT_015,True
234950443,2020VTBXK032,EXECUTIVE OFFICE OF VIRGINIA,2020-10-01,2024-09-30,443737.92,Department of Justice,Office of Justice Programs,16.320,HAMPTON ROADS HUMAN TRAFFICKING TASK FORCE CONTINUATION AND EXPANSION,VA,VA67000,252,department-of-justice,ASST_NON_2020VTBXK032_015,True
231634607,15POVC21GG03956HT,OKLAHOMA DEPARTMENT OF MENTAL HEALTH AND SUBSTANCE ABUSE SERVICES,2021-10-01,2024-09-30,442262.73,Department of Justice,Office of Justice Programs,16.320,RISE ABOVE PROJECT (RAP),OK,OK55000,252,department-of-justice,ASST_NON_15POVC21GG03956HT_015,True
234950368,2020VTBX0071,THE SALVATION ARMY,2020-05-01,2024-10-31,441989.99,Department of Justice,Office of Justice Programs,16.320,NEXT STEP PROJECT FOR VICTIMS OF HUMAN TRAFFICKING,MD,MD04000,252,department-of-justice,ASST_NON_2020VTBX0071_015,True
231635719,15POVC23GG04094HT,"THE UNDERGROUNDNE, INC.",2023-10-01,2026-09-30,440000.0,Department of Justice,Office of Justice Programs,16.320,"THE UNDERGROUNDNES (UGNE) ADULT SURVIVOR SUPPORT AND SERVICES PROGRAM (ASSASP) WILL PROVIDE A MODEL WITH FOUR PHASES OF CARE FOR ADULT MEN AND WOMEN WHO ARE SURVIVORS OF HUMAN TRAFFICKING AND WHO SEEK TO EXIT EXPLOITATIVE ENVIRONMENTS. UNDER THE ASSASP, UGNE WILL SERVE ADULT SURVIVORS OF HUMAN TRAFFICKING IN CONNECTICUT THROUGH EMERGENCY ASSISTANCE AND THROUGH A PEER/ALLY MENTOR PROGRAM, WITH EXPANDED SERVICES IN THE GREATER HARTFORD AREA AND OUTREACH AND EMERGENCY ASSISTANCE THROUGHOUT THE STATE. UGNE ACCEPTS EMERGENCY REFERRALS AND ASSISTS VICTIMS OF HUMAN TRAFFICKING AT POINT OF CRISIS WITH SAFE TEMPORARY HOUSING, FOOD SECURITY, MEDICAL CARE, TECHNOLOGICAL INDEPENDENCE, REFERRALS TO SPECIFIC SERVICE PROVIDERS, STABILIZATION, AND NEXT STEPS IN THEIR JOURNEY TO RECOVERY AND FREEDOM.",CT,CT05840,252,department-of-justice,ASST_NON_15POVC23GG04094HT_015,True
231635718,15POVC23GG04093HT,ENGAGING MINDS SERVICES INC,2023-10-01,2026-09-30,440000.0,Department of Justice,Office of Justice Programs,16.320,"ENGAGING MINDS SERVICES, INC. WILL PROVIDE SERVICES TO VICTIMS OF LABOR AND SEX TRAFFICKING IN PARTNERSHIP WITH THE INTERAGENCY HUMAN TRAFFICKING TASK FORCE. THE ENGAGING MINDS SERVICES RESOURCE CENTER WILL STRENGTHEN SERVICES FOR VICTIMS OF HUMAN TRAFFICKING IN HORRY AND GEORGETOWN COUNTIES IN SOUTH CAROLINA, INCLUDING TRAUMA-INFORMED SERVICES TO ENSURE SELF-SUFFICIENCY AND INDEPENDENCE FOR EACH VICTIM. IN CONJUNCTION WITH LAW ENFORCEMENT AND OTHER COMMUNITY SERVICE PROVIDERS, ENGAGING MINDS SERVICES WILL MAINTAIN A NETWORK OF INDIVIDUALIZED, COMPREHENSIVE SERVICES WHICH ARE CULTURALLY COMPETENT, VICTIM-CENTERED, SURVIVOR-INFORMED, AND EVIDENCE-BASED. THIS STRATEGIC COORDINATION WILL ENSURE THAT TRAFFICKING VICTIMS ARE PROPERLY IDENTIFIED AND REFERRED FOR APPROPRIATE SERVICES UNTIL THEY ARE SELF-SUFFICIENT AND INDEPENDENT.",SC,SC16405,252,department-of-justice,ASST_NON_15POVC23GG04093HT_015,True
231635715,15POVC23GG04090HT,COMMUNITY AGAINST SEXUAL HARM,2023-10-01,2026-09-30,440000.0,Department of Justice,Office of Justice Programs,16.320,"COMMUNITY AGAINST SEXUAL HARM (CASH) WILL IMPLEMENT A COMPREHENSIVE SERVICES FOR SURVIVORS PROGRAM WITH OVC FY 2023 SERVICES FOR VICTIMS OF HUMAN TRAFFICKING FUNDING. THE PURPOSE OF THIS PROJECT IS TO DEVELOP THE CAPACITY OF CASH TO PROVIDE EVIDENCE-BASED PROGRAMMING TO SURVIVORS OF SEX AND LABOR TRAFFICKING IN THE SACRAMENTO REGION THROUGH ACCESSIBLE SERVICES AND COMMUNITY COLLABORATION. PROJECT ACTIVITIES INCLUDE CREATING OPERATING STANDARDS AND PROTOCOLS FOR EVIDENCE-BASED SERVICES USING A SURVIVOR LED MODEL, FORMALIZING PARTNERSHIPS, ORGANIZING A COMMUNITY OF PRACTICE TO IMPROVE THE REGIONS ABILITY TO IDENTIFY SURVIVORS, AND DEVELOPING A CRISIS RESPONSE PROGRAM THAT MEETS THE NEEDS OF ALL SURVIVORS AND COMMUNITY PARTNERS. EXPECTED OUTCOMES INCLUDE A RESPONSIVE AND SUSTAINABLE SURVIVOR LED ANTI-HUMAN TRAFFICKING ORGANIZATION IN THE SACRAMENTO REGION, A CRISIS RESPONSE SYSTEM THAT MEETS LOCAL NEEDS, AND IMPROVED ACCESS TO IMMEDIATE PHYSICAL AND MENTAL HEALTH CARE CAPABLE OF ADDRESSING TRAUMA. SURVIVORS OF HUMAN TRAFFICKING IN THE SACRAMENTO REGION ARE THE INTENDED BENEFICIARIES OF THE PROJECT.",CA,CA64000,252,department-of-justice,ASST_NON_15POVC23GG04090HT_015,True
231635148,15POVC22GG03920HT,OASIS PRODUCTIONS,2022-10-01,2025-09-30,440000.0,Department of Justice,Office of Justice Programs,16.320,"THE STEPPING STONES NETWORK MOMS & KIDS PROGRAM PROVIDES LONG-TERM WRAP AROUND SERVICES FOR SEX TRAFFICKING VICTIMS WHO ARE MOTHERS WITH CHILDREN IN CHICAGO, IL AND SURROUNDING AREAS. SERVICES TREAT BOTH MOTHER AND CHILD AS CLIENT IN FACILITATING THEIR ROAD TO RECOVERY WHILE PROTECTING THEM FROM ADDITIONAL EXPLOITATION. THE GOAL OF THE PROPOSED PROJECT IS TO STRENGTHEN AND EXPAND THE STEPPING STONES NETWORK MOMS & KIDS PROGRAM TO INCREASE THE IMPACT OF THE EXISTING LONG-TERM PROGRAM AND PRODUCE GRADUATES. OBJECTIVES FOR THE PROJECT INCLUDE PROGRAM GRADUATES WHO ARE: (A) LIVING INDEPENDENTLY IN A SAFE ENVIRONMENT AND MAINTAINING A SAFE CIRCLE OF SUPPORT, (B) ESTABLISHING ECONOMIC INDEPENDENCE VIA PURSUING WORK OR EDUCATION CONSISTENTLY, (C) REMAINING FREE FROM THE CYCLE OF EXPLOITATION, (D) CHILDREN’S ACE (ADVERSE CHILDHOOD EXPERIENCES) SCORES ARE LOWER THAN THE SCORES OF THEIR PARENT(S), AND (E) BASK (BEHAVIORS, ATTITUDES, SKILLS & KNOWLEDGE) SCORES MEASURE AND SHOW IMPROVEMENT IN LIFE SKILLS, HOLISTIC HEALTH, HOME MANAGEMENT, PARENTING, RELATIONSHIPS, TRAUMA RESOLUTION AND ADDICTION RECOVERY. PER PRIORITY CONSIDERATION A, GRANT FUNDED ACTIVITIES WILL PROVIDE HIGHER PRIORITY ACCESS FOR BLACK WOMEN AND CHILDREN ADVERSELY AFFECTED BY INEQUALITY AND LACK OF STABLE FAMILY SYSTEMS. PARTICIPANTS WILL BE (1) LIVING AWAY FROM HIGH VIOLENCE LOCATIONS IN A SAFER ENVIRONMENT; (2) PROVIDED STABLE, FULL OR PARTIALLY SUBSIDIZED INDEPENDENT HOUSING FOR UP TO 24 MONTHS NEAR THE SSN ADULT & CHILD DEVELOPMENT CENTER; (3) PROVIDED CONSISTENT, DAILY FACE-TO-FACE SERVICES FOR BOTH ADULTS AND CHILDREN TO DEVELOP LIFE SKILLS, BREAK THE CYCLE OF TRAUMA, AND BE PROVIDED WITH ECONOMIC OPPORTUNITY; AND (4) MAINTAINING AND EXPANDING A SAFE CIRCLE OF SUPPORT AND A SENSE OF COMMUNITY, WHILE HELPING ONE ANOTHER THROUGH SURVIVOR-LED MENTORSHIP.",IL,IL14000,252,department-of-justice,ASST_NON_15POVC22GG03920HT_015,True
231635147,15POVC22GG03916HT,"CATHOLIC CHARITIES OF CENTRAL FLORIDA, INC.",2022-10-01,2026-06-30,440000.0,Department of Justice,Office of Justice Programs,16.320,"DRAWING UPON ITS 60-YEAR HISTORY OF RESPONDING TO THE EVOLVING NEEDS OF THE COMMUNITY, AND BUILDING UPON ITS EFFECTIVE RAPID REHOUSING PROGRAM (EMERGENCY AND TRANSITIONAL HOUSING INCLUDING CASE MANAGEMENT); RESURRECTION PROPERTY MANAGEMENT(AFFORDABLE HOUSING): BEHAVIORAL HEALTH: COMPREHENSIVE REFUGEE SERVICES; AND IMMIGRATION AND LEGAL SERVICES, CATHOLIC CHARITIES OF CENTRAL FLORIDA (CCCF) WILL PROVIDE INTENSIVE CASE MANAGEMENT FOR VICTIMS OF HUMAN TRAFFICKING TO ADEQUATELY SUPPORT AND GUIDE THEM ON THE PATH TOWARD SELF-SUFFICIENCY. THE PROPOSED PROGRAM INCORPORATES FEATURES RECOMMENDED IN THE US DEPARTMENT OF STATE’S 2020 TRAFFICKING IN HUMAN PERSONS REPORT AND DRAWS UPON THE EXTENSIVE EXPERIENCE OF SISTER CATHOLIC CHARITIES ORGANIZATIONS WHO MANAGE SIMILAR PROGRAMS. OVC TRAINING AND TECHNICAL ASSISTANCE WILL ENABLE CCCF TO INCREASE THE CAPACITY AND SKILLS IN SERVING VICTIMS OF HUMAN TRAFFICKING WHILE LEARNING BEST PRACTICES IN ADMINISTERING FEDERAL FUNDING. CCCF WILL USE THE OVC FUNDING AND EXISTING PARTNERSHIPS TO PROVIDE TRAUMA-INFORMED CASE MANAGEMENT, BEHAVIORAL HEALTH COUNSELING, EMERGENCY AND TRANSITIONAL HOUSING SERVICES, AND OTHER ESSENTIAL SERVICES. THE GOAL OF THE PROGRAM IS TO PUT THE VICTIMS ON THE PATH TOWARD SELF-SUFFICIENCY AND RECOVERY FROM THE EFFECTS OF TRAUMA, ALLOWING THEM TO LEAD FULFILLED LIVES AS PART OF THE COMMUNITY.",FL,FL53000,252,department-of-justice,ASST_NON_15POVC22GG03916HT_015,True
231635688,15POVC23GG04062HT,INTERNATIONAL RESCUE COMMITTEE INC,2023-10-01,2026-09-30,439998.0,Department of Justice,Office of Justice Programs,16.320,"THE INTERNATIONAL RESCUE COMMITTEE, INC. IN SAN JOSE (IRC) WILL DEVELOP THE CAPACITY TO SERVE HUMAN TRAFFICKING VICTIMS, INCLUDING FOREIGN-BORN AND DOMESTIC, SEX, AND LABOR, MALE, FEMALE, AND LGBTQ ADULT VICTIMS, THROUGHOUT THE SOUTH BAY AREA, INCLUDING MONTEREY COUNTY, SAN BENITO COUNTY, SANTA CLARA COUNTY, SANTA CRUZ COUNTY, AND SAN MATEO COUNTY. THIS PROJECT WILL ENABLE IRC SAN JOSE TO CREATE A ROBUST ANTI-TRAFFICKING PROGRAM, WHICH INCLUDES OUTREACH AND TRAINING TO THE SOUTH BAY COMMUNITY AND PROVIDING 30 SURVIVORS OF TRAFFICKING WITH COMPREHENSIVE CASE MANAGEMENT SERVICES. VICTIMS WILL HAVE ACCESS TO ESSENTIAL SERVICES THAT PROMOTE WELL-BEING AND SUPPORT ENGAGEMENT IN THE PROPOSED SOUTH BAY ANTI-TRAFFICKING AWARENESS, FREEDOM, AND EDUCATION PROGRAM (SAAFE) PROJECT. SUPPORTIVE SERVICES INCLUDE BUT ARE NOT LIMITED TO BASIC NEEDS AND SUSTENANCE, EMPLOYMENT SUPPORT SERVICES, JOB TRAINING, MENTAL HEALTH, MEDICAL CARE, LEGAL SERVICES, AND COMMUNITY INTEGRATION. THE IRC WILL HOLD 11 TRAININGS FOR LOCAL PARTNERS AND SERVICE PROVIDERS TO AID WITH VICTIM IDENTIFICATION AND REFERRAL AND CONDUCT 36 PUBLIC AWARENESS AND OUTREACH EVENTS. THROUGH THESE TRAININGS AND EVENTS, IRC WILL DEVELOP 12 NEW PARTNERSHIPS TO MEET VICTIMS' SERVICE NEEDS AND ENSURE TRAFFICKING VICTIMS ARE PROPERLY IDENTIFIED AND REFERRED TO APPROPRIATE SUPPORT SERVICES.",CA,CA68000,252,department-of-justice,ASST_NON_15POVC23GG04062HT_015,True
231635701,15POVC23GG04075HT,"CHURCH WORLD SERVICE, INC.",2023-10-01,2026-09-30,439995.0,Department of Justice,Office of Justice Programs,16.320,"THE CHURCH WORLD SERVICES (CWS) NORTH CALIFORNIA (NORCAL) PROVIDES COMPREHENSIVE SERVICES TO YOUNG ADULT SURVIVORS OF HUMAN TRAFFICKING FROM VULNERABLE REFUGEE AND UNACCOMPANIED MINOR POPULATIONS. SERVICES ARE ACCESSIBLE THROUGHOUT NORTHERN CALIFORNIA INCLUDING NAPA, MARIN, ALAMEDA, CONTRA COSTA, SOLANO, SACRAMENTO, EL DORADO, AMADOR, SUTTER, NEVADA, YUBA, YOLO, LAKE, MENDOCINO, GLENN, BUTTE, PLUMAS, TEHAMA, LASSEN, SHASTA, TRINITY, HUMBOLDT, MODOC, SISKIYOU, AND DEL NORTE. IN PARTNERSHIP WITH OVC TECHNICAL ASSISTANCE, CWS NORCAL WILL IMPROVE ITS CAPACITIES FOR LABOR TRAFFICKING IDENTIFICATION AND COMPREHENSIVE SERVICE PROVISION. ADDITIONALLY, THROUGH A COLLABORATIVE EFFORT, CWS AND SURVIVORS WILL DEVELOP SERVICE DELIVERY GOALS WITHIN THE SECTORS OF SHELTER, MENTAL HEALTH AND MEDICAL CARE, GOVERNMENT SERVICES, TRANSPORTATION, SAFETY PLANNING, AND OTHER PRIMARY SUPPORTS. CWS WILL LEVERAGE ITS EXISTING IMMIGRATION LEGAL STAFF TO PROVIDE KNOW YOUR RIGHTS ORIENTATIONS AND IMMIGRATION LEGAL ASSISTANCE TO PARTICIPANTS. CWS NORCAL COMMUNITY PARTNERS INCLUDE EDEN UNITED CHURCH OF CHRIST, ASSISTING WITH EMERGENCY HOUSING AND BASIC NEEDS, JENNA MCKAYE FOUNDATION, A SURVIVOR-LED ORGANIZATION SUPPORTING CLIENTS WITH TALK THERAPY, HORSE THERAPY AND CONSULTATIONS, AND FIRST CHURCH BERKLEY, PROVIDING MENTAL HEALTH SUPPORT AND ADDRESSING ISSUES OF GENDER INCLUSION.",NY,NY51000,252,department-of-justice,ASST_NON_15POVC23GG04075HT_015,True
231635711,15POVC23GG04085HT,"HOPE FOR JUSTICE, INC.",2023-10-01,2026-09-30,439991.0,Department of Justice,Office of Justice Programs,16.320,"HOPE FOR JUSTICES TRAINING, OUTREACH AND ADVOCACY WILL CONTRIBUTE TO THE INCREASED SAFETY, WELLBEING, AND SELF-SUFFICIENCY OF PEOPLE EXPERIENCING LABOR AND OTHER FORMS OF TRAFFICKING IN UNDERSERVED, VULNERABLE YOUNG ADULT POPULATIONS IN MIDDLE TENNESSEE. PROJECT ACTIVITIES WILL INCLUDE TRAINING, OUTREACH, AND VICTIM ADVOCACY. HOPE FOR JUSTICE WILL PROVIDE BASIC TRAINING FOR FIRST RESPONDERS, SERVICE PROVIDERS, AND COMMUNITY STAKEHOLDERS ON VICTIM IDENTIFICATION, AND ALL FORMS OF TRAFFICKING THROUGH A BESPOKE LEARNING MANAGEMENT SYSTEM. ADDITIONALLY, THEY WILL PROVIDE HIGHER-LEVEL TRAINING ON SPECIALIZED TOPICS INCLUDING SEXUAL ASSAULT NURSE EXAMINER TRAINING. THE VICTIM ADVOCACY PROGRAM WILL ADDRESS EMERGENCY SUPPORTIVE SERVICES FOR SURVIVORS WHO RECENTLY SEVERED FROM THE EXPLOITATION. PERSONAL ADVOCACY WILL BE OFFERED FOR SURVIVORS TO ENSURE THEY CAN ACCESS THEIR ENTITLEMENTS AND PUBLIC SERVICE AND EXERCISE THEIR RIGHTS (INCLUDING ACCESS TO JUSTICE, LIFE SKILLS TRAINING, MENTORING, AND FAMILY REUNIFICATION SUPPORT).",TN,TN40000,252,department-of-justice,ASST_NON_15POVC23GG04085HT_015,True
231635146,15POVC22GG03911HT,HR RECOVERY INITIATIVE A NJ NONPROFIT CORP,2022-10-01,2026-09-30,439893.0,Department of Justice,Office of Justice Programs,16.320,"HR INITIATIVES’ CARE TEAM EXPANSION PROJECT WILL UTILIZE A COLLECTIVE IMPACT APPROACH TO WITHSTAND THE CHALLENGES AND BARRIERS OF SERVICE DELIVERY IN BOTH URBAN AND RURAL SETTINGS TO DELIVER INCREASED COLLABORATIVE OUTREACH EFFORTS, INTENSIVE CASE MANAGEMENT SERVICES AND SPECIALIZED THERAPEUTIC MENTAL HEALTH SERVICES. HR RECOVERY IS COMMITTED TO HIGH QUALITY SERVICES THAT ARE SURVIVOR INFORMED, TRAUMA INFORMED, CULTURALLY COMPETENT AND EVIDENCED BASED. THIS APPROACH PURPOSEFULLY CREATES THE ATMOSPHERE FOR QUALITY ENGAGEMENT, ALLOWING SURVIVORS THE CHOICE WITHIN SERVICE DELIVERY THAT FOSTERS SELF-SUFFICIENCY, EMPOWERMENT, SAFETY, AND WELLBEING AND ULTIMATELY ACHIEVED GOALS. THE PROJECT WILL FOCUS ON THE FOLLOWING OBJECTIVES: 1) EXPAND CURRENT OUTREACH EFFORTS AND RESOURCE DISTRIBUTION TO UNDERSERVED AREAS (IN SUPPORT OF EXECUTIVE ORDER 13985) TO INCREASE NEWLY SERVED VICTIMS OF HUMAN TRAFFICKING; 2) EMPLOY A TRAUMA-INFORMED, VICTIM-CENTERED APPROACH TO CASE MANAGEMENT FOR EACH VICTIM TO IMPROVE THE DELIVERY OF  HEALTH RELATED SERVICES, PROVISION OF MATERIAL AND HOUSING, CLIENT SAFETY AND WELLBEING, FAMILY REPATRIATION AND SUPPORT SERVICES; 3) EXPAND EXISTING MULTI-DISCIPLINARY REFERRALS TO BETTER MEET THE INDIVIDUALIZED NEEDS OF VICTIMS OF HUMAN TRAFFICKING BY IDENTIFYING NEW COMMUNITY STAKEHOLDERS AND COLLABORATORS; 4) STRENGTHEN SURVIVOR MENTORING AND NETWORKING THROUGH INCREASED REFERRALS/AGENCY COLLABORATIONS WITH LOCAL SURVIVOR MENTORS, SURVIVOR LED PROGRAMMING AND NATIONAL SURVIVOR NETWORKS; 5) PROVIDE 100% OF VICTIMS WITH CULTURALLY AND LINGUISTICALLY APPROPRIATE SERVICES; AND 6) CONDUCT 12 TRAINING EVENTS ANNUALLY TO PROMOTE TRAUMA INFORMED SERVICES FOR HUMAN TRAFFICKING VICTIMS.",NJ,NJ02080,252,department-of-justice,ASST_NON_15POVC22GG03911HT_015,True
231635704,15POVC23GG04078HT,"TEXAS ADVOCACY PROJECT, INC.",2023-10-01,2026-09-30,439618.0,Department of Justice,Office of Justice Programs,16.320,"TEXAS ADVOCACY PROJECT (TAP) PROPOSES TO IMPLEMENT STATEWIDE SERVICES FOR VICTIMS OF HUMAN TRAFFICKING. THE PURPOSE IS TO BUILD TAPS CAPACITY TO PROVIDE FREE, TRAUMA-INFORMED, CIVIL LEGAL AND SOCIAL SERVICES TO VICTIMS OF BOTH SEX AND LABOR TRAFFICKING, AND TO COLLABORATE WITH AND TRAIN PARTNER ORGANIZATIONS ACROSS THE STATE. THE GEOGRAPHIC SERVICE AREA IS THE ENTIRE STATE OF TEXAS, INCLUDING RURAL AND UNDERSERVED COMMUNITIES. THE INTENDED BENEFICIARIES ARE COMMUNITIES MOST VULNERABLE TO HUMAN TRAFFICKING AND TRADITIONALLY UNDERSERVED IN TEXAS INCLUDING, THOSE EXPERIENCING POVERTY, ETHNIC MINORITIES, IMMIGRANTS AND MIGRANT WORKERS AND THEIR YOUTH, AND HOMELESS OR RUNAWAY YOUTH. ACTIVITIES WILL INCLUDE: PROVIDING INFORMATION AND REFERRAL SERVICES (INFORMATION ABOUT VICTIMS RIGHTS AND/OR REFERRAL TO OTHER VICTIM SERVICE PROGRAMS); PROVIDING EMOTIONAL SUPPORT, SAFETY, AND HEALTH SERVICES (CRISIS INTERVENTION, CASE MANAGEMENT, AND/OR SAFETY PLANNING); PROVIDING CIVIL JUSTICE SYSTEM ASSISTANCE (LEGAL SUPPORT WITH IMMIGRATION, PROSECUTION INTERVIEW ADVOCACY, CRIMINAL RECORD RELIEF, AND/OR VICTIMS RIGHTS REPRESENTATION); COLLABORATING WITH HUMAN TRAFFICKING PARTNERS ACROSS TEXAS; TRAINING FOR HUMAN TRAFFICKING PARTNERS; AND COLLECTING DATA AND PARTICIPATING IN EVALUATION ACTIVITIES. EXPECTED OUTCOMES INCLUDE THE PROVISION OF TRAUMA-INFORMED, CIVIL LEGAL AND SOCIAL SERVICES TO VICTIMS OF SEX AND LABOR TRAFFICKING, TO HELP GET THEM SAFE BOTH PHYSICALLY AND EMOTIONALLY, AS WELL AS ENHANCING TEXAS STATEWIDE COORDINATED RESPONSE TO HUMAN TRAFFICKING, THROUGH COLLABORATION AND TRAINING, TO ACHIEVE INCREASED SAFETY, INDEPENDENCE, SELF-SUFFICIENCY, AND WELL-BEING FOR VICTIMS OF HUMAN TRAFFICKING.",TX,TX05000,252,department-of-justice,ASST_NON_15POVC23GG04078HT_015,True
231634656,15POVC21GG04235HT,"ERIE COUNTY BAR ASSOCIATION VOLUNTEER LAWYERS PROJECT, INC.",2021-10-01,2024-09-30,439277.11,Department of Justice,Office of Justice Programs,16.320,VLP LEGAL SERVICES FOR VICTIMS OF HUMAN TRAFFICKING,NY,NY11000,252,department-of-justice,ASST_NON_15POVC21GG04235HT_015,True
231635145,15POVC22GG03910HT,SAFETY COMPASS,2022-10-01,2025-09-30,438863.0,Department of Justice,Office of Justice Programs,16.320,"THE GOAL OF THIS PROJECT IS TO EXPAND VICTIM SERVICES FOR VICTIMS OF HUMAN TRAFFICKING IN OREGON THROUGH THE CREATION OF A TRAUMA-INFORMED 24/7 RECEPTION CENTER. BY IMPLEMENTING THIS PROGRAM, SAFETY COMPASS WILL ACHIEVE ITS GOAL OF INCREASING ITS SERVICE CAPACITY AND FILLING A GAP IN SERVICES. THE OBJECTIVES ARE TO EXPAND SERVICES THROUGH THE CREATION OF A LOW-BARRIER, 24-HOUR ENVIRONMENT WHERE CULTURALLY SPECIFIC ADVOCATES CAN PROVIDE CONFIDENTIAL CRISIS INTERVENTION, HOSPITALITY, HOUSING PLACEMENT COORDINATION SERVICES, DEVELOP NEW PARTNERSHIPS AND COLLABORATIONS WITH TRAUMA-INFORMED, TRAFFICKING-INFORMED SERVICE PROVIDERS, AND PROVIDE ASSISTANCE AND REFERRALS FOR ESSENTIAL SERVICES TO VICTIMS OF HUMAN TRAFFICKING. PROPOSED ACTIVITIES INCLUDE OPENING A RECEIVING CENTER, HIRING ESSENTIAL STAFF, AND EXPANDING SERVICES TO THE NEW LOCATION. THE INTENDED BENEFICIARIES ARE INDIVIDUALS BEING TRAFFICKED OR AT RISK OF SEXUAL EXPLOITATION IN CLACKAMAS, MARION, AND WASHINGTON COUNTIES IN OREGON. THIS INCLUDES MINORS, MINORITIES, AND HOMELESS POPULATIONS. INTENDED OUTCOMES ARE AN INCREASE IN VICTIM SERVICES BY SERVING 50 UNIQUE CSE CLIENTS ANNUALLY OVER 36 MONTHS, ESTABLISHING FOUR NEW PARTNERSHIPS ANNUALLY, INCREASING THE CAPACITY OF STAFF BY PROVIDING FOUR STAFF TRAININGS AND FOUR COMMUNITY TRAININGS ANNUALLY, AND EXPANDING THE TRAFFICKING OUTREACH AREA.",OR,OR83750,252,department-of-justice,ASST_NON_15POVC22GG03910HT_015,True
231634589,15POVC21GG02837GIRL,MOTIVATING INSPIRING SUPPORTING & SERVING SEXUALLY EXPLOITED YOUTH INC,2021-10-01,2024-09-30,437911.0,Department of Justice,Office of Justice Programs,16.035,FREEDOM PATHWAYS: SERVING & SUPPORTING SURVIVORS OF CSEC IN CONTRA COSTA,CA,CA53000,252,department-of-justice,ASST_NON_15POVC21GG02837GIRL_015,True
231634590,15POVC21GG02838GIRL,HOOLA NA PUA,2021-10-01,2024-09-30,437910.0,Department of Justice,Office of Justice Programs,16.035,"HUAKAI MANA ""JOURNEY TOWARD POWER""",HI,HI17000,252,department-of-justice,ASST_NON_15POVC21GG02838GIRL_015,True
234950376,2020VTBX0081,CATHOLIC CHARITIES OF LOUISVILLE INC,2020-10-01,2023-12-31,432357.17,Department of Justice,Office of Justice Programs,16.320,KENTUCKY STATEWIDE SPECIALIZED SERVICES PROJECT,KY,KY48000,252,department-of-justice,ASST_NON_2020VTBX0081_015,True
231634744,15POVC22AG00475HT,JUSTICE INNOVATION INC.,2021-10-01,2025-09-30,432354.41,Department of Justice,Office of Justice Programs,16.320,"IN RESPONSE TO CATEGORY 1 OF OVC’S FY2021 ENHANCING JUVENILE AND FAMILY COURT RESPONSES TO HUMAN TRAFFICKING SOLICITATION, JUSTICE INNOVATION INC. D/B/A CENTER FOR COURT INNOVATION (CENTER) REQUESTS $450,000 OVER THREE YEARS TO ENHANCE AND EXPAND QUEENS HOPE (HEAL, OVERCOME, PROSPER, EMPOWER), A TRAUMA-INFORMED, SURVIVOR-CENTERED PROGRAM FOR YOUNG PEOPLE, AGES 12-18, WHO ARE AT-RISK OF OR ARE VICTIMS OF TRAFFICKING. THE PROGRAM, OPERATED BY THE CENTER’S QUEENS COMMUNITY JUSTICE CENTER, LOCATED IN JAMAICA, QUEENS, IN NEW YORK, WILL EXPAND SERVICES TO THE CENTER’S NEW FAR ROCKAWAY, QUEENS SITE. 

THE MAIN GOALS OF THE PROGRAM ARE TO PROVIDE DIRECT SPECIALIZED SERVICES AND DIVERSION PROGRAMS FOR QUEENS YOUTH WHO ARE VICTIMS OF SEX AND/OR LABOR TRAFFICKING OR ARE AT RISK FOR HUMAN TRAFFICKING DUE TO PAST OR CURRENT VICTIMIZATION TO MEET THEIR TREATMENT NEEDS, PREVENT RE-TRAUMATIZATION AND FURTHER JUSTICE SYSTEM INVOLVEMENT, AND EDUCATE STAKEHOLDERS TO INCREASE AWARENESS AND IDENTIFICATION OF SEX AND/OR LABOR TRAFFICKING INVOLVING YOUTH. TO THIS END, THE JUSTICE CENTER WILL PURSUE THE FOLLOWING: 


	PROVIDE SCREENING, ASSESSMENT, CLINICAL SERVICES, AND CASE MANAGEMENT SERVICES TO 100 YOUNG PEOPLE;
	PROVIDE EVIDENCE-BASED PROGRAMS OR PRACTICES TO 100 PERCENT OF PARTICIPANTS;
	CREATE A QUEENS-SPECIFIC MULTIDISCIPLINARY TASK FORCE COMPRISED OF COURT- AND COMMUNITY-BASED SERVICE PROVIDERS AND TRAFFICKING SURVIVOR CONSULTANTS TO INFORM THE WORK OF QUEENS HOPE, ENSURE THE PROGRAM’S SENSITIVITY TO LGBTQI YOUTH AND YOUTH OF ALL GENDERS, AND FACILITATE RELATIONSHIP-BUILDING TO ENSURE COORDINATION OF SERVICES; 
	INCREASE KNOWLEDGE OF THE COMMERCIAL SEX/LABOR TRAFFICKING INDUSTRY AND UNDERSTANDING OF THE RISKS, DYNAMICS, AND SHORT- AND LONG-TERM IMPLICATIONS ON HEALTH, SAFETY, MENTAL HEALTH, AND SOCIAL STABILITY FOR 100 PERCENT OF PARTICIPATING COURT AND COMMUNITY STAKEHOLDERS; 
	IDENTIFY A POSITIVE SUPPORT SYSTEM OUTSIDE OF THE FAMILY UNIT (E.G., SCHOOL, EMPLOYMENT, PROSOCIAL ACTIVITIES, POSITIVE ADULT IN THE COMMUNITY) FOR 90 PERCENT OF PARTICIPANTS; 
	BUILD INTERNAL CAPACITY BY PROVIDING TRAINING, ONGOING PROFESSIONAL DEVELOPMENT, AND SUPPORT RELATED TO COMMERCIAL SEXUAL EXPLOITATION OF CHILDREN AND LABOR TRAFFICKING TO STAFF; AND 
	PARTICIPATE IN AN ANNUAL PEER-TO-PEER LEARNING OPPORTUNITY HOSTED BY THE OVC-FUNDED TRAINING AND TECHNICAL ASSISTANCE PROVIDER IN EACH YEAR OF THE PROJECT. 


THE CENTER IS A NATIONAL LEADER IN THE DEVELOPMENT, STUDY, AND DISSEMINATION OF COMMUNITY-BASED AND PROBLEM-SOLVING JUSTICE SYSTEM INITIATIVES. THE PROPOSED PROJECT WILL BUILD ON THE CENTER’S SYSTEM CHANGE EXPERTISE AND LONG HISTORY OF ADVANCING JUVENILE JUSTICE REFORMS AS WELL AS WORK PROVIDING SUPPORT TO SURVIVORS OF HUMAN TRAFFICKING.",NY,NY51000,252,department-of-justice,ASST_NON_15POVC22AG00475HT_015,True
234950338,2020VTBX0040,CITY OF OKLAHOMA CITY,2020-05-01,2024-04-30,430994.55,Department of Justice,Office of Justice Programs,16.320,SERVICES FOR VICTIMS OF HUMAN TRAFFICKING IN OKLAHOMA CITY,OK,OK55000,252,department-of-justice,ASST_NON_2020VTBX0040_015,True
231634604,15POVC21GG03953HT,SAN DIEGO YOUTH SERVICES,2021-10-01,2025-09-30,428400.0,Department of Justice,Office of Justice Programs,16.320,HOUSING ASSISTANCE FOR VICTIMS OF HUMAN TRAFFICKING,CA,CA66000,252,department-of-justice,ASST_NON_15POVC21GG03953HT_015,True
234950414,2020VTBX0122,"HEALING ACTION NETWORK, INC.",2020-10-01,2024-05-31,423376.37,Department of Justice,Office of Justice Programs,16.320,HOLISTIC SAFETY: ENHANCED ACCESS TO TRAUMA THERAPY AND INTENSIVE CASE MANAGEMENT FOR VICTIMS OF TRAFFICKING,MO,MO65000,252,department-of-justice,ASST_NON_2020VTBX0122_015,True
231634723,15POVC21GK04070HT,THE INTERNATIONAL INSTITUTE OF BUFFALO,2021-10-01,2024-09-30,417469.98,Department of Justice,Office of Justice Programs,16.320,COMBAT HUMAN TRAFFICKING THROUGH COLLABORATION BETWEEN LAW ENFORCEMENT AND SERVICE PROVIDERS IN CONDUCTING PROACTIVE INVESTIGATIONS OF ANY AND ALL ALLEGATIONS OF HUMAN TRAFFICKING,NY,NY11000,252,department-of-justice,ASST_NON_15POVC21GK04070HT_015,True
231635109,15POVC22GG03752GIRL,COMMUNITY COALITION AGAINST HUMAN TRAFFICKING,2022-10-01,2025-09-30,413807.41,Department of Justice,Office of Justice Programs,16.035,"THROUGH FOUNDATIONS, THE COMMUNITY COALITION AGAINST HUMAN TRAFFICKING (CCAHT) WILL EQUIP EAST TENNESSEE WITH VETTED TOOLS TO REDUCE TRAFFICKING AND EXPLOITATION OF YOUNG GIRLS BY FORMULIZING A THOROUGH AND ROBUST TRAINING AND AWARENESS CAMPAIGN AND ENGAGING YOUTH IN CAREFULLY CURATED INTERVENTION CURRICULA THAT TARGETS VULNERABILITIES AND INCREASES RESILIENCY. FOUNDATIONS IS AN ORGANIC EXPANSION OF THE DEMONSTRATED SUCCESS IN BOTH SECONDARY AND TERTIARY YOUTH TRAFFICKING INTERVENTION EFFORTS FACILITATED BY THE CCAHT SINCE 2017, ESTABLISHING THE CCAHT AS A LEADER IN EAST TENNESSEE FOR EFFECTIVE AND COMPETENT SURVIVOR SUPPORT. ANNUALLY THROUGHOUT THIS PROJECT, FOUNDATIONS WILL EXPAND PRIMARY INTERVENTION SERVICES TO 65 NEW YOUTH BETWEEN THE AGES OF 12-17 BY ESTABLISHING DIRECT COLLABORATION WITH 5 NEW YOUTH-SERVING AGENCIES AND CONTINUING TO BUILD IN-ROADS WITH LARGER REGIONAL YOUTH-SERVING INSTITUTIONS TO IMPROVE POLICY REGARDING YOUTH SUPPORT AND INTERVENTION. THE CCAHT WILL LEVERAGE ITS STATUS AS A REGIONAL REPRESENTATIVE OF THE TENNESSEE COUNTER-TRAFFICKING ALLIANCE (TCTA) TO CREATE A SOLID FOUNDATION FOR EXPANDING THE SUCCESS OF FOUNDATIONS ACROSS THE STATE, CREATING THE INFRASTRUCTURE FOR AN INTERVENTION CAMPAIGN THAT CAN BE IMPLEMENTED ACROSS ANY COMMUNITY. BY TARGETING LOCALIZED YOUTH-SERVING AGENCIES, THE CCAHT WILL INCREASE ACCESS TO PEER-BASED LEARNING ENVIRONMENTS AND PROLIFERATE DIVERSITY AMONG PARTICIPANTS THROUGH POINTED COLLABORATION EFFORTS WITH AGENCIES SERVING MARGINALIZED POPULATIONS. EARLY IN THE FOUNDATIONS PROJECT, THE CCAHT WILL ESTABLISH TANGIBLE TOOLS THAT ARE EASILY DISTRIBUTED AMONG YOUTH-SERVICE PROVIDERS TO INCREASE FACT-BASED AWARENESS OF YOUTH EXPLOITATION AND PROVIDE INFORMATION FOR ACCESSIBILITY OF SUPPORT SERVICES. THESE TOOLS WILL BE AVAILABLE IN BOTH A PROFESSIONAL AND YOUTH-FRIENDLY FORMAT TO MAXIMIZE YOUTH ENGAGEMENT AS PART OF THE SHARED DECISION-MAKING PROCESS FOR OPTING INTO INTERVENTION SERVICES. BY THE END OF THIS PROJECT, THE CCAHT WILL EXPAND OPPORTUNITIES FOR PROFESSIONAL DEVELOPMENT OF YOUTH-SERVING ENTITIES THROUGH ACTIVE INCORPORATION OF PRACTICE-BASED EXPERIENCE AND EVIDENCE-BASED PRACTICES, YOUTH VOICE, PROFESSIONAL APPLICATION, AND COLLABORATIVE ENGAGEMENT IN PEER TO PEER WORKGROUP COLLABORATIONS. GLOBALLY, FOUNDATIONS OPERATES USING A KNOWLEDGE-IS-POWER PHILOSOPHY THAT OFFERS TRANSPARENCY AND DEMONSTRABLE EXPERTISE OF PREVENTION AND EARLY INTERVENTION EFFORTS AGAINST YOUTH EXPLOITATION, WITHOUT EXCEPTION.",TN,TN40000,252,department-of-justice,ASST_NON_15POVC22GG03752GIRL_015,True
231635140,15POVC22GG03894HT,ALTERNATIVES FOR GIRLS,2022-10-01,2025-09-30,413506.18,Department of Justice,Office of Justice Programs,16.320,"THE ALTERNATIVES FOR GIRLS (AFG) SAFE CHOICES- NEW CHOICES PROGRAM SEEKS TO PROVIDE TRAUMA-INFORMED, CULTURALLY SPECIFIC SERVICES TO UNDERSERVED (FEMALE IDENTIFYING, BLACK) VICTIMS OF HUMAN TRAFFICKING IN DETROIT, HAMTRAMCK, AND HIGHLAND PARK, MICHIGAN. AFG WILL SEEK TO INCREASE IDENTIFICATION OF HUMAN TRAFFICKING VICTIMS THROUGH STREET-OUTREACH AND COMMUNITY TRAINING OF ALLIED PROFESSIONALS, INCLUDING LAW ENFORCEMENT, HEALTHCARE PROVIDERS, SCHOOLS, AND FAITH-BASED ORGANIZATIONS. AFG WILL EMPOWER 70 WOMEN PER YEAR (210 IN TOTAL OVER THREE YEARS) TO INCREASE THEIR INDEPENDENCE, SELF-SUFFICIENCY, AND WELLBEING. SAFE CHOICES- NEW CHOICES WILL PROVIDE HUMAN TRAFFICKING VICTIMS WITH LOW/NO BARRIER, EQUITABLE ACCESS TO SERVICES INCLUDING 24/7/365 CRISIS RESOURCE CENTER RESPONSE AND INTERVENTION, CASE-MANAGEMENT AND ADVOCACY, INDIVIDUAL COUNSELING SERVICES, INCLUDING HOLISTIC HEALING, AND LIFE SKILLS, EDUCATION, AND EMPLOYMENT DEVELOPMENT.",MI,MI22000,252,department-of-justice,ASST_NON_15POVC22GG03894HT_015,True
231635092,15POVC22GG03699MINO,RAPE CRISIS CENTER,2022-10-01,2026-09-30,399084.0,Department of Justice,Office of Justice Programs,16.320,"THE SUMMIT & MEDINA COUNTY MINOR VICTIMS OF SEX TRAFFICKING PREVENTION AND DECRIMINALIZATION PROJECT WILL ENHANCE THE EXISTING ANTI-HUMAN TRAFFICKING WORK TO SCALE UP PARTNERSHIPS TO PRIORITIZE PREVENTION OF AT-RISK MINORS, AS WELL AS THE IDENTIFICATION OF MINORS WHO ARE VICTIMS OF SEX TRAFFICKING. IN ADDITION TO THE EXISTING SERVICE PROVISIONS FOR VICTIMS OF TRAFFICKING PROVIDED BY RCC AND BWS, THE PROJECT WILL PRIORITIZE REACHING MINOR VICTIMS OF SEX TRAFFICKING WHO MORE ACCURATELY REPRESENT THE POPULATION IMPACTED BY THE CRIME, INCLUDING REACHING YOUTH BEFORE THEY ARE JUSTICE-INVOLVED, HOMELESS AND RUNAWAY YOUTH, YOUTH PRESENTING WITH SEXUAL ASSAULTS/ABUSE THROUGH THE RCC HOTLINE, AND THOSE WHO ARE IN SHELTER DUE TO THEIR FAMILY HISTORY OF DOMESTIC OR INTIMATE PARTNER VIOLENCE. 

A KEY COMPONENT TO THE PROGRAM WILL BE IMPLEMENTING AN EFFECTIVE, USER-FRIENDLY SCREENING TOOL, WIDELY UTILIZED BY PARTNER ORGANIZATIONS, TO IDENTIFY VICTIMS OF TRAFFICKING AS WELL AS HIGH-RISK MINORS. THIS WILL CREATE TO CREATE A PATHWAY TO SERVICES AND SUPPORT THAT WILL BE ADOPTED BY ORGANIZATIONS WHO HAVE CONTACT WITH YOUTH AT RISK OF TRAFFICKING, ESPECIALLY SCHOOLS, CHILDREN’S PROTECTIVE SERVICES, AND HOSPITALS, AS WELL AS THE JUVENILE COURTS. SERVICE PROVISION BY RCC AND BWS WILL BE ONGOING, WHICH COMBINED WITH THE BROADER ANTI-TRAFFICKING COLLABORATIVE, MEET KEY IMMEDIATE, SHORT-TERM, AND LONG-TERM SUPPORTS FOR VICTIMS OF TRAFFICKING, REGARDLESS OF SEX, AGE, IMMIGRATION STATUS, MENTAL HEALTH, OR OTHER STATUS OF THE VICTIM. 

FINALLY, THE PROGRAM WILL DECRIMINALIZE MINOR VICTIMS OF SEX TRAFFICKING THROUGH THE ONGOING PARTNERSHIP WITH LOCAL LAW ENFORCEMENT TO INCREASE REFERRALS TO SERVICES IN LIEU OF ARRESTING YOUTH FOR ACTIVITIES INDICATIVE OF SEX TRAFFICKING (I.E., PROSTITUTION, TRUANCY, ETC.). CURRENTLY, THE SUMMIT COUNTY JUVENILE COURT RUNS A SPECIALIZED DOCKET CALLED RESTORE COURT, FOR YOUTH VICTIMS OF TRAFFICKING. THIS PROJECT SEEKS TO DEVELOP POLICIES THAT WILL PRIORITIZE PREVENTION BEFORE ARREST, BUT RESTORE COURT IS AN EXCELLENT PARTNER TO IDENTIFY YOUTH ONCE THEY LAND IN THE COURT SYSTEM. RCC CURRENTLY PROVIDES THERAPY TO YOUTH IDENTIFIED THROUGH RESTORE COURT. IMPLEMENTING THESE PROGRAMMATIC ELEMENTS WILL FURTHER THE GOALS OF RCC, BWS, AND THE SUMMIT COUNTY COLLABORATIVE AGAINST HUMAN TRAFFICKING TO SUCCESSFULLY PREVENT THE TRAFFICKING OF MINORS BEFORE THEY REACH THE JUVENILE COURT SYSTEM, AS WELL AS DECRIMINALIZE THOSE WHO DO ENCOUNTER CRIMINAL JUSTICE SYSTEM.",OH,OH01000,252,department-of-justice,ASST_NON_15POVC22GG03699MINO_015,True
231635121,15POVC22GG03769HT,"HOPE WORKS, INC",2022-10-01,2026-09-30,397883.0,Department of Justice,Office of Justice Programs,16.320,"THE PURPOSE OF THIS PROPOSED PROJECT IS TO ENHANCE AND EXPAND SPECIALIZED SERVICES AVAILABLE TO HUMAN TRAFFICKING VICTIMS, WITH A PARTICULAR FOCUS ON IDENTIFYING AND ENGAGING WITH BIPOC TRAFFICKING SURVIVORS IN CHITTENDEN COUNTY, VERMONT. IN ALLIANCE WITH COMMUNITY PARTNERS WHO WORK DIRECTLY WITH UNDERSERVED AND HIGH-RISK POPULATIONS, INCLUDING INCARCERATED TRAFFICKING SURVIVORS, REFUGEES AND HOMELESS YOUTH, HOPE WORKS WILL REACH VICTIMS WHO HAVE HISTORICALLY BEEN UNABLE TO ACCESS SERVICES. HOPE WORKS ANTICIPATES SERVING 160 HUMAN TRAFFICKING VICTIMS ANNUALLY. THIS PROJECT WILL 1) IMPROVE ACCESS TO MENTAL HEALTH SERVICES FOR HUMAN TRAFFICKING VICTIMS BY OFFERING A COMPREHENSIVE SUITE OF AVAILABLE SERVICES TO A WIDER ARRAY OF SURVIVORS, WITH AN EMPHASIS ON SERVING BIPOC SEX TRAFFICKING SURVIVORS; 2) IMPROVE OUTCOMES FOR HUMAN TRAFFICKING VICTIMS WHO ABUSE SUBSTANCES BY DEEPENING ON-SITE EXPERTISE AND ESTABLISHING A NETWORK OF CLINICAL, TRAUMA-SPECIFIC PROVIDERS, INCLUDING THOSE PROVIDERS WHO IDENTIFY AS BIPOC; AND 3) IMPROVE OUTCOMES FOR MORE VICTIMS WHO ARE ENGAGED IN CIVIL LEGAL MATTERS BY STRENGTHENING RELATIONSHIPS WITH COMMUNITY PARTNERS WHO WORK WITH HISTORICALLY UNDERSERVED POPULATIONS, INCLUDING BIPOC YOUTH AND ADULTS, PROVIDING CIVIL LEGAL ADVOCACY TO SEX TRAFFICKING SURVIVORS WHO ARE INVOLVED IN THE CRIMINAL JUSTICE SYSTEM, AND MAKING REFERRALS TO ATTORNEYS FOR PRO BONO ASSISTANCE IN A WIDE ARRAY OF CIVIL LEGAL MATTERS.",VT,VT10675,252,department-of-justice,ASST_NON_15POVC22GG03769HT_015,True
231635118,15POVC22GG03762GIRL,ALTERNATIVES FOR GIRLS,2022-10-01,2025-09-30,397518.96,Department of Justice,Office of Justice Programs,16.035,"ALTERNATIVES FOR GIRLS (AFG) SAFE CHOICES-NEW CHOICES PROGRAM WILL BUILD ON EXISTING PREVENTION AND EARLY INTERVENTION PROGRAMS TO PREVENT AND REDUCE THE VICTIMIZATION OF GIRLS WHO ARE VULNERABLE TO COMMERCIAL SEXUAL EXPLOITATION.

OVER 36-MONTHS, AFG WILL TARGET 135 GIRLS AGES 14-18 YEARS  AT RISK OF OR WHO ARE VICTIMS OF SEX TRAFFICKING IN DETROIT, HAMTRAMCK, AND HIGHLAND PARK, MICHIGAN (THE DETROIT CONTINUUM OF CARE) BY: 


	REPLICATING AN EVIDENCE-BASED TRAUMA-INFORMED, CULTURALLY HONORING LEADHER YOUTH PREVENTION CURRICULUM 
	ENHANCING LEADHER WITH A 5 HOUR ADDITIONAL HUMAN TRAFFICKING MODULE THAT IN COMBINATION MAKES AN 35 HOUR CURRICULUM CALLED LEADHER-HT DESIGNED TO PROMOTE GIRLS' PROTECTIVE FACTORS AND DECREASE THEIR RISK FOR VICTIMIZATION.
	INCREASING IDENTIFICATION OF VICTIMS AND ENGAGEMENT IN SUPPORTIVE SERVICES BY CONDUCTING COMMUNITY OUTREACH AND EDUCATION USING LEADHER INTERNALLY AND WITH COMMUNITY PARTNERS, INCLUDING SCHOOL, YOUTH-SERVING HUMAN SERVICES, FAITH-BASED AND JUVENILE JUSTICE SETTINGS.
	COORDINATING SEAMLESS INFORMATION AND REFERRAL FOR INTENSIVE SERVICES FOR 90 IDENTIFIED VICTIMS OVER 36-MONTHS; AND 
	CONDUCTING A MODIFIED UTILIZATION-FOCUSED EVALUATION FOCUSED ON FORMATIVE ASSESSMENT OF AFG'S LEADHER CURRICULUM AS AN EARLY INTERVENTION TOOL.",MI,MI22000,252,department-of-justice,ASST_NON_15POVC22GG03762GIRL_015,True
231635674,15POVC23GG04047HT,INTERNATIONAL INSTITUTE OF MINNESOTA,2023-10-01,2026-09-30,392002.0,Department of Justice,Office of Justice Programs,16.320,"THE INTERNATIONAL INSTITUTE OF MINNESOTA (IIMN) WILL PROVIDE COMPREHENSIVE CASE MANAGEMENT SERVICES TO FOREIGN-BORN LABOR AND SEX HUMAN TRAFFICKING SURVIVORS IN HENNEPIN AND RAMSEY COUNTIES IN MINNESOTA. STAFF WILL LOCATE SHELTERS OR HOUSING FOR CLIENTS, COORDINATE SHELTER ENTRY OR APARTMENT MOVE-INS, PROVIDE HOUSING ORIENTATIONS TO CLIENTS IN RENTAL HOUSING, AND ALLOCATE FUNDS FOR DEPOSITS, RENT, OR OTHER HOUSING EXPENSES OVER 12 MONTHS. STAFF WILL ALSO PROVIDE SERVICES FOR PERSONAL ADVOCACY/ACCOMPANIMENT (REFERRALS TO HOUSING LEGAL RESOURCES) AND EDUCATION/EMPLOYMENT/SKILL BUILDING (REFERRALS TO IIMNS EMPLOYMENT SERVICES PROGRAM FOR NEW ARRIVALS AND ITS COMMUNITY ORIENTATION WORKSHOPS). TUBMAN AND SARAHS...AN OASIS FOR WOMEN WILL SUPPORT CLIENTS WITH EMERGENCY SHELTER.",MN,MN58000,252,department-of-justice,ASST_NON_15POVC23GG04047HT_015,True
234946181,2020FTFX0001,"LOVE146, INC.",2020-10-01,2024-03-31,389699.05,Department of Justice,Office of Justice Programs,16.035,ENHANCED STATE SATURATION MODEL: REPLICATION AND EXPANSION IN NY AND CT,CT,CT52000,252,department-of-justice,ASST_NON_2020FTFX0001_015,True
234950333,2020VTBX0035,NEW LIFE CENTER,2020-05-01,2024-04-30,378984.37,Department of Justice,Office of Justice Programs,16.320,TRANSITIONAL HOUSING FOR VICTIMS OF HUMAN TRAFFICKING IN MARICOPA COUNTY  ARIZONA,AZ,AZ28380,252,department-of-justice,ASST_NON_2020VTBX0035_015,True
234950318,2020VTBX0020,"PATHFINDERS MILWAUKEE, INC.",2020-05-01,2024-04-30,376689.0,Department of Justice,Office of Justice Programs,16.320,PATHFINDERS: HOUSING AND SUPPORTIVE SERVICES FOR YOUTH VICTIMS OF SEX TRAFFICKING,WI,WI53000,252,department-of-justice,ASST_NON_2020VTBX0020_015,True
231635684,15POVC23GG04057HT,"FAMILY SERVICES, INC",2023-10-01,2027-09-30,375667.0,Department of Justice,Office of Justice Programs,16.320,"FAMILY SERVICES WILL DEVELOP SIGNIFICANT CAPACITY TO 1) PROVIDE HOUSING SERVICES TO HUMAN TRAFFICKING VICTIMS INFORSYTH COUNTY, NORTH CAROLINA AND 2) TRAIN OTHER LOCAL HOMELESS SERVING HOUSING ORGANIZATIONS TO IDENTIFY HUMAN TRAFFICKING VICTIMS AND REFER TO FAMILY SERVICES FOR INTERPERSONAL VIOLENCE (IPV) SERVICES.",NC,NC99999,252,department-of-justice,ASST_NON_15POVC23GG04057HT_015,True
231634612,15POVC21GG03961HT,THE INTERNATIONAL INSTITUTE OF BUFFALO,2021-10-01,2024-09-30,371341.48,Department of Justice,Office of Justice Programs,16.320,HOUSING AND EMPLOYMENT ASSISTANCE TO VICTIMS OF HUMAN TRAFFICKING,NY,NY11000,252,department-of-justice,ASST_NON_15POVC21GG03961HT_015,True
231635149,15POVC22GG03925HT,WOMENS RIGHTS INFORMATION CENTER,2022-10-01,2025-09-30,360208.33,Department of Justice,Office of Justice Programs,16.320,"WOMEN’S RIGHTS INFORMATION CENTER’S (WRIC) PROPOSES TO INCREASE THE SAFETY, SELF-SUFFICIENCY, AND WELL-BEING OF VICTIMS OF HUMAN TRAFFICKING IN BERGEN COUNTY, NEW JERSEY THROUGH THE FOLLOWING MEASURES: 1) TARGET OUTREACH TO MARGINALIZED POPULATIONS AND ENHANCE SCREENING AND ASSESSMENT TO IDENTIFY TRAFFICKED INDIVIDUALS EARLIER; 2) REDUCE TRAUMA WITH SHORT-TERM CLINICAL INTERVENTIONS; AND 3) INCREASE EMPLOYABILITY SKILLS AND ECONOMIC INDEPENDENCE THROUGH JOB-READINESS PROGRAMS. WRIC’S PRIMARY GOAL UNDER THIS GRANT IS TO DEVELOP SERVICE PROGRAMS FOR VICTIMS OF HUMAN TRAFFICKING, AND TO EXPAND ITS CURRENT EVIDENCED-BASED, TRAUMA INFORMED, THERAPEUTIC SERVICES TO VICTIMS OF HUMAN TRAFFICKING. ADDITIONALLY, WRIC WILL WORK TO EXPAND THE KNOWLEDGE BASE AND CAPACITY OF STAFF TO WORK WITH AND RECOGNIZE TRAFFICKING AND TO HIRE STAFF WITH TRAFFICKING EXPERTISE. WRIC WILL WORK WITH ITS NORTHERN NEW JERSEY COMMUNITY WITH THE INTENDED OUTCOME TO INCREASE TRAFFICKING VICTIMS’ SAFETY, INDEPENDENCE, SELF-SUFFICIENCY, AND WELL-BEING. OVER THE COURSE OF THE PROJECT PERIOD, WRIC INTENDS TO PROVIDE WRAPAROUND SUPPORT AND THERAPEUTIC SERVICES FOR AT LEAST 30 VICTIMS OF HUMAN TRAFFICKING. AS WRIC INCREASES CAPABILITIES TO BETTER IDENTIFY VICTIMS OF HUMAN TRAFFICKING, IT WILL ALSO EXPAND OUTREACH TO VULNERABLE AND UNDERSERVED COMMUNITIES WHICH INCLUDE LATINO(A), AFRICAN AMERICAN, ASIAN, THE UNEMPLOYED/UNDEREMPLOYED, IMMIGRANT, AND LGBTQ+ POPULATIONS. WRIC SEEKS TO IDENTIFY AND SUPPORT THOSE EXPLOITED AND RESPOND EFFECTIVELY. WRIC’S PARTNERSHIP WITH INVESTIGATORS, PROSECUTORS, AND NJ BASED PROGRAMS WILL FACILITATE THE SUPPORT AND RECOVERY OF TRAFFICKED VICTIMS.",NJ,NJ21480,252,department-of-justice,ASST_NON_15POVC22GG03925HT_015,True
234950345,2020VTBX0048,"YWCA CENTRAL MASSACHUSETTS, INC.",2020-05-01,2024-04-30,359861.01,Department of Justice,Office of Justice Programs,16.320,THRVE - TRANSITIONAL HOUSING RESOURCES FOR VICTIMS OF EXPLOITATION,MA,MA82000,252,department-of-justice,ASST_NON_2020VTBX0048_015,True
231634695,15POVC21GK02768HT,KING COUNTY,2021-10-01,2024-09-30,357775.73,Department of Justice,Office of Justice Programs,16.320,KING COUNTY SUPERIOR COURT - JUVENILE AND FAMILY COURT CSEC SCREENING PROGRAM,WA,WA63000,252,department-of-justice,ASST_NON_15POVC21GK02768HT_015,True
231634661,15POVC21GG04245HT,CITY OF NAMPA,2021-10-01,2025-09-30,350000.0,Department of Justice,Office of Justice Programs,16.320,HUMAN TRAFFICKING TRAINING AND VICTIM SERVICES DEVELOPMENT PROGRAM,ID,ID56260,252,department-of-justice,ASST_NON_15POVC21GG04245HT_015,True
231634657,15POVC21GG04237HT,GLOBAL ALLIANCE SOLUTIONS FOUNDATION,2021-10-01,2024-09-30,350000.0,Department of Justice,Office of Justice Programs,16.320,"GLOBAL ALLIANCE SOLUTIONS FOUNDATION (GASF) PROVIDES SERVICES IN WAYNE, OAKLAND, MACOMB, AND WASHTENAW COUNTIES OF MICHIGAN TO ALL INDIVIDUALS WHO MEET REQUIREMENTS OF PROJECT FUNDERS WITH AN EMPHASIS ON EMPOWERING WOMEN AND WORKING WITH IMMIGRANT AND REFUGEE COMMUNITIES. GASF PROVIDES EXTENSIVE CASE MANAGEMENT SERVICES, RESPECTING THE DIVERSITY AND CULTURAL IMPACT FOR MINORITIES, AND SUPPORTING BASIC AND LANGUAGE NEEDS OF INDIVIDUALS. FUNDING WILL SUPPORT DEVELOPING GASF’S CAPACITY TO SERVE VICTIMS AND SURVIVORS OF SEVERE HUMAN TRAFFICKING WORKING WITH OTHER ORGANIZATIONS FOR GUIDANCE AND SUPPORT. ADDITIONALLY, GASF WILL CONTINUE TO PROVIDE TRAUMA INFORMED CARE AND ADVOCACY FOR CONSTITUENTS. SERVICES AVAILABLE WILL INCLUDE: LEGAL ADVOCACY, CRISIS INTERVENTION, CLIENT ORIENTATION, ONGOING CASE MANAGEMENT, EMOTIONAL SUPPORT THROUGH INDIVIDUAL AND SUPPORTIVE GROUPS (DIDACTIC & PROCESS), COUNSELING, CLINICAL THERAPY AND VARIOUS MENTAL HEALTH MODALITIES (PSYCHIATRIC AND PSYCHOLOGICAL), EDUCATION, EMPLOYMENT ASSISTANCE, HOUSING AND SHELTER ADVOCACY, INTERPRETERS AND TRANSLATORS, SUBSTANCE ABUSE TREATMENT, PERSONAL CARE ITEMS, FOOD, CLOTHING, AND OTHER BASIC NEEDS. SKILLS AND SERVICES FOR VICTIMS WILL BE FURTHER IDENTIFIED AS PART OF THE TRAINING AND PROJECT DEVELOPMENT.

 

THE GASF HUMAN TRAFFICKING PROGRAM MODEL INFUSES COLLABORATION AMONG PROVEN EXPERTS AND IS UNIQUELY THOUGHT AND STRATEGICALLY TAILORED TO INCREASE THE HEALING AND RECOVERY OF SURVIVORS AND SUPPORT PROSECUTION OF HUMAN TRAFFICKERS. PARTNERS INCLUDE, BUT ARE NOT LIMITED TO: DETROIT POLICE OFFICERS ASSOCIATION; ISLAMIC CENTER OF DETROIT (ICD); INTERNATIONAL INSTITUTE OF METROPOLITAN DETROIT; ALTERNATIVES FOR GIRLS (AFG); AND OFFICE OF REFUGEE RESETTLEMENT (ORR).",MI,MI99999,252,department-of-justice,ASST_NON_15POVC21GG04237HT_015,True
231634646,15POVC21GG04215HT,"FLORIDA LEGAL SERVICES, INC",2021-10-01,2025-09-30,350000.0,Department of Justice,Office of Justice Programs,16.320,FLS HUMAN TRAFFICKING LEGAL ASSISTANCE PROJECT,FL,FL48200,252,department-of-justice,ASST_NON_15POVC21GG04215HT_015,True
231634630,15POVC21GG04178HT,"ST. JOHN HEALTH SYSTEM, INC.",2021-10-01,2024-12-31,350000.0,Department of Justice,Office of Justice Programs,16.320,EXPANSION OF ASCENSION ST. JOHN HUMAN TRAFFICKING EDUCATION AND RESPONSE PROGRAM IN NORTHEASTERN OKLAHOMA,OK,OK75000,252,department-of-justice,ASST_NON_15POVC21GG04178HT_015,True
231634303,15POVC20GG00036HT,INTERNATIONAL RESCUE COMMITTEE INC,2021-08-01,2024-07-31,350000.0,Department of Justice,Office of Justice Programs,16.320,IRC SAN DIEGO DEVELOPING CAPACITY TO SERVE HUMAN TRAFFICKING VICTIMS,CA,CA66000,252,department-of-justice,ASST_NON_15POVC20GG00036HT_015,True
234950394,2020VTBX0099,ARIZONA YOUTH PARTNERSHIP,2020-10-01,2024-09-30,349906.05,Department of Justice,Office of Justice Programs,16.320,ARIZONA YOUTH PARTNERSHIP'S MOHAVE COUNTY TRAFFICKING TASK FORCE,AZ,AZ77000,252,department-of-justice,ASST_NON_2020VTBX0099_015,True
231634655,15POVC21GG04233HT,INTERNATIONAL RESCUE COMMITTEE INC,2021-10-01,2025-03-31,349585.0,Department of Justice,Office of Justice Programs,16.320,IRC TUCSON'S SERVICE FOR VICTIMS OF HUMAN TRAFFICKING PURPOSE AREA 1 PROJECT,AZ,AZ77000,252,department-of-justice,ASST_NON_15POVC21GG04233HT_015,True
234950390,2020VTBX0095,LONE STAR LEGAL AID,2020-10-01,2024-09-30,346392.0,Department of Justice,Office of Justice Programs,16.320,JUSTICE FOR HUMAN TRAFFICKING SURVIVORS,TX,TX35000,252,department-of-justice,ASST_NON_2020VTBX0095_015,True
234950324,2020VTBX0026,ORANGEWOOD FOUNDATION,2020-05-01,2024-04-30,343861.04,Department of Justice,Office of Justice Programs,16.320,5.11 HOUSE PROJECT FOR TRANSITIONAL HOUSING AND SUPPORT SERVICES FOR VICTIMS OF HUMAN TRAFFICKING,CA,CA69000,252,department-of-justice,ASST_NON_2020VTBX0026_015,True
231634643,15POVC21GG04210HT,"COAST TO COAST LEGAL AID OF SOUTH FLORIDA, INC",2021-10-01,2024-12-31,340460.81,Department of Justice,Office of Justice Programs,16.320,SURVIVORS OF HUMAN TRAFFICKING LEGAL PROGRAM,FL,FL57425,252,department-of-justice,ASST_NON_15POVC21GG04210HT_015,True
234950350,2020VTBX0053,"CHICAGO, CITY OF",2020-05-01,2024-04-30,335284.35,Department of Justice,Office of Justice Programs,16.320,CHICAGO HOUSING ASSISTANCE PROJECT FOR VICTIMS OF HUMAN TRAFFICKING,IL,IL14000,252,department-of-justice,ASST_NON_2020VTBX0053_015,True
231634650,15POVC21GG04223HT,"INTERNATIONAL RESCUE COMMITTEE, INC.",2021-10-01,2025-09-30,311302.12,Department of Justice,Office of Justice Programs,16.320,IRC RICHMOND'S SERVICE FOR VICTIMS OF HUMAN TRAFFICKING PURPOSE AREA 1 PROJECT,VA,VA14968,252,department-of-justice,ASST_NON_15POVC21GG04223HT_015,True
231634659,15POVC21GG04241HT,"SEPA MUJER, INC",2021-10-01,2025-09-30,304039.43,Department of Justice,Office of Justice Programs,16.320,THE FREEDOM PLAN,NY,NY56660,252,department-of-justice,ASST_NON_15POVC21GG04241HT_015,True
231635774,15POVC23GK02756HT,COUNTY OF SHAWNEE,2023-10-01,2026-09-30,301125.77,Department of Justice,Office of Justice Programs,16.320,"THE SHAWNEE COUNTY DISTRICT ATTORNEYS OFFICE (SNCODA), AN OFFICE WITHIN THE SHAWNEE COUNTY, KANSAS GOVERNMENT, AND YWCA NORTHEAST KANSAS ARE JOINTLY APPLYING FOR THE OVC FY2023 ENHANCED COLLABORATIVE MODEL TASK FORCE TO COMBAT HUMAN TRAFFICKING GRANT, PURPOSE AREA 1: DEVELOPMENT OF NEW HUMAN TRAFFICKING TASK FORCES. THIS FUNDING WILL BE USED TO DEVELOP THE KAW VALLEY ANTI-HUMAN TRAFFICKING TASK FORCE (KVHTTF) INTO AN ENHANCED COLLABORATIVE MODEL TASK FORCE THAT WILL EXPAND LAW ENFORCEMENT AND SOCIAL SERVICES RESPONSES TO VICTIMS OF HUMAN TRAFFICKING. HIRING DEDICATED, SPECIALIZED INVESTIGATIVE STAFF, WILL RESULT IN INCREASED INTELLIGENCE-BASED INVESTIGATIONS, AND PROVIDE WRAPAROUND SERVICES TO VICTIMS. THE KVHTTF SERVES THREE CONTIGUOUS COUNTIES: JACKSON, SHAWNEE, AND OSAGE. ACCORDING TO DATA FROM THE U.S. CENSUS BUREAU, THEIR COMBINED POPULATION IS 205,361, WITH MOST RESIDENTS LOCATED IN AND AROUND THE CAPITAL CITY OF TOPEKA, SHAWNEE COUNTY, KANSAS.

TOPEKA IS 60 MILES TO THE WEST OF KANSAS CITY ON I-70 AND IS INTERSECTED BY HIGHWAY 75 NORTH TO JACKSON COUNTY, AND HIGHWAY 75 SOUTH TO OSAGE COUNTY. SOUTHWEST VIA I-335 IS WICHITA, THE STATES LARGEST CITY. HIGHWAY 24 BEGINS 30 MILES EAST OF TOPEKA AND HEADS NORTHWEST WHERE IT PASSES JUST NORTH OF THE CITY AND CROSSES HWY 75. ACCORDING TO DATA COLLECTED FROM THE KANSAS DEPARTMENT OF TRANSPORTATION, THE COMBINED HIGHEST DAILY TRAFFIC AVERAGE OF ALL MAJOR HIGHWAYS IN TOPEKA IS APPROXIMATELY 107,920 CARS PER DAY. INEVITABLY, THIS BRINGS MORE CRIME INTO THE SERVICE AREA, INCLUDING AN INCREASE IN HUMAN TRAFFICKING AS RECENTLY OBSERVED IN TASK FORCE OPERATIONS.

IN THE LAST FOUR YEARS, THE SHAWNEE COUNTY SHERIFFS OFFICE (SSO) HAS 22 DOCUMENTED HUMAN TRAFFICKING INVESTIGATIONS, AND THE KANSAS BUREAU OF INVESTIGATIONS (KBI) HAS DOCUMENTED 23 HUMAN TRAFFICKING TIPS ASSIGNED TO AGENCIES FOR INVESTIGATION WITHIN THE SERVICE AREA. SNCODA HAS PROSECUTED SIX HUMAN TRAFFICKING CASES, AND YWCA NORTHEAST KANSAS CENTER FOR SAFETY AND EMPOWERMENT HAS SERVED 228 HUMAN TRAFFICKING VICTIMS. OFFICE FOR VICTIMS OF CRIME FUNDING WILL PROVIDE KVHTTF AND YWCA NORTHEAST KANSAS WITH NEEDED RESOURCES TO EXPAND AND ENHANCE THEIR ABILITY TO SIGNIFICANTLY INCREASE IDENTIFICATION OF HUMAN TRAFFICKING VICTIMS, EXPAND THE SERVICES THEY RECEIVE, AND HOLD THE TRAFFICKERS ACCOUNTABLE THROUGH TASK FORCE INVESTIGATIONS AND PROSECUTIONS WITHIN THE SERVICE AREA.",KS,KS71000,252,department-of-justice,ASST_NON_15POVC23GK02756HT_015,True
234950442,2020VTBXK031,ILLINOIS STATE POLICE,2020-10-01,2024-09-30,292308.05,Department of Justice,Office of Justice Programs,16.320,SUPPORT FOR ENHANCED COLLABORATIVE MODEL TASK FORCE TO COMBAT HUMAN TRAFFICKING,IL,IL72000,252,department-of-justice,ASST_NON_2020VTBXK031_015,True
234946862,2020MUMU0124,LUMMI INDIAN BUSINESS COUNCIL,2020-10-01,2024-09-30,275048.51,Department of Justice,Office of Justice Programs,16.320,LUMMI NATION SERVICES FOR VICTIMS OF HUMAN TRAFFICKING,WA,WA05280,252,department-of-justice,ASST_NON_2020MUMU0124_015,True
234950384,2020VTBX0089,NEW MEXICO DREAM CENTER OF ALBUQUERQUE,2020-10-01,2023-12-31,260678.34,Department of Justice,Office of Justice Programs,16.320,INCREASING NMDC'S CAPACITY TO SERVE HUMAN TRAFFICKING VICTIMS IN NEW MEXICO,NM,NM02000,252,department-of-justice,ASST_NON_2020VTBX0089_015,True
234950400,2020VTBX0105,PONCA TRIBE OF NEBRASKA,2020-10-01,2024-09-30,253044.51,Department of Justice,Office of Justice Programs,16.320,PONCA TRIBE OF NEBRASKA TRAFFICKING VICTIM PROJECT,NE,NE34370,252,department-of-justice,ASST_NON_2020VTBX0105_015,True
234950346,2020VTBX0049,THE AVERY CENTER,2020-05-01,2024-02-29,244810.39,Department of Justice,Office of Justice Programs,16.320,"THE GOAL OF THE FY 2020 HOUSING ASSISTANCE GRANTS FOR VICTIMS OF HUMAN TRAFFICKING PROGRAM IS TO SUPPORT HOUSING ASSISTANCE FOR VICTIMS OF ALL FORMS OF HUMAN TRAFFICKING THROUGHOUT THE UNITED STATES, AS DEFINED BY THE TRAFFICKING VICTIMS PROTECTION ACT (TVPA) OF 2000, AS AMENDED. FUNDING THROUGH THIS SOLICITATION SUPPORTS PROGRAMS THAT PROVIDE 6 TO 24 MONTHS OF TRANSITIONAL HOUSING WITH SUPPORT SERVICES TO VICTIMS OF HUMAN TRAFFICKING WHO ARE IN NEED OF HOUSING AS A RESULT OF HUMAN TRAFFICKING.  FUNDING WILL BE PROVIDED OVER A THREE-YEAR PROJECT PERIOD.   FREE OUR GIRLS (FOG) PROGRAM WILL PROVIDE AFFORDABLE, SHORT-TERM HOUSING OPTIONS TO VICTIMS OF HUMAN TRAFFICKING AND THEIR CHILDREN LOCATED IN WELD AND LARIMER COUNTY, COLORADO FOR UP TO 12 MONTHS. FOG IS ADOPTING THE HOUSING FIRST MODEL USING SCATTERED-SITE HOUSING THROUGH WHICH PARTICIPANTS WILL SELECT AN OPEN MARKET UNIT AND HOLD THE LEASE IN THEIR NAME. THIS WILL ALLOW EACH SURVIVOR TO BUILD THEIR RENTAL HISTORY AND REMAIN IN THE UNIT UPON EXITING THE PROGRAM. THE PROGRAM WILL BEGIN WITH A RAPID RE-HOUSING APPROACH IN WHICH FOG WILL SUBSIDIZE 100 PERCENT OF EACH PARTICIPANTS RENT FOR 60 DAYS TO AVOID OR MINIMIZE EXPOSURE TO HOMELESSNESS. AFTER 60 DAYS, FOG WILL INCORPORATE A PERMANENT SUPPORTIVE HOUSING MODEL IN WHICH PARTICIPANTS WILL MAKE RENT PAYMENTS EQUAL TO 30% OF THEIR GROSS INCOME. FOG WILL HOLD THESE RENT PAYMENTS IN A SAVINGS ACCOUNT UNTIL THE PARTICIPANT EXITS THE PROGRAM. UPON EXIT, PARTICIPANTS WILL RECEIVE THE TOTAL SUM OF THE RENT PAID DURING THEIR TIME IN THE PROGRAM. SUPPORT SERVICES INCLUDE A JOB TRAINING PROGRAM THROUGH WHICH PARTICIPANTS CAN ENGAGE IN PAID EMPLOYMENT IN FOGS BOUTIQUES WHILE RECEIVING WORKFORCE READINESS EDUCATION. FOG WILL PAY FOR 100% OF CHILDCARE FOR 60 DAYS TO ALLOW PARTICIPANTS TO BEGIN WORKING WHILE STATE CHILDCARE ASSISTANCE APPLICATIONS ARE PROCESSED. PARTICIPANTS WILL HAVE THE OPTION OF PARTICIPATING IN NO-COST FINANCIAL LITERACY EDUCATION AND INDIVIDUAL AND GROUP THERAPY. FOG WILL EMPLOY A PEER NAVIGATOR WITH SHARED, LIVED EXPERIENCE AS A TRAFFICKING SURVIVOR TO ASSIST PARTICIPANTS.  CA/NCF",CO,CO32155,252,department-of-justice,ASST_NON_2020VTBX0049_015,True
231634728,15POVC21GK04078HT,"ANCHORAGE, MUNICIPALITY OF (INC)",2021-10-01,2025-09-30,231940.11,Department of Justice,Office of Justice Programs,16.320,STRENGTHENING SERVICES THROUGH ACTION; ANCHORAGE ENHANCED COLLABORATIVE MODEL TASK FORCE TO COMBAT HUMAN TRAFFICKING,AK,AK03000,252,department-of-justice,ASST_NON_15POVC21GK04078HT_015,True
231635150,15POVC22GG03929HT,YOUNG WOMEN'S CHRISTIAN ASSOCIATION OF SCHENECTADY,2022-10-01,2025-09-30,216184.34,Department of Justice,Office of Justice Programs,16.320,"TO MEET THE IDENTIFIED SERVICES GAPS THAT INCLUDE COUNSELING, CASE MANAGEMENT, AND HOUSING FOR NON-YOUTH VICTIMS, YWCA NORTHEASTERN NY (YWCA NENY) WILL BUILD THEIR ORGANIZATIONAL CAPACITY TO PROVIDE COMPREHENSIVE SUPPORT SERVICES TO VICTIMS OF HUMAN TRAFFICKING IN SCHENECTADY COUNTY, NEW YORK. THE PROJECT WILL PROVIDE TRAINING TO EXISTING VICTIM SERVICES STAFF AT YWCA NENY SO THAT YWCA NENY’S SUPPORT SERVICES FOR VICTIMS OF DOMESTIC VIOLENCE AND HOMELESSNESS CAN ALSO ACCOMMODATE TRAFFICKING VICTIMS. YWCA NENY WILL ALSO HIRE A HUMAN TRAFFICKING COUNSELOR THAT CAN FILL THE COUNTY’S SERVICE GAPS FOR DEDICATED LONG-TERM CASE MANAGEMENT AND COUNSELING FOR NON-YOUTH VICTIMS. THE HUMAN TRAFFICKING COUNSELOR WILL OFFER TRAINING TO COMMUNITY AGENCIES TO ENSURE THAT TRAFFICKING VICTIMS IN SCHENECTADY COUNTY ARE PROPERLY IDENTIFIED AND REFERRED TO THE APPROPRIATE SERVICES. THE HUMAN TRAFFICKING COUNSELOR WILL ALSO PROVIDE MANAGED REFERRALS TO (1) INTERNAL YWCA NENY SERVICES INCLUDING ECONOMIC EMPOWERMENT COACHING, COUNSELING, SUPPORT GROUPS, DOMESTIC VIOLENCE ADVOCACY, AND AFFORDABLE HOUSING; AND (2) SERVICES FROM VARIOUS COMMUNITY PARTNERS OFFERING MEDICAL AND LEGAL SERVICES AS WELL AS YOUTH-SPECIFIC SHELTER. BY IMPLEMENTING A COMPREHENSIVE SERVICE PROVISION PLAN FOR TRAFFICKING VICTIMS, YWCA NENY WILL CREATE NEW AVENUES FOR THE MANY SEX AND LABOR TRAFFICKING VICTIMS IN SCHENECTADY TO RECEIVE TRAUMA-INFORMED SERVICES THAT HELP THEM ACHIEVE INCREASED SAFETY, INDEPENDENCE, SELF-SUFFICIENCY, AND WELL-BEING.",NY,NY65508,252,department-of-justice,ASST_NON_15POVC22GG03929HT_015,True
231634585,15POVC21GG02833MINO,THE INTERNATIONAL INSTITUTE OF BUFFALO,2021-10-01,2024-09-30,201830.02,Department of Justice,Office of Justice Programs,16.320,IIB SERVICES FOR YOUTH VICTIMS OF LABOR TRAFFICKING,NY,NY11000,252,department-of-justice,ASST_NON_15POVC21GG02833MINO_015,True
234950419,2020VTBXK004,THE SALVATION ARMY,2020-10-01,2024-09-30,179460.95,Department of Justice,Office of Justice Programs,16.320,SOUTHWEST OHIO HUMAN TRAFFICKING TASK FORCE,NY,NY80599,252,department-of-justice,ASST_NON_2020VTBXK004_015,True
231635105,15POVC22GG03748HT,REFUGEE SERVICES OF TEXAS INC,2022-10-01,2025-09-30,125304.79,Department of Justice,Office of Justice Programs,16.320,"REFUGEE SERVICES OF TEXAS, INC. (RST) WILL IMPLEMENT A COLLABORATIVE AND COMPREHENSIVE SERVICE MODEL TO ENHANCE THE QUALITY AND QUANTITY OF SERVICES AVAILABLE TO ASSIST VICTIMS OF HUMAN TRAFFICKING. THE PROPOSED INITIATIVE, SURVIVORS OF TRAFFICKING EMPOWERMENT PROGRAM (STEP), WILL SERVE ALL HUMAN TRAFFICKING VICTIMS IN TEXAS’ RGV REGION OF CAMERON, HIDALGO, STARR, AND WILLACY COUNTIES AND IN THE GREATER HOUSTON AREA OF FORT BEND, GALVESTON, HARRIS, AND MONTGOMERY COUNTIES. STEP WILL BUILD UPON RST AND PARTNERS’ PREVIOUS EFFORTS TO SERVE HUMAN TRAFFICKING VICTIMS. TO ACCOMPLISH PROGRAM GOALS, RST WILL IMPLEMENT SERVICES ALIGNED WITH THE FOLLOWING OBJECTIVES: 1) PROVIDE HIGH QUALITY CASE MANAGEMENT SERVICES AND REFERRALS TO ESSENTIAL SERVICES THAT ADDRESS THE INDIVIDUALIZED NEEDS OF VICTIMS OF ALL FORMS OF HUMAN TRAFFICKING IN THE PROPOSED REGIONS; 2) ENHANCE INTERAGENCY COLLABORATION AND RESPONSE COORDINATION ACROSS THE PROPOSED REGIONS THROUGH IMPROVED COMMUNITY PARTNERSHIPS AND PROVISION OF TRAINING AND OUTREACH ACTIVITIES; AND 3) CONDUCT DATA COLLECTION AND EVALUATION ACTIVITIES TO DETERMINE IF THE PROGRAM IS MEETING STATED GOALS AND OBJECTIVES. KEY DELIVERABLES WILL INCLUDE: AN ON-CALL RESPONSE FOR THE NATIONAL TRAFFICKING HOTLINE, LOCAL LAW ENFORCEMENT AND SOCIAL SERVICE AGENCIES IN THE PROPOSED REGIONS; CASE MANAGEMENT AND COUNSELING SERVICES FOR VICTIMS; AND ENHANCED TRAINING FOR LOCAL COMMUNITIES AND LAW ENFORCEMENT ON THE IDENTIFICATION AND REPORTING OF HUMAN TRAFFICKING IN THE SERVICE AREAS. DESIRED OUTCOMES INCLUDE INCREASED ECONOMIC SELF-SUFFICIENCY FOR VICTIMS; INCREASED IDENTIFICATION OF VICTIMS; AND ENHANCED DATA COLLECTION.",TX,TX19000,252,department-of-justice,ASST_NON_15POVC22GG03748HT_015,True
231635199,15POVC22GK03663HT,CITY & COUNTY OF HONOLULU,2022-10-01,2025-09-30,92171.9,Department of Justice,Office of Justice Programs,16.320,"NAME OF TASK FORCE: THE HONOLULU COUNTY HUMAN TRAFFICKING TASK FORCE

GEOGRAPHIC AREA:        CITY AND COUNTY OF HONOLULU

PURPOSE AREA:             #2: EXPANSION OF ESTABLISHED ECM HUMAN TRAFFICKING TASK FORCE

LE APPLICANT NAME:         THE DEPARTMENT OF THE PROSECUTING ATTORNEY

AMOUNT REQUESTED:    $750,000

VSP APPLICANT NAME:       SUSANNAH WESLEY COMMUNITY CENTER

AMOUNT REQUESTED:    $750,000

NO. OF TRAFFICKING INVESTIGATIONS:      21 IN 2019       12 IN 2020       4 IN 2021         8 IN 2022 

NO. OF TRAFFICKING PROSECUTIONS:        44 IN 2019       4 IN 2020         0 IN 2021         5 IN 2022

NO. OF TRAFFICKING VICTIMS SERVED:    103 IN 2019     88 IN 2020       96 IN 2021       57 IN 2022

THE DEPARTMENT OF THE PROSECUTING ATTORNEY (DPA) AND SUSANNAH WESLEY COMMUNITY CENTER (SWCC) WILL COORDINATE RESOURCES TO MEET THE MISSION AND GOALS OF AN ENHANCED COLLABORATIVE MODEL TO COMBAT HUMAN TRAFFICKING TASK FORCE PROJECT IN THE CITY AND COUNTY OF HONOLULU.  THE MISSION OF THIS PROJECT IS TO EXPAND THE ESTABLISHED MULTIDISCIPLINARY TASK FORCE THAT IMPLEMENTS VICTIM-CENTERED AND COORDINATED APPROACHES TO IDENTIFYING VICTIMS OF HUMAN TRAFFICKING, ADDRESSING THE INDIVIDUALIZED NEEDS OF VICTIMS THROUGH COMPREHENSIVE SERVICES AND INVESTIGATING AND PROSECUTING HUMAN TRAFFICKING CASES AT THE LOCAL, STATE AND FEDERAL LEVELS. THE TASK FORCE WILL REFINE AND IMPLEMENT EXISTING AND NEW PROTOCOLS AND CONTINUE MEANINGFUL SURVIVOR ENGAGEMENT.

THE GOALS OF THE ESTABLISHED MULTIDISCIPLINARY TASK FORCE ARE:


	IDENTIFY VICTIMS OF ALL TYPES OF HUMAN TRAFFICKING WITHIN THE CITY AND COUNTY OF HONOLULU,
	ADDRESS THE INDIVIDUALIZED NEEDS OF VICTIMS THROUGH THE PROVISION OF A COMPREHENSIVE ARRAY OF QUALITY SERVICES, AND 
	ENGAGE IN PROACTIVE VICTIM-CENTERED INVESTIGATIONS AND PROSECUTIONS OF ALL HUMAN TRAFFICKING CASES AT THE LOCAL, STATE, TRIBAL, AND FEDERAL LEVELS, AS JURISDICTIONALLY APPROPRIATE.


 

THE TASK FORCE LEADERSHIP TEAM WILL INCLUDE THE DPA, SWCC, THE U.S. ATTORNEY’S OFFICE, THE U.S. HOMELAND SECURITY INVESTIGATION, AND THE HONOLULU POLICE DEPARTMENT. THIS TASK FORCE HAS AN ESTABLISHED MEMBERSHIP OF OTHER RELEVANT STAKEHOLDERS. THE COLLABORATION WILL BE ENSURED THROUGH REGULAR LEADERSHIP TEAM MEETINGS AND MONTHLY MEETINGS OF THE FULL TASK FORCE MEMBERSHIP, UNDER THE COORDINATION OF THE DPA TASK FORCE COORDINATOR.  DELIVERABLES WILL INCLUDE CLEAR OPERATIONAL PROTOCOLS FOR SERVICE DELIVERY, INVESTIGATION, PROSECUTION, AND THE DEVELOPMENT OF A SHARED PUBLIC MESSAGE.",HI,HI17000,252,department-of-justice,ASST_NON_15POVC22GK03663HT_015,True
234950427,2020VTBXK012,COUNTY OF WESTCHESTER,2020-10-01,2024-09-30,48549.86,Department of Justice,Office of Justice Programs,16.320,WESTCHESTER COUNTY ANTI-TRAFFICKING TASK FORCE,NY,NY81677,252,department-of-justice,ASST_NON_2020VTBXK012_015,True
231635212,15POVC22GK03686HT,DARE COUNTY OF COUNTY GOVERNMENT,2022-10-01,2025-09-30,47688.55,Department of Justice,Office of Justice Programs,16.320,"MANY COMMUNITIES, INCLUDING THE COASTAL, EASTERN REGION OF NC, RECOGNIZE THE NEED TO BUILD LOCAL CAPACITIES TO MEET THE SPECIFIC NEEDS OF HUMAN TRAFFICKING (HT) VICTIMS, AND TO BUILD AND/OR STRENGTHEN PARTNERSHIPS TO BE ABLE TO SUCCESSFULLY IDENTIFY AND PROSECUTE/DETER TRAFFICKERS.

THE LEAD AGENCIES IN THIS GRANT APPLICATION, DARE COUNTY SHERRIFF’S OFFICE (DCSO) AND OUTER BANKS HOTLINE (OBH) HAVE BEEN WORKING TOGETHER TO PROVIDE COMMUNITY OUTREACH AND AWARENESS ABOUT HT IN THEIR SERVICE AREA OVER THE PAST TWO YEARS, AND RECOGNIZE A MAJOR NEED TO PLAN, DEVELOP, AND IMPLEMENT A MULTIDISCIPLINARY REGIONAL HT FORCE, TO INCLUDE CAMDEN, CURRITUCK, DARE, AND PASQUOTANK COUNTIES, WHICH WILL BE OPERATE AS THE NORTH CAROLINA EASTERN REGION HUMAN TRAFFICKING TASK FORCE (NCERHTTF), IF FUNDED.  


	THE POPULATION IN THIS REGION IS 114,337. [1] THE MEDIAN HOUSEHOLD INCOME OF THE COUNTIES IS $55,514 [2] AND 11.13% [3] OF THE TOTAL POPULATION IS LIVING IN POVERTY. THE ECONOMY ACROSS THIS AREA RELIES HEAVILY ON TOURISM, SERVICE INDUSTRIES, COMMERCIAL FISHING, AND AGRICULTURE. THE POPULATION CAN SWELL TO 250,000 PEOPLE BETWEEN MEMORIAL DAY AND LABOR DAY. [4]


OVER THE LAST 3 YEARS, OBH HAS SERVED 15 HT VICTIMS. 6 VICTIMS WERE SERVED DURING THE PERIOD OF JULY 2020 – JUNE 2021, 6 VICTIMS WERE SERVED DURING THE PERIOD OF JULY 2019 – JUNE 2020, AND 2 VICTIMS WERE SERVED DURING THE PERIOD OF JULY 2018 – JUNE 2019. OBH HAS WORKED TO EDUCATE BUSINESSES, COMMUNITY PARTNERS, LAW ENFORCEMENT AGENCIES, AND THE PUBLIC, AS WELL AS WORKING TO IDENTIFY HT VICTIMS SINCE OCTOBER 1, 2020. DCSO HAS RECENTLY STARTED FOUR INVESTIGATIONS AND HAS RECORDED GROWING INCIDENTS OF SUSPECTED SEX/LABOR TRAFFICKING. GROWING INTELLIGENCE, THE EXISTENCE OF AGRICULTURAL AND LABOR-INTENSIVE INDUSTRIES AND HIGH-VOLUME TOURISM COMBINED WITH A GROWING NUMBER OF HT VICTIMS IDENTIFIED IN THIS REGION SUPPORT THE BELIEF THAT DEVELOPMENT OF THE NCERHTTF WILL INTRODUCE PROTOCOL IMPLEMENTATION, THEREBY INCREASING HT INVESTIGATIONS/PROSECUTIONS, INCREASED AWARENESS AND OPPORTUNITIES TO PROVIDE DIRECT SERVICES TO VICTIMS OF HT. WITH COLLABORATIVE EFFORTS AND HT TRAINING, TASK FORCE PARTNERS ANTICIPATE A RISE IN AWARENESS OF HT, INCREASE IN REFERRALS TO SERVICE PROVIDERS, AND AN INCREASE IN THE PROSECUTION OF TRAFFICKERS/BUYERS. 

 


[1]  HTTPS://WWW.NORTHCAROLINA-DEMOGRAPHICS.COM/COUNTIES_BY_POPULATION



[2]  HTTP://WWW.USA.COM/RANK/NORTH-CAROLINA-STATE--MEDIAN-HOUSEHOLD-INCOME--COUNTY-RANK.HTM



[3] HTTPS://WWW.INDEXMUNDI.COM/FACTS/UNITED-STATES/QUICK-FACTS/NORTH-CAROLINA/PERCENT-OF-PEOPLE-OF-ALL-AGES-IN-POVERTY#CHART



[4] HTTPS://WORLDPOPULATIONREVIEW.COM/US-COUNTIES/NC/DARE-COUNTY-POPULATIO",NC,NC41060,252,department-of-justice,ASST_NON_15POVC22GK03686HT_015,True
231634715,15POVC21GK04062HT,THE SALVATION ARMY,2021-10-01,2024-09-30,0.0,Department of Justice,Office of Justice Programs,16.320,OVC FY2021 ENHANCED COLLABORATIVE MODEL: SEE HUMAN TRAFFICKING TASK FORCE,MI,MI34000,252,department-of-justice,ASST_NON_15POVC21GK04062HT_015,True
231634698,15POVC21GK02771HT,"FUND FOR THE CITY OF NEW YORK, INC.",2021-10-01,2024-09-30,0.0,Department of Justice,Office of Justice Programs,16.320,QUEENS COMMUNITY JUSTICE CENTER: QUEENS HOPE EXPANSION,NY,NY51000,252,department-of-justice,ASST_NON_15POVC21GK02771HT_015,True
231634610,15POVC21GG03959HT,"REFUGE FOR WOMEN, INC",2021-10-01,2024-09-30,0.0,Department of Justice,Office of Justice Programs,16.320,TRANSITIONAL AND SHORT-TERM LIVING FOR VICTIMS OF SEX TRAFFICKING,KY,KY46000,252,department-of-justice,ASST_NON_15POVC21GG03959HT_015,True
231634606,15POVC21GG03955HT,ATTORNEY GENERAL KENTUCKY OFF,2021-10-01,2024-09-30,0.0,Department of Justice,Office of Justice Programs,16.320,TRANSITIONAL HOUSING ASSISTANCE AND SERVICES FOR VICTIMS OF HUMAN TRAFFICKING IN SOUTHEASTERN KENTUCKY,KY,KY28900,252,department-of-justice,ASST_NON_15POVC21GG03955HT_015,True
231634587,15POVC21GG02835MINO,"UNIVERSITY OF MARYLAND, COLLEGE PARK",2021-10-01,2024-09-30,0.0,Department of Justice,Office of Justice Programs,16.320,"THE UNIVERSITY OF MARYLAND SUPPORT, ADVOCACY, FREEDOM, AND EMPOWERMENT (SAFE) CENTER FOR HUMAN TRAFFICKING SURVIVORS PROVIDES BILINGUAL (SPANISH/ENGLISH) COMPREHENSIVE LEGAL, SOCIAL, MENTAL HEALTH, ECONOMIC EMPOWERMENT, AND CRISIS INTERVENTION SERVICES TO SURVIVORS OF SEX AND LABOR TRAFFICKING OF ANY AGE, NATIONALITY, OR GENDER. ROUGHLY 35% OF THE CLIENTS WE SERVE ARE SURVIVORS OF LABOR TRAFFICKING. AS THE NUMBER OF UNACCOMPANIED MINORS CONTINUES TO GROW IN MARYLAND, THE SAFE CENTER HAS RECEIVED INCREASING REFERRALS OF MINORS WITH INDICATORS OF LABOR TRAFFICKING. THE ECONOMIC FALLOUT FROM THE COVID-19 PANDEMIC IS ALSO FORCING MORE PEOPLE INTO EXPLOITATIVE LABOR SITUATIONS, AND WE ARE SEEING MORE U.S. CITIZEN VICTIMS OF LABOR TRAFFICKING. UNDER THIS GRANT, THE SAFE CENTER WILL PROVIDE COMPREHENSIVE SERVICES TO MINOR VICTIMS OF LABOR TRAFFICKING IN MARYLAND AND THE METROPOLITAN WASHINGTON DC AREA, WITH A FOCUS ON MONTGOMERY AND PRINCE GEORGE’S COUNTIES, AS WELL AS COLLABORATE WITH AND TRAIN LOCAL PARTNERS TO BETTER IDENTIFY AND REFER MINOR VICTIMS OF LABOR TRAFFICKING. THIS IS ESPECIALLY IMPORTANT AS LABOR TRAFFICKING IS HISTORICALLY UNDER-IDENTIFIED AND UNDER-INVESTIGATED. MARYLAND’S FIRST STATE LAW CRIMINALIZING LABOR TRAFFICKING WENT INTO EFFECT IN OCTOBER, 2019, AND THE SAFE CENTER HAS BEEN WORKING WITH OUR STATE AND LOCAL HUMAN TRAFFICKING TASK FORCES TO BUILD MOMENTUM FOR A COLLABORATIVE STATE-WIDE RESPONSE TO LABOR TRAFFICKING.",MD,MD18750,252,department-of-justice,ASST_NON_15POVC21GG02835MINO_015,True
